lat,lon,2014-01,2014-02,2014-03,2014-04,2014-05,2014-06,2014-07,2014-08,2014-09,2014-10,2014-11,2014-12
29.0,72.5,187.35977372367188,252.06960539113555,247.8576670124036,270.17714530545766,253.1214829638418,8.83711992392806,356.38441927037474,6.861853425759809,355.76301741574747,180.0,204.8319609803062,180.0
29.0,73.125,194.37431197033717,277.77539066493097,260.96834931115876,256.6478072677231,251.38920761471974,3.3659351427461104,337.39655382693303,8.163746194497048,354.3537666607323,86.89882279316451,207.3472271356098,219.3188731186748
29.0,73.75,191.0567864333352,254.69191284812092,277.57491402695075,264.059534542567,243.24630257459089,7.854960058852348,334.09813034697686,336.892575961297,81.17982133003747,325.5055474750747,207.93743901956762,23.503400276948213
29.0,74.375,185.67884013171377,244.23740887159693,237.01545514646875,270.4989691209275,246.3096676885926,11.94132696918277,336.6678131949819,15.131776955484534,30.47232222222938,322.66762763668856,200.18387286558323,22.42801075965236
29.0,75.0,187.00389385763432,226.69923444307295,222.5975728866499,276.9506663483652,246.68336358709143,20.476243193428996,329.79732532853063,33.01497461382652,2.845716590499003,327.791075738457,195.24735232388514,280.03419592970914
29.0,75.625,225.66225820669916,222.2681450391509,235.3080968738999,279.2726934344969,247.82791857985535,25.655586520651784,343.503200561741,44.582361185334456,171.78526302522286,31.25008087999443,191.81697244012094,202.36110481164783
29.0,76.25,222.44508438345667,214.9229919278089,200.74341961062808,293.5810099053901,253.64953659051957,22.869860367522264,351.72424265156553,55.73269246642906,161.92028086803995,239.76437956055088,223.74441902574054,187.84900866050495
29.0,76.875,161.40812418222106,222.0831881572665,181.52784438771798,248.60837510523424,255.1378670738776,17.086648448447335,343.1995204191255,76.70435792984891,150.14476252379896,144.63606198883653,218.84057651224117,179.27836943187611
29.0,77.5,161.60426832611896,224.9112825237745,189.27317451068959,231.13021367406375,232.769573535282,352.0780353655636,310.2690985035339,110.39347341404007,140.74965606095932,142.9687304311356,354.2229593720165,150.01891544798673
29.0,78.125,142.42523019829454,216.74785792402983,180.350675606174,226.0388221588316,210.33964080417942,352.48374748099553,180.16319193676284,122.73823251883694,145.44309869953892,139.9370207747028,19.552571372143355,137.158112521302
29.0,78.75,113.99925160810297,215.58021299329948,149.61802530665406,233.16645450008303,190.47215730301198,4.30374866070053,168.24990850239428,230.2421319005735,145.47350312900016,131.43383400433248,180.0,117.85514255451533
29.0,79.375,113.44625681626805,185.32110569302262,104.40306276731825,228.76391671874956,339.19728073895476,339.27873042396646,167.07249609616676,246.3768865496359,138.04818387406166,309.89719841866724,180.0,115.20550881120231
29.0,80.0,137.87237096354315,169.8087837756502,172.36018544950824,225.63134134846158,328.05790219637606,7.685976801034537,157.99873024637841,295.0873574081189,108.46167522266352,131.19334385291378,180.0,113.41881805946349
29.0,80.625,165.47170233296492,169.93547828826055,195.71424426362634,232.20756065525106,335.51195134773843,21.930824332106354,55.132995054702825,338.4579507628932,12.807544539866784,17.73977052431621,180.0,124.2793307796149
29.0,81.25,146.92780739038952,200.13192277384977,162.32727486064334,217.58954043482385,19.151773903238855,31.231440449788316,153.0687205018111,282.5230783227837,147.0989610143822,45.12612894075417,0.39169099024900356,149.8032461651342
29.5,72.5,189.54744756603483,259.33605930645484,222.8553804930799,278.84805993047263,252.50445201111785,10.675095720597753,350.26602287836744,2.3347503144848107,344.777904930653,148.2298120778068,220.82854412806964,219.3188731186748
29.5,73.125,197.84375605861788,274.9831859575976,242.9689138772323,276.68605646027794,249.809863258007,6.145064164449295,323.53076385089736,11.887866719163533,321.63796824779826,246.20659932622482,214.49216216656342,219.3188731186748
29.5,73.75,194.03163779726643,239.29998284564658,270.77953607510455,268.8574050509584,244.7568500985558,7.917835914128808,317.9902609344777,0.17813460904430115,7.129742490268653,149.17742665955382,212.73470623577964,358.4085419172958
29.5,74.375,192.48772067421643,226.14437455364845,244.31741692277538,262.2150316476883,245.5771559165454,12.358500186155641,323.5828531326842,13.928330265860657,176.73269180014967,26.985930143558207,202.4178061649198,21.973444056437994
29.5,75.0,192.7381893797404,215.6401926424654,229.41763727227263,262.04593078548874,250.4141224884996,13.791327156505016,321.89684667609714,24.294064073456127,352.3247533023173,52.98695922397312,195.0916805769443,117.70808154832562
29.5,75.625,235.41152877164566,183.7372966777135,224.9394221372976,282.2998347148176,251.77525508586706,8.792836340562499,342.280129690307,34.86599328263682,171.7837230310472,341.6764419676235,195.72674681915552,188.2984618316177
29.5,76.25,227.8175515568536,175.80963671391302,175.5132932211296,291.1921963436067,285.0656820329333,8.650598364728703,356.73392729384045,36.61669937625837,159.07846325670025,266.637595779951,204.8865441299067,208.71968599794565
29.5,76.875,164.47345240376964,208.09026083528514,184.93118366830677,274.0441772955743,295.8271687503777,9.13577059880325,345.58733825904596,39.622476594702356,149.9705157942707,266.68651114729056,200.16263565532802,170.70556082917594
29.5,77.5,134.11005184357217,202.61243909919267,177.50926993520872,260.22028615119166,289.1459834663853,351.5842082726349,312.43179610657086,70.04226693728741,153.2957235244069,142.63642361486063,104.65558649980333,157.86193952513136
29.5,78.125,127.43670313326234,196.7999721759335,148.9227033634383,161.1550481263918,196.13632026929048,23.275421454841183,142.26051104013956,250.49189455773404,149.25579596963473,199.62720142503943,19.552572104723318,142.24395269547773
29.5,78.75,88.60461541453381,210.30649871988447,131.85795715588966,165.42946024429014,170.19190697015333,57.11347703854683,160.81519033329124,307.66997746189145,127.60504766616035,125.01857930895667,180.0,125.17000265996533
29.5,79.375,84.01711092133688,236.36395099594577,99.29461926038975,203.71068368593959,46.89994321735971,56.35650974467973,80.39169881394508,340.18661157607005,67.20362005293607,357.3238945212187,180.0,161.038956869379
29.5,80.0,125.17055678746227,193.50776054925868,131.5350602761891,216.45935906213782,4.79828770997643,8.002880927687043,173.44545102679618,284.6831149398158,283.63691121335177,32.197537675693574,2.8079486152977324,149.48167283394753
29.5,80.625,167.78768764062897,215.58387216832946,239.89238860544685,241.06206204005173,3.255831049917798,3.6893823456345984,94.49160556750617,329.2633378129917,350.9991206662267,21.635449973117655,339.67547935940377,132.22765059160992
29.5,81.25,214.26738198133071,228.03400084722242,261.48792094609877,306.44755429297993,335.620491943157,344.2802029047179,314.2246768103323,340.8425814557538,306.28484450614815,354.6590349024576,337.43776465496796,160.6012381962042
30.0,72.5,189.93809483294618,255.02726144900072,206.29403783552144,276.0589787118943,247.31554846409648,355.4711534537886,340.74651835278627,357.33052307162075,323.2837639807149,60.15836951854138,243.74151058102916,219.3188731186748
30.0,73.125,191.68305676826841,268.75904249281484,225.6537772582781,277.24954328504725,245.72173613366823,349.5475601011274,308.99838450056654,24.253604399573202,271.0547324150812,135.99977725461758,216.82918561236608,219.3188731186748
30.0,73.75,190.0085415099168,227.81896298876205,254.9015148005171,265.31999336671703,250.36568654944892,359.735817932693,311.1349410586102,71.04456728523904,279.5739502673328,137.14291374474234,222.0042231083748,350.61130330974413
30.0,74.375,193.85886962259832,318.46100352565395,245.68056112367287,243.70959345265751,251.9265387047545,0.4187458068751793,318.75150215930137,16.728916919012246,242.01884067971304,185.957759408302,217.97000835753985,37.98583663566066
30.0,75.0,199.99171291363893,325.1853979851027,222.3500242218318,251.22487443298962,256.2559053802158,351.0788532353313,323.39059252337404,21.615550280314032,300.57215913881174,298.2821103002657,202.49693829726831,94.30124240972825
30.0,75.625,223.03612711792877,149.99133969444793,202.4854883875393,285.5728042783348,254.6087457010744,346.9443436389215,346.1769260280026,29.498248897713662,177.313287643017,315.2026670571349,199.05974470013948,171.40439898553032
30.0,76.25,195.98384571461378,148.657858179216,164.42824614356783,286.3076085384972,326.73206500154197,31.302478223698788,357.33847447879975,31.545377881918846,169.8732625976449,273.7544714710126,199.1485522014781,207.06219036648113
30.0,76.875,155.7172482101899,182.8067229600974,176.42458961227337,274.5246294857129,39.54699204843627,24.699996998980026,330.55766771918815,21.36221602021163,167.42249639746328,270.9917011851021,181.53894212075568,164.3745565135579
30.0,77.5,127.77871635765464,212.37963194405089,165.3468471416937,193.32990952742034,78.5094317533571,2.9404990036347436,248.67748326067502,333.6712538603757,169.6488139104376,121.93662982813925,106.56701078006063,155.30613019358668
30.0,78.125,131.15541936933658,202.17342731118399,131.16475978578254,148.17130668027053,97.29046540163364,45.32519873610117,191.09987400851614,287.1218353525893,170.29141521282133,131.68648452979647,180.0,154.30296837924993
30.0,78.75,106.5537659909428,116.92743662000959,144.64072681637688,153.15796188392872,86.6943765205953,26.741650032735237,132.41551423668952,306.3642662928927,54.95095702104584,60.09730869615923,75.79563959456951,164.86705968099633
30.0,79.375,133.35208211403182,197.6316190342631,187.76610054440314,228.36341710275516,47.67398802872906,14.993383136677561,197.24501765584918,293.4750935938604,323.1159802188032,26.386283017861498,65.85401014245029,180.278885179639
30.0,80.0,184.93173622544202,232.93759991026144,276.30605219003127,286.9946805204313,359.62847596358654,10.144059598865434,359.54737139893007,324.47883212010254,356.50435465110326,4.825708410183076,329.7849958959181,159.29142273833023
30.0,80.625,212.9686970834981,236.4172741315973,246.91260250043632,286.03678224480683,255.07381836776852,266.8967118778744,265.43368362714085,301.15282312386404,305.2079087156747,323.29668077952726,317.7640898871784,210.7551215341434
30.0,81.25,225.2469383218291,271.7646628323752,333.10530701816134,324.80348340019214,2.8219405506821644,12.516276727145664,31.379326676452546,20.3614687693241,47.99227872940639,17.535477160975088,316.4509214776462,194.45803360647525
30.5,72.5,188.60297859361654,252.2306631307619,200.76272027217027,270.7688131512602,234.23090091456015,336.2690622606788,338.97495770823406,2.1493448005540605,300.0713446974046,125.00962840137052,237.9224385376989,180.0
30.5,73.125,187.0211479002634,258.1828888389192,213.25503054665847,271.8299414563546,234.67077002922352,334.3897507382508,299.20155544598583,37.220402346673495,270.5967285156335,142.7140657482502,233.09965891381344,180.0
30.5,73.75,184.57720515347881,256.45140153013006,244.4863270654884,259.71493529422935,240.84487984810784,343.7761761139284,308.4222170094547,100.77033331987117,279.0931408058737,204.14084975672426,220.1951310689966,219.3188731186748
30.5,74.375,189.3591948445149,333.05540241548096,258.98913402139283,231.18459214525433,245.2303437693265,335.482402302014,318.3294453584815,23.15981698575399,285.3638365263098,225.71825836393526,204.5627442207855,342.9215292880083
30.5,75.0,198.96217481445458,340.41150645470634,219.4562671875778,232.1070923911066,252.75806836006217,323.2916446424054,323.103132132957,30.06600583165709,190.73439143903326,277.3162948286153,214.3280196628103,50.11273116301226
30.5,75.625,193.725812648463,130.51720892186697,170.37538393052813,267.92560195506826,177.8515226832518,5.870302930169662,340.49776974541044,39.30817398286375,183.70459315794216,309.6131745747757,211.4289209501292,137.82240484712963
30.5,76.25,152.67552290856395,144.7009850168147,146.03720911022177,279.14432973815235,124.64884015458259,14.119185135509486,341.2541805513332,40.63136021512688,178.07087751647802,354.22669775901335,203.65879819205642,185.03445474741156
30.5,76.875,152.6641514580903,176.10219209448084,156.9917696298373,156.87118370770287,74.8780342306193,28.587310323757606,344.63224946541203,16.411015652233132,173.45172046235047,302.17592119712447,137.8835436585183,168.19957817410193
30.5,77.5,109.34491086059366,163.75135955278003,130.43444549375698,105.20200969567249,75.79840910180087,47.121485846865205,325.77298721142483,334.4287850831978,109.12877632966367,11.228742543379033,146.30175434390588,143.25958262230256
30.5,78.125,106.24271285466259,178.1468089023331,154.39857275748955,77.91555895977436,70.38587880532987,34.03533260451558,239.37069886830034,288.9678560187406,159.4183214088945,8.110321990963254,57.053820604053506,164.26106821348515
30.5,78.75,155.73768743699716,202.35671250212377,186.06060575481118,33.308907334683724,43.97547160952069,19.29627149711365,25.20071594837574,332.4669143018456,22.398730855645805,12.122744170720704,338.6166271583835,158.0963884908885
30.5,79.375,221.1075970375437,255.6030887659046,257.199704595514,216.07679938031998,22.09971318885142,58.33100253864985,69.2784910682442,121.29998953698396,128.63121261717836,8.730170967778905,301.9946948890384,180.0
30.5,80.0,230.1243442186336,233.73844129716838,236.23583377363354,243.89495146601934,247.69761897900116,338.71161932219104,15.964674102546793,332.43245834679743,357.2723159408007,283.75642252891987,260.2094072991889,178.15104258537752
30.5,80.625,219.22970832184328,218.48564537276624,228.01547638542652,241.5129250907702,244.59847201636666,256.4107700951415,255.70464837154415,262.38016989956975,253.70282223632032,262.05185534962493,259.55736936690664,197.84031265413114
30.5,81.25,231.61403533318276,230.9169576036419,242.89269364988502,263.77911160862624,255.96669886395935,257.1281114288683,258.551885781272,261.0656635472258,251.13497325639463,265.2664594734173,290.39545169484154,216.56909278791434
31.0,72.5,189.83232111983355,249.9033384262018,206.05181019322018,222.73799771244572,221.49878406910167,334.81639666078445,286.3949086650954,359.1321725610865,278.26683158351307,132.16780196303685,239.1038670650812,180.0
31.0,73.125,184.77562693072946,251.1961388801484,208.18651867642356,238.69995794307238,217.78026978114593,325.47932319777937,300.94064611126504,116.30061712528878,279.3277581656249,189.32285272930073,232.31584231442372,332.68192449771396
31.0,73.75,175.39116571269307,250.344550514507,230.4748254181721,234.6690001650412,215.11395943557747,335.04663779987186,315.1386387656012,29.74397798764623,289.851599228213,212.60882055048597,206.98993881695142,252.00042730675023
31.0,74.375,183.86218545009376,281.72367641783006,260.1075431994471,222.72515513426052,232.0921092806684,330.92011214812544,321.8569250896924,29.43314007756824,297.0524938167344,212.10503726348668,189.69830437219227,47.61238332484647
31.0,75.0,196.44093717407938,317.9858536741894,225.69579263408536,215.90272638642145,242.45804854631734,322.97829330742314,322.78550338171334,45.743100522171574,195.6594614304628,238.51831844286994,211.87763734508437,51.57517003663547
31.0,75.625,177.90407221145028,228.95342765464483,161.9583064920397,190.10984570878242,144.43551949175387,348.2384654721043,332.62736348335386,53.25315411496749,186.03407226227495,290.1382052679385,210.40772437860156,108.23945885338391
31.0,76.25,145.12889125614683,131.02283054608222,149.0452087678282,142.1200678828681,127.77545880708065,358.22201541129164,348.72312308373193,52.71438146773784,178.1204265403338,18.47595081443803,208.6111025248956,167.8977734124579
31.0,76.875,140.24743212730164,184.8523960587723,167.79795456991457,118.64659708840858,119.11115790642756,112.72474802799309,100.09663321036429,29.749291353466067,146.70939645136488,70.79744865933392,194.17893569046953,175.23099768141765
31.0,77.5,133.18970693299576,191.31009478854696,188.8242122724087,259.2297552479138,95.65829492015838,53.652105417893914,155.03940058385834,355.3497656859945,133.5820873490265,26.481642389926165,160.87203981008392,157.61721849217798
31.0,78.125,165.0434072582968,169.973203505797,199.54829275185818,258.8504897178844,104.83908379748799,359.0488480096849,31.33135852684628,27.50554017330792,68.9096987770489,26.8931021890738,242.6128007138231,171.5896717177453
31.0,78.75,158.6025937418305,280.4528027216478,271.0679065800003,26.425509373693508,59.98140136026767,61.09268083522572,77.91757311243046,56.620628842188474,92.60229694136734,37.996910203526035,326.74357951401987,188.09468665800782
31.0,79.375,203.69009577833972,212.09080814743965,230.15420179602285,246.6685390480908,254.95726615023392,283.8802436797062,284.03320878310257,290.58780039991484,291.1226734574785,286.0993475150798,282.00801875336987,194.16247276148306
31.0,80.0,243.80151312643324,235.3283514015966,243.02452887692436,267.6196738618645,253.72318784193754,278.76178829557864,275.4660822792942,277.1764653467018,288.10958575318057,269.5930083816039,275.134026229145,237.54534690286633
31.0,80.625,244.66627434058125,236.55733350427607,251.10624745566474,274.41680748515864,265.3725165160813,285.46568176134156,319.98785523018904,290.18723963769753,316.02150242736127,283.93945182419395,290.89783380494947,235.40226421386825
31.0,81.25,273.79596918071593,237.83084753957857,272.65626068744166,282.60081659783805,275.73829686796466,298.2607887488108,332.7306022824705,306.59076784904295,294.83310264448596,281.34861894593166,290.53276607751764,237.7129280611121
31.5,72.5,228.80078500858883,177.46068050116347,203.08943112381704,213.8384974052225,181.25576730937794,329.4702080790478,287.2892389909282,344.3088090628918,281.53874213296336,156.02462535992643,243.08028022116162,180.0
31.5,73.125,177.82694351586207,211.4784236810585,213.13757740208962,220.74122969450022,174.82362517462693,331.78150872945434,306.8407072162801,355.2739115069346,278.5059881104014,202.37466496557494,207.2264466520555,289.82023793198795
31.5,73.75,149.7098186869587,223.56174736139354,223.04597660872346,203.44839348910457,180.76222639480287,338.0266501618058,322.217129552557,116.5558546111838,299.6258258257234,209.03941940205854,202.36319863741446,315.36592142806904
31.5,74.375,171.6566162384403,252.70686057356187,243.70731530634973,188.82195234658894,229.1828804275203,326.73857479103265,328.7017942480022,70.1952292544085,197.77367239661365,203.21120077965406,215.95688569276743,348.8327708715327
31.5,75.0,194.45774020188546,281.795877043061,206.36694566696804,195.0489027229054,156.9069219337031,309.38782231589,323.3243399741199,64.95025703032616,191.8501174264224,224.18981392304735,221.86698950231784,31.491608692935507
31.5,75.625,185.63538232933868,285.40227249559405,168.48372599721566,193.3418521730964,131.8911960554316,281.94685156101986,317.74290433066756,60.45265278048953,185.42318863374493,269.13131514951647,213.6517492510564,65.30368174941235
31.5,76.25,151.59272538349308,177.057916694174,152.2942210622088,150.82103480997634,128.10508717447496,258.29721356702186,233.71816604768014,51.71204874483676,289.78305206004245,302.95664724222524,200.48187670807172,182.0286101578837
31.5,76.875,152.48950611553494,105.32961016454797,150.72326671000116,161.7237730148483,113.96846083807971,79.34129674650599,136.82421634359991,38.625815453529576,27.360120518984854,51.23570273495729,219.59850166127012,164.91786635843656
31.5,77.5,168.106732754605,171.79905325077803,227.39418419427622,261.6240436839244,106.9659370619971,51.45530934659707,47.466436256142046,37.29782948408369,50.13442224738502,20.759128740984483,238.75481493708628,180.0
31.5,78.125,229.99940291119873,263.79218631992006,270.77704199543047,291.4354647037586,113.51666626807975,39.18155394380404,80.41711203531759,87.67288361241299,94.88172064761311,30.77548855962131,285.6890814542517,196.083641092459
31.5,78.75,213.2370280122938,212.8791070083115,228.94969976272586,248.16194367298158,252.51546476723604,275.8557802273525,265.8686102202245,284.40561004189794,264.2528459880133,267.27203938534,242.00364573526815,205.99137654101932
31.5,79.375,252.05678526986247,243.11796097671962,249.82112636873129,267.68510422870713,252.44208481475138,282.2303335511051,264.9550123605983,262.14087259952043,296.3913635076097,265.82924269242517,278.10533551905297,247.74822465971255
31.5,80.0,261.94804987749524,248.95859034337684,254.64452551616395,277.5611003015363,265.4709567737003,279.95362104148967,300.49622893142964,283.7372698294733,269.34017845980355,269.7725498504117,276.2857951715749,254.7509475533307
31.5,80.625,257.3877416361428,245.6401960018459,265.5630569171196,299.5009676614125,310.8773854866449,129.3221869693705,72.34354583065199,54.80756196693777,340.4463757472606,293.3482993215709,294.7166997046151,252.4884018943698
31.5,81.25,254.76415911722262,244.9757743430384,263.4877958865318,278.2563306344177,301.8887947645972,276.74922604011215,29.082529413793182,354.0049120848021,318.87612061544627,296.03403884382436,291.0988027974033,240.40351341005393
32.0,72.5,261.3071840842442,160.6011538896617,196.51743471315606,228.8724771097951,157.3785786583035,333.24623251149313,305.6068602607393,279.729022647257,282.87076260244027,170.18749653894056,145.3971622547955,180.0
32.0,73.125,219.75499999948659,179.54467559320193,208.70153720609974,210.47152551028532,160.94465740531078,354.43951839000897,319.19623270841004,354.29357670824334,295.35646447042996,219.2363468204555,200.08837341582267,332.68192449771396
32.0,73.75,122.06708756608425,186.62649712654675,206.7209949338253,192.03547783379503,140.58296292762097,322.6896731661095,331.6865280649306,340.1753570731908,171.60522573051026,195.63934934383386,212.3970568655597,270.0141645927025
32.0,74.375,167.293115649177,216.2046724869152,204.67414403592494,179.39220191559633,136.95716264892994,302.84212653822254,333.3219587129997,108.68698240577899,186.9309670193057,200.39649485447129,214.52531498157504,344.65315043613475
32.0,75.0,202.8679878942481,266.5064130742255,181.47212425862625,179.59667991464238,132.04021305680374,304.3925022580915,324.61067166600066,62.25640419664223,187.24368900269937,226.41337355414697,220.84258786057433,5.5805938262599994
32.0,75.625,186.38353458301935,240.42251416541365,162.76693751462557,210.24932143617895,124.24107094238241,296.4432720959926,308.8498893273484,57.91487850685263,186.17323521556298,306.8429097955322,219.96318809676623,115.75169384050251
32.0,76.25,155.7731026418864,183.67095130754933,146.27723689846897,157.5448259903794,118.45708508037355,287.188498320211,34.26816401673503,45.94792970973265,101.05727294597996,21.7550990954806,228.30685852792888,159.47954694341595
32.0,76.875,155.05947264808228,152.56070038686977,165.70671951558813,125.83593231552739,98.24668898195628,20.19034789919605,36.928000377175636,52.394946144111444,59.66441128379064,23.61550122514878,237.78584578984237,149.0965964846503
32.0,77.5,169.15063484765483,171.3177839104041,163.41170420985915,71.32268365069368,38.820549248559175,3.802335099246915,59.62099229254311,56.6535081084937,99.10469521834618,27.61062423768517,281.64806087530883,160.03299114993408
32.0,78.125,201.8597930992638,213.3867865714133,210.83368077685617,242.81424137588425,258.0251392787612,291.0217504406657,341.621590190701,327.2816578844885,342.6997825343193,299.58256199884556,244.90763769653472,182.86726211304253
32.0,78.75,240.0887762884417,231.0417879637009,243.35851748812328,258.3399154931546,260.9116631765506,296.83325074402046,276.93451593544125,285.7838396932431,222.30556431389036,282.7978103992243,275.2966977894219,242.32862932439508
32.0,79.375,250.25953002894786,243.59507929218464,255.23296717291873,273.3337171513426,265.56403527684205,293.88510539971094,274.2177039200032,284.7971256167451,243.60207806665576,271.2139050443619,274.3458537040047,260.2694346907575
32.0,80.0,255.42999000245905,250.1460920499028,256.98034297939313,272.77361434737014,268.0888512183448,286.0954449820255,280.76939604444715,290.9426279563057,258.5254522569001,275.01290964353905,276.91051695931856,258.0416698363596
32.0,80.625,253.75990216322202,245.5773975168253,260.72525721438393,287.16920985676654,269.0805726483347,263.4526291783075,244.1827384254585,252.39025841815555,234.92421666332623,315.49889209117276,236.02532008754343,258.6341301684611
32.0,81.25,258.97395981470373,252.7545886512222,265.4313949835068,291.58862262423,270.3460964313944,232.4250661276219,223.99520814651112,246.06840539098545,250.54733600662652,356.78799999528866,289.81041691091144,266.27988541945274
32.5,72.5,127.70712181610111,194.31062400562448,190.66139453715232,246.61865826500963,168.73800263820593,334.03024814710255,307.7521354141932,276.8523610906059,237.03666585626007,223.79678583121122,147.28840173110007,286.82506495636807
32.5,73.125,189.56412709798641,188.18675130936566,202.52418378640883,219.0106307902179,166.8405914383088,348.39241365045757,315.6836717586258,359.79662833397776,171.27590842594063,134.03889833597398,196.49469749404403,332.68192449771396
32.5,73.75,146.22236715123722,193.5458565672015,193.56021907962344,198.90546227113944,122.88118339873735,305.5192055499848,338.46681908787286,55.01043074625634,176.75394031615582,193.46222922772844,195.82995381169903,270.0611480830442
32.5,74.375,168.8818514472184,202.11426058542602,187.07184040444963,174.36281941396712,137.51588319304702,313.21202143404537,350.58950550874016,50.02522932119419,180.84441679531284,214.4188289654594,191.8955433301219,12.922624825583386
32.5,75.0,200.81749044824335,260.36227844971023,170.2680328638328,202.23089604045813,128.8085980402338,306.3104936499748,339.2730231295116,79.6434807792791,244.92563198151828,314.29516741562406,204.9633099438972,356.8413165971539
32.5,75.625,184.33178878548298,193.62764456904034,161.43832891485977,186.6024254578702,117.81963570843085,316.8506852388368,26.750060101376008,52.564026100651965,153.66164933676623,359.38371621216373,233.87793646882312,187.44964117589413
32.5,76.25,153.99784938667892,176.31630018469508,166.1665130434734,163.17213191842524,135.4152268053344,314.204755462303,10.600655226548755,1.5748380781399922,10.108994588369235,29.2815356241024,203.79266719900684,185.50591640664095
32.5,76.875,181.92631452359387,184.2749417199673,168.4936285583855,204.21701482040302,161.76319762908764,13.425621837375417,24.95793262078161,12.503054644585465,129.72577304603465,108.52189166865652,228.95608318522275,170.6609759129726
32.5,77.5,208.703095576115,209.0326866972206,214.12828558781314,236.4235422187461,253.13967936444186,299.37292226732393,281.55207842566017,294.68120496040865,265.7371039653338,260.2644477050993,233.09355130013904,180.4151236392644
32.5,78.125,230.16242510857575,230.0513136460418,249.5933071056313,264.32904229422604,266.3602283121101,289.3488184602444,277.62372681326633,272.45602339654874,245.18796441921037,272.62666567420354,254.23601632375392,213.64042458580397
32.5,78.75,242.08583828957,235.0062088284988,246.7711136834497,261.6596435471629,266.7130316921159,293.7520860176817,264.79037271423346,280.72608731363687,244.02353598758566,275.90142412558885,272.590805152951,244.226449533184
32.5,79.375,259.9776079374341,239.1081165850988,259.300649295358,272.25944272068375,272.6965459639075,274.4361606266798,250.57850624601633,261.4644352071139,232.74275014843664,272.53938444106143,277.68438916743673,259.42817126781557
32.5,80.0,260.41018936713726,250.73784628716916,260.77934686990375,272.2405973037858,264.60532322169007,269.75458903995514,255.42591797982493,266.6030058210429,235.1058264689506,274.99406769874935,275.9873206576035,257.89412840221695
32.5,80.625,263.24181439841595,252.38804217463786,256.7491487951144,274.52222400476774,260.668818866706,252.70352121802,239.63359445551626,256.10943167782847,234.51735421729902,281.40934749319445,268.1581902754194,261.1701359620241
32.5,81.25,263.4689349984123,256.2536107163438,263.55392415861786,278.07587358186515,261.37882448852605,233.0222408110053,225.95817621524276,247.97017835250358,244.71562082692455,281.70822814601286,264.96857596771133,262.1707208114794
33.0,72.5,108.40938651155032,190.24844578905876,192.62663671062174,243.18237477570347,148.27063309076357,289.7109707033848,337.4070349470121,299.40409268005715,338.65975119861486,189.28193441839184,170.48914139462266,286.82506495636807
33.0,73.125,117.68684564899661,184.87937991914396,200.94911752646306,237.43010394394554,165.81349711329497,341.1142026886457,325.8031058686456,112.0847646912597,185.2720017529718,181.25839534851514,183.0644431001764,253.02629633692908
33.0,73.75,102.00368803785511,186.2233089042603,182.85984530985817,215.5067146503983,165.71096816943373,336.41034786084595,17.892669525931318,32.16393774954051,170.68607894871803,305.0284599646382,217.90636414473627,336.3604278801261
33.0,74.375,191.5293198219057,219.63115832981714,179.42716098717034,173.64053849254742,142.54344949036172,356.3893051993003,23.284709001305515,54.31858140817952,182.74111811944283,10.904308075500632,207.4323316413419,37.25320141490995
33.0,75.0,200.10120175760207,174.84899618826867,171.6152076159464,184.89820534665608,123.51191398293878,3.8001844633047823,0.47451100899948834,39.39032208131973,323.8726933721313,339.24207827113605,219.40171831251772,37.18742198813202
33.0,75.625,160.18224022140177,170.78879494807498,161.33113516392646,150.18415070229995,148.30245338299574,338.0251294678227,329.5935312199837,17.1223565381052,358.51215069515587,38.30541453012805,205.77079935588355,36.44175875504433
33.0,76.25,169.76657245220915,191.12059111613712,184.8354722750296,206.70103713296535,186.37426229677325,18.079842889560723,30.544595368329134,34.72636975981198,189.98330283141223,198.85537733008266,197.72291179970162,144.8266787613957
33.0,76.875,196.96575920383916,206.7799475196746,209.69496553076746,234.65267053985426,240.56790258558482,314.1352223688233,340.8789047019319,291.1738276927252,248.47636035277532,249.64900557002395,234.60892160414414,184.6898139064296
33.0,77.5,245.3207601193736,219.89275554543391,242.21964515135767,249.8727937537617,254.5856588694803,284.30042330459014,261.11512810829316,214.05902918644304,228.49248247724006,255.16480867761197,240.01130663141092,306.60996825725715
33.0,78.125,242.51031817781723,231.73809731458107,247.89576678330334,259.9875329433521,266.4382699924984,324.98172802349984,166.81095291854814,200.87487015795745,224.01815236555953,268.54139244366377,257.6842942906999,218.9799027469648
33.0,78.75,241.31968103637035,238.84694412262184,254.9255287552275,276.4534129415136,286.8205038953974,258.1110081679363,232.80587959463585,246.03332941848947,230.26612561121857,269.24285086478216,277.73181785057994,249.04958540690342
33.0,79.375,257.7386215895953,250.72511462922327,260.71577784193636,274.212502527988,278.1006945550757,268.2031128288253,241.0878008472742,253.23998444352367,236.88142268601416,273.13884144783634,279.93583619044796,259.72976000851224
33.0,80.0,260.90772895779446,253.7477481067101,264.25069257143207,282.25615215011226,271.614265645446,256.36321962707433,241.6614325877389,252.50153774507407,242.53468542350055,273.83215502845184,278.88624310311576,258.3699602951236
33.0,80.625,274.59163570031154,254.87319987117854,266.744110584899,291.0101698525285,266.75269350617094,233.0229285245129,234.39670811354551,249.75241648443833,239.895955745959,265.596758163032,274.8520267872692,256.4145229706554
33.0,81.25,258.4535626453261,255.39899412574425,265.5577707295631,279.0584098300323,260.0902346790838,233.77557357007862,231.1701911959506,248.44420841153863,242.67473081660603,270.79395377805434,267.6013358136614,262.4544018102391
33.5,72.5,87.25662256402344,196.8511630704491,172.80600348967133,253.01491621137876,243.77748004027822,266.8753162558087,324.0161428483257,266.1086334581068,308.4286832877914,198.0905094745856,139.95276002461074,270.0
33.5,73.125,194.08937629511175,201.72184190374264,220.32386497162818,246.03244971420855,121.0040381802602,279.0891199094567,328.0254154300557,342.02376638651555,260.9156130026421,94.24208005594522,182.97883330765205,251.83289547890286
33.5,73.75,131.69062667200782,184.19767791754086,184.58316966504006,184.488425050136,134.0978594675915,14.810660064750842,351.892209836559,0.6418662087766978,287.68729633991813,86.59278657919707,226.1961617707977,29.393191448564945
33.5,74.375,168.43606279493216,162.72855056190699,173.81056915693804,178.99827612438924,131.46092687679123,49.54429732901863,38.86707803904468,52.644415797778805,6.728606419378225,35.433460948519226,198.5383330175318,29.806372559228567
33.5,75.0,168.2141245892642,172.4641365955662,187.46878224941497,221.77624729049379,157.28473357943193,12.410655563180004,28.845848155751476,27.288554564878062,8.771855102864777,31.38512815432778,225.27145629544304,329.2299946589754
33.5,75.625,173.90453775614017,182.0159294919969,183.3040851003623,217.79902910048875,193.21732675347698,14.700077015297865,31.018455335342498,27.57360788759228,60.92443489518606,51.40447974183703,223.1528833393148,163.6538857544624
33.5,76.25,189.86649465285117,196.6360583657594,203.56236049844657,234.54965779863443,226.35402283122858,281.44724706994504,355.9779069277312,14.38136884050072,258.36571266593455,229.85806827289068,231.63599311562845,182.5656391625288
33.5,76.875,215.85445790136131,213.7165133845756,225.41707880046187,249.68873111460107,247.963520226602,287.28666810366207,294.2438898203012,250.25321822418806,260.30443119366083,253.51705586877347,237.2817149992129,209.26959706634747
33.5,77.5,239.18345505485024,237.50234995307983,244.72981400452693,256.2839953927006,263.9350060459404,275.4849382923756,284.17676654855325,248.46760893430184,270.02377683025566,259.4306755621183,250.95451198305693,228.94710666099468
33.5,78.125,244.3980321873756,238.76319254967382,252.17514503542537,263.71005067462295,255.63910669044725,277.9564399008299,199.70088756845848,228.33450160156642,248.99013536384058,255.97168292770823,257.9951123138178,232.40262257109285
33.5,78.75,244.18179813609066,241.08069206564363,258.5057377070783,269.94208837140405,248.16447634894763,249.08314165268465,242.8042354501311,236.8082252266816,246.31667864107726,281.38760363931544,283.10016495091907,246.4139492936031
33.5,79.375,257.01401184822714,246.89841736465206,259.09990257694966,269.8094826091262,260.4749133462167,253.80664105565157,244.24220954320805,247.7184313850824,248.60845493396087,277.64643997328665,277.3522592907819,260.03997703145234
33.5,80.0,253.0399279473532,256.4149395270291,263.8650684854417,279.12948563192606,265.0637997860942,252.58485379171742,245.36304755128833,250.51178195308242,248.073014226235,277.1743682990358,275.23451067475486,257.7808822509783
33.5,80.625,255.770787075746,259.10835192713273,264.96322655871904,283.43425859461945,267.0301066251691,239.39037861852478,238.5644313979123,252.47174774524967,247.31750757966913,254.53952275669747,271.9779737329799,257.25191041661907
33.5,81.25,271.3398812079705,259.61107938999663,269.5599766571012,279.3048671458308,267.37818127801813,236.04622963436447,234.02649589652245,250.57073871431894,244.7914560555402,265.74734609778346,268.86622407792913,263.2288854849751
34.0,72.5,71.67070776770704,200.95090586308052,162.75193105955825,204.6612353937961,110.95467550951241,275.34044214353463,323.10939752406637,282.46321340301023,252.03645836940683,212.9781420413241,333.53980868756184,180.0
34.0,73.125,147.4885552759133,113.28079582639155,198.0295680554461,163.11800036161742,119.98133588568588,336.0097612345002,352.06642475694366,355.1327756432125,285.04846637620085,90.35775077386981,171.48306129375422,260.99771692329807
34.0,73.75,190.67005459038748,164.0377374928579,185.30642607032857,184.14369692626062,152.44340360913944,7.409592264209612,328.4214297716596,6.4537361162024975,305.72372462117505,182.23349405214515,208.12457352416368,248.29240063456405
34.0,74.375,167.3071790398685,146.2407894598767,193.37001862006412,202.55363780451867,151.12378006115065,35.66784020532743,30.523556743222265,337.06047950201526,323.34717011426176,286.67064235366405,228.09780530173862,115.44859363706826
34.0,75.0,176.492148927677,188.18422689516098,190.57044766924372,218.8717469895192,188.12482552350517,0.8491996168318707,53.13315848272337,46.36185040198374,50.41170206696936,268.33654909492043,230.4725041499656,148.83217003663412
34.0,75.625,184.1261688182424,185.537617822033,192.987897660467,236.11524180995048,206.07896391732845,41.99666191440563,59.59339493012105,71.62987924325729,93.18015429645492,227.20292699151946,254.52128225704607,178.8254958172283
34.0,76.25,203.9360336839558,218.87935720874117,220.1709904755009,242.14122560000095,242.91124689747969,282.7948071473832,4.335565635105213,350.70304543913227,320.92537043697604,263.9251183841669,243.55722002680722,202.1911812844959
34.0,76.875,231.69922938162907,229.45750843530598,234.19405542689813,250.63256191723497,245.24625775168974,273.267297408859,267.4620230218866,245.80383488056276,256.2581105408405,259.78855348057255,242.12751523649177,220.45164664737854
34.0,77.5,238.0672686552081,237.5253489606917,243.808392417732,265.1386425821971,258.2969238521927,261.3653302671876,266.084072702994,245.96346780713168,264.23212961607237,257.92114732392224,262.1623780697455,228.7654705748188
34.0,78.125,253.22714302547564,242.19972245372475,249.0615585111691,260.556963746375,252.4156643017335,263.0900331984146,232.6641060256249,234.55549871257145,245.80408083261824,255.6122910689246,259.7284165446078,239.94812100449266
34.0,78.75,251.5276101815457,244.57197391024158,255.3107015978041,265.8857352099497,261.17128934236723,269.19985401373185,242.69434411468092,241.64473431261015,263.8493138442036,263.59651274929865,270.60800079548346,244.38128463662673
34.0,79.375,251.11693263586147,247.2725648855272,258.9580779696446,271.16391348127195,266.77570889929467,257.7804385265532,250.239218009053,248.24518871606955,254.84274356449276,261.43650115166326,269.7600512750242,253.6882910370009
34.0,80.0,250.33726666332595,251.42084085073708,260.76649816878745,271.9909549717485,267.9781973995332,247.2852052573692,253.32434182797303,253.32792836909118,251.67841490623644,258.5487574465386,267.218256109677,256.60351492681605
34.0,80.625,249.22790005188276,253.04483732606775,264.28519165639796,274.1958194820577,273.78972220207436,225.55833055283819,245.96875044928123,255.09365835456498,255.7862958329227,253.41560049321552,278.25813513611456,262.8367921223287
34.0,81.25,253.4424856454022,257.8625619148349,268.1762913026151,275.76108112998367,274.0476875170516,225.8888393383609,248.94948928162378,255.05732013029098,257.55167527444763,252.02553291943553,277.3474418209511,267.26493829818145
34.5,72.5,116.19850878714311,187.19683298753375,175.51312152407638,182.54557870284196,108.24983117095269,299.5421608192986,300.3920102743665,295.81979550909017,266.31260399617395,218.7354244172918,159.30340187480402,180.0
34.5,73.125,156.39614825863396,182.77576502599712,175.39095611148863,183.069313911636,129.47914800949735,308.6365281437337,320.51949960739137,297.2643781823381,292.86242238806364,278.56855503201723,137.3699431919123,180.0
34.5,73.75,191.1595379395132,197.69581990421216,203.77725857961607,239.88095401299643,206.81089305337397,303.6587118905461,324.5589627753767,315.35244465995436,311.96084199186885,284.98789136877366,163.74711459482614,163.90822367525334
34.5,74.375,188.1626550304454,194.03064796548838,204.69674960058498,234.8055782008562,212.67867206595378,292.8121269264549,328.54343926235987,320.4170461967461,320.5838393236042,284.8949328967983,235.04165934005243,174.43409908137198
34.5,75.0,190.03340771585235,189.56159223717995,188.02573737636143,219.53011539496288,211.16680893524966,320.69370096948467,34.851532881425875,67.72794816714419,304.8507173561531,253.24681505721668,225.73561312494704,178.06801819645946
34.5,75.625,206.57666992623834,205.53938960517812,210.92020950453715,228.76083805745378,234.05266066868165,279.76683087312875,274.54323358463205,290.6783363958625,272.0974438094464,243.05104347411958,233.8931568494922,201.1905924974053
34.5,76.25,224.47450020296696,223.27195889130053,227.25198518189973,247.6487046515818,241.54735537059668,267.9167002940621,273.3650359403541,261.62127890012755,270.6462885809226,250.87150844793692,247.992554177435,208.44695173435332
34.5,76.875,236.5541442199646,234.84295608435212,237.68093444137435,258.7678260259101,252.91879839964838,256.57546242283047,251.68740803647717,248.72096202008083,278.6443973791863,259.1484458454016,252.56119124337212,221.698421019336
34.5,77.5,242.14778469627123,237.15555162908092,240.32878326162992,260.19414611748044,250.7380802299614,259.05562524462533,239.96774521575952,231.03254590227996,247.97871690323058,258.88558957446605,259.02165248238754,228.8085387712664
34.5,78.125,242.59718493464322,238.16531808395752,241.6070551707701,261.5869622452169,256.2170944036882,268.0867588850339,243.28145503904562,238.0091211774336,268.20512287604754,264.7089587156672,258.9743956565802,234.3324665704588
34.5,78.75,250.48176109287607,246.70486119218197,252.69851251887192,266.4701466563629,254.4303625354978,260.92806660483313,241.5382032153883,242.1323661825076,263.03324250532046,258.8509546936251,267.4627933431337,247.43427464319444
34.5,79.375,256.63350130465284,251.97452871584727,261.63727751462704,275.91154650541455,253.1191931243426,248.4159956625008,242.2611818982433,240.30526344761589,253.38167644484156,260.80287269487917,276.6583119224938,261.03343567012666
34.5,80.0,257.3742883874863,255.53460932539855,264.014232164027,273.78579082155915,250.9302893227645,239.45753447282317,242.49938671403146,240.54480740082732,249.26464799629,253.56289237705818,276.6662001814863,261.82548329246106
34.5,80.625,251.93418647901697,258.09960103626696,265.56895991071815,272.79326630615503,254.69348766712994,230.74146236008312,242.3721727382058,247.22915584598894,253.38489845492376,249.29130121870196,281.91026475993334,264.4106104491957
34.5,81.25,252.68732034095254,263.07281206619757,270.724642703452,273.38991353616905,262.8308821145401,229.20740830934344,244.95863706628643,252.86793769399375,256.5663748786349,245.85478329702102,283.73066978935395,270.89586955566665
35.0,72.5,169.8879999687394,200.36009133348503,191.67205861666156,220.5472270924304,96.2958357609944,347.56722809260845,332.4552433427545,312.4760891387681,335.84243355402583,226.38848258932146,244.10286885796802,144.7793798503633
35.0,73.125,184.40311429914593,191.6802280832924,203.67328273961573,258.2117778297506,194.52758798602056,348.3154435720593,319.70624730418825,326.6468780544536,305.22248591869993,237.90967926777114,231.99417927454087,161.67060919763088
35.0,73.75,199.20682082102178,201.88079098492668,202.77765362768508,263.03824883320965,240.18700736767045,252.68420098783565,1.4511594897509552,349.14773276804806,333.9722241006898,250.7660006264669,213.10785950278523,252.48017870994798
35.0,74.375,196.43967077601624,203.85289119204847,199.9759763283122,222.5215042806517,221.98394101821242,300.2556613813889,320.18527228337183,303.1931322887739,305.3153374468068,253.8360052153416,238.45318714997796,207.68095066221147
35.0,75.0,206.47370993414333,207.14151212479916,208.07399387728142,226.8921952049316,228.76880673543909,272.92877132193007,277.293107784352,286.0308872302465,285.99890430834876,247.88057695215062,235.06242877907135,204.3304319259473
35.0,75.625,219.67426082797223,217.11988441141773,217.66787717280715,237.8825319840163,243.3368705343821,263.13596103923646,249.69247970081676,265.04134140525554,273.53224539384615,247.1101819092725,241.9429316277879,210.74837878625326
35.0,76.25,230.12125881834302,225.59862856137894,228.40939050173574,245.3411223383856,247.47536565888504,250.284128846108,232.6289768424756,236.4435030896936,260.39613082662686,251.74036370155022,249.86469409117575,219.00326119129812
35.0,76.875,239.26114222434055,233.46012803187367,236.7289819451501,256.6990619551421,253.61035926043695,257.24742800220565,239.46038927675016,239.31052522605896,271.5809521675235,254.96053650116176,256.5283086372275,231.2693822509057
35.0,77.5,237.25153748424282,235.459474822868,236.66505295394637,254.15614245359802,254.32135071290642,255.4950985522414,240.76908799295825,238.3176045220497,260.7451253652924,255.43957522232876,259.14504407965075,243.04214237825164
35.0,78.125,246.47530279911143,240.2660340378588,244.40765442405927,262.75927402902374,258.4843195534139,262.04058917569614,241.5981171006638,238.83325293282357,266.7642936621929,265.15799978207025,260.99695055399,241.64859807061367
35.0,78.75,253.6010587190919,253.0495404226702,257.34436901562594,272.5115616258159,250.9293649320152,252.97742468573307,235.53374563114545,235.55787328542192,249.62469708818412,262.4343499266535,273.9978587920291,250.7927083142392
35.0,79.375,255.0182929592009,257.9772527074714,263.6038681176841,275.5268241660678,233.01429982056277,233.53030915537335,225.29741624359806,226.9465065565881,242.01753354845272,254.86776692300242,287.5327547737153,257.913443706905
35.0,80.0,253.2008457781083,261.0806879844209,265.49225938272184,272.3980704940838,234.73534485017393,229.79125744951563,228.46622876884408,231.357232377668,243.1015559467391,248.29563112392074,292.50751896154634,259.655674828978
35.0,80.625,253.7995505361178,263.2845918002656,268.2517664913086,269.7281470682273,243.68512207370935,236.6113799164774,238.49967812480728,244.0057355383231,261.5030583894387,246.0718182004074,263.89336776023333,263.46021632500697
35.0,81.25,251.82579316185647,264.68361785765774,272.60235915367775,267.6453383649558,243.05385456578028,226.46648854585158,234.2291454061673,237.94552203440895,258.6627287939736,234.08982917563364,269.1738463251691,266.4421088141539
35.5,72.5,232.96990525041903,179.30062629154037,200.77356923193557,234.88638834443518,242.36670521429946,303.6743854603832,304.1912303452027,300.98113023477373,303.7677761718206,254.7598387646426,236.03697771403426,210.29787637549427
35.5,73.125,201.48553280343668,204.17510647810693,208.48974822171314,250.8644955898697,216.10216307493857,264.2723576700271,340.35878088398744,324.54041559660425,330.69807806869557,280.08656382203105,243.21548784830654,188.7445037922079
35.5,73.75,223.32382229911673,188.4422342020364,205.79748577258013,243.46462431664048,222.72801169450113,248.4527849310254,265.4238467091067,257.5718014307439,250.56874481587073,242.17723832205837,218.85876884891604,185.76237030230484
35.5,74.375,216.38807451520196,211.6125291845389,220.0791162776413,251.01083194904402,235.12578593678705,248.94542793879594,240.50804662888487,248.85750933744254,275.29404311417863,268.6431303785598,236.10253928598274,215.20260561769766
35.5,75.0,220.13842116193103,220.89609906481837,237.7925833231776,255.54268485212913,239.4020965578014,248.41273667269812,217.5807540324471,224.74211344125425,253.84140827457628,234.8785794945877,243.44117976016253,229.95162943933173
35.5,75.625,227.8992485542381,228.42627176296122,229.47329171229842,249.37447842863259,249.63199829570942,256.9809093753131,229.90448552737004,247.01733319963455,274.7295755766434,251.61140031680742,251.94764428629495,222.5136585419545
35.5,76.25,231.25528190785192,228.20097167412442,227.5088032251183,247.13745122814345,246.71882139049745,252.35468138507065,233.09596226136134,229.90133018049818,268.6491782506656,250.58959406656487,250.15580719409013,227.60180801845684
35.5,76.875,235.36667029359648,233.95794590439442,233.64689285963198,253.5706676562478,252.15555319276703,255.7901579627764,240.11477494165723,240.02611998934935,263.0198126961124,251.89241146348957,256.13051461314166,237.61722475948494
35.5,77.5,240.1060803003225,235.9639810080268,239.03244385398418,261.0161441346003,258.69315996659566,258.1612303341813,238.74396315430852,242.29501207290343,279.37263694800464,256.11669791324425,256.2370433856198,243.16849683661263
35.5,78.125,254.4537444466119,249.08817630113012,257.8976408414652,275.4560909003013,256.2836786939455,241.91647409393656,234.4719682550519,228.02561535065615,256.59650986860447,272.8019378071622,271.27677427653623,250.31826561762455
35.5,78.75,258.4812978682044,256.36956559148337,262.25552449599724,272.8904170720268,248.99756882745862,251.51114363397363,232.22546753422813,226.714371885401,245.36400874611792,268.82823074080557,269.39742987865066,252.29107437260413
35.5,79.375,256.76391860571766,259.9668740742063,263.71378242325426,264.60784480459563,240.14795754936176,229.42322184309427,229.56109183311466,224.1696768635253,239.5924860706179,250.29791200012397,290.64130254152997,256.14531775814334
35.5,80.0,258.628014477589,266.8215010704789,264.59346540743843,261.11089948340793,237.2094063493363,223.98796649969773,226.795800664802,226.223668275071,237.00798685308246,247.98738896530466,286.05049139126976,263.432243256057
35.5,80.625,258.87291831433566,266.8068691628541,263.29209901543516,257.16693961593353,236.11030865272073,222.63559194838567,224.45858314006665,225.9843687838812,237.19431014266058,243.62975105186993,277.6814439138672,266.4936962975069
35.5,81.25,258.5850488997397,264.94796283434425,260.8837420286074,254.4444597311729,238.54182084490446,218.52698397140463,222.63094200914256,221.5976090375571,236.39539420920386,239.41053108929736,278.4162841982028,267.0489387789119
36.0,72.5,244.60652963858502,235.87706295239812,227.14536146760705,260.0675424101595,276.39204432643095,265.91033992687767,263.21525090144155,313.7764608572533,293.45750376053667,262.70015412220954,247.17175887201356,246.7792511966737
36.0,73.125,241.4608935323019,231.746958439444,223.82473517975828,247.4119880985161,244.79551708834808,272.9437911110207,295.1517139485442,277.9116160931246,273.99200263228715,258.50922572160783,248.8150077973968,236.8944727413333
36.0,73.75,230.97730231174458,220.909848728457,223.69756774909266,250.40151430834018,225.32008850172116,274.20662485329683,332.2315062193696,246.21480872573756,235.50487720136107,244.14369373948074,242.84177014600817,216.49929099771677
36.0,74.375,221.97396788976081,209.85220957076072,218.4095920131554,238.1999558186701,232.72414592039024,256.2235537544305,265.9748604005386,233.39375491786612,242.08712133325162,242.61966226226252,235.32121879526775,207.90736959333725
36.0,75.0,226.1921584819824,222.26937913846933,224.78427717374205,241.08779063108912,236.86295941053982,242.43318834315113,246.5261351076602,227.76464262308423,261.768482790913,241.22708947372848,237.68447517156534,213.99392419283262
36.0,75.625,228.8491598072948,226.89858003986265,224.84933110131294,247.19451147722893,248.80519142077463,247.87892506439718,237.7148449070055,230.9277770839343,262.44745372958005,245.75999283127214,245.19209342144256,226.94688526615988
36.0,76.25,228.98946704022552,235.01324792915494,233.1548045623275,259.42864589328417,257.73125759360767,262.76495737733114,226.78911507794163,237.4185487989088,256.4261266975114,261.07580827053187,256.25859790288956,235.08025740344033
36.0,76.875,242.2612166400508,241.42524218214777,239.249192308344,261.06693942034883,255.07523267404514,259.2725879689333,230.92481652234252,230.75565112008968,266.26158046947256,259.05759640893734,259.7825528687176,242.93586281823417
36.0,77.5,253.67594929479148,255.5556613560833,253.09078933681297,269.5053501567477,252.9412615660019,254.06883080255898,235.1282027070659,228.5792093069792,256.0065648513922,266.33891244393453,265.4185761461891,250.94603765560288
36.0,78.125,258.43639716893676,259.7701849256326,264.56274701429896,269.4408617079996,251.2136444882242,237.55472759738018,237.43419813326312,222.39592260629377,247.16555643050617,264.21581827669786,278.0593914882081,248.2338416298474
36.0,78.75,255.01402006087557,254.68959141777822,263.13317262507917,257.6948688250628,267.59796164419924,226.23349876238217,225.05649874256252,217.39485025216615,242.22744867399825,253.6403587881282,281.16875144358244,249.8790199193769
36.0,79.375,249.88148060649908,247.81536921951525,252.9113948797113,244.36967642176648,257.0020700286237,225.36919868056899,211.77452997925232,211.03449800891863,222.58292570605443,237.49977377667557,263.68034673916605,247.39484197773984
36.0,80.0,238.69572871625252,241.9286345549832,256.5630735697066,237.53163840871062,255.95609164322278,221.38526638089658,212.20058708446086,210.83640430509234,218.78867846532546,236.23724445284154,266.7719459958703,255.92556111734478
36.0,80.625,236.8644795881268,269.2570908413091,246.73454785021528,216.59985551947423,214.0330161524225,214.82093482726827,202.7081111185694,197.99217969279042,207.45730461526423,220.12888130210104,264.59275877150253,0.34323466442450623
36.0,81.25,234.35550608671724,214.815292236923,235.41262431527446,202.09107082763208,204.8995530959299,199.74986250235065,189.95617072047628,190.22891555498387,190.98730929570647,215.89410868574055,255.7904497249107,353.59143055337626
36.5,72.5,240.88510152090547,229.9217909161562,227.86506966381535,257.7473565705658,255.46197827654413,257.9075029047214,218.7233049066205,176.28984942222175,272.2299629893918,256.24102294389627,244.9742841547155,245.609880942019
36.5,73.125,243.22457531694465,236.21158337084262,230.41979369272056,250.59748223403912,251.84235883436097,255.83455540967003,230.69754386334984,217.56412400010757,267.7046566118634,254.04273897407617,247.86114370503316,242.75685528860805
36.5,73.75,232.516773097914,225.0833203188615,222.04274017093005,237.32924381057722,233.15567533558152,253.04425239566265,264.81049386443283,231.26180028554862,264.32776883179423,243.55824662599622,241.16110767173961,218.3835220769451
36.5,74.375,223.39053384878818,215.45012040215286,215.06466695496272,229.42877767239742,229.47174342280698,249.84321092097207,244.57126667512796,229.4128295770499,238.01903701554033,234.06474398223583,232.13550468221337,212.08778482317342
36.5,75.0,232.07752534171922,227.45218472067518,227.77767933727597,254.18825890832994,246.6562422531868,249.90202708864362,259.81287251927546,244.2810394979711,243.65141587776327,250.92352217266756,242.0507271206402,231.29182260395146
36.5,75.625,243.49005423058907,239.48172027755916,232.90409633383405,251.45540072022888,251.39764336881046,246.06482251074584,236.85505811787618,230.09867610125798,242.83615033641806,249.12093984874303,243.45944952169486,239.17171265611972
36.5,76.25,243.82642964957589,249.1209496323824,242.6047512866623,260.2859751308219,256.1249132100918,246.19009299246073,234.35711491364373,229.55258201683637,240.76927041778464,260.25979729128034,262.28009375559805,239.1602682592336
36.5,76.875,248.98620211347415,254.93661755654495,243.9915632554986,257.6714525758279,238.60222061631322,228.5996717076514,217.3283901590738,219.548823356539,243.6429079594381,252.4749586251139,267.64855794417304,239.82259180534908
36.5,77.5,252.87369213574948,259.53367663253465,245.7674287542,258.5777123108704,238.9120626312614,216.99146646954523,201.55285823777697,214.48918991662774,223.900450437151,243.84064101497535,284.6849721604599,246.18704701295076
36.5,78.125,252.047119992479,250.35289034619132,244.77929333563264,245.83454625853415,240.48820955119925,232.56583301284996,212.86535240938449,218.71918170065882,225.77828348531153,239.0982321975288,248.0863610514003,239.8488772409471
36.5,78.75,224.92071830320415,288.8196478012087,216.64361433761965,221.82445168761305,211.10422411481494,207.26752912515903,201.29310969298447,198.5260323713641,208.3366598738382,248.5911806121484,259.2544998161543,18.373282462042443
36.5,79.375,224.75949678834192,235.25425660575786,247.84442115246753,223.92504075020406,207.27623559558944,203.8811006190572,191.58680353655217,202.10809666519748,207.48367288621125,233.9095458922131,257.452650517994,273.79979772230354
36.5,80.0,208.16885961419462,217.32194686956836,348.4412008381955,206.54294991476368,167.2792724131889,199.3945852009611,194.6733251271337,196.4816728811589,198.86169048772763,202.99682460608977,236.0136606450956,303.33105961037114
36.5,80.625,180.0,180.0,252.90357818872496,177.1182824804949,182.33035262160254,169.99875933184344,184.49278526661803,202.61926410683242,205.2904365074911,200.86518897775136,201.32202834337528,202.90469174466435
36.5,81.25,180.0,180.0,245.46691154765392,140.39902529827023,76.26927426776508,166.35053168595456,176.73304947905453,217.7275210529136,198.7018343449078,249.7227671978215,180.0,198.8683768735159
37.0,72.5,249.8690469027312,240.4329443889697,228.49215722828566,269.0253206318968,268.92236763247155,269.8041838521764,243.91390104608766,155.94324965615692,266.4241932950295,247.97768489970073,253.4684140707067,262.2926157737577
37.0,73.125,249.18797714643972,241.54407087277593,231.48384527007056,257.37534803968833,268.53455066196494,278.13811245146474,236.42173738601514,207.8704901068896,279.13676696624844,251.54650181911416,251.4900104467962,245.52492786740996
37.0,73.75,241.3283208047783,236.4151639257007,225.6735929577229,245.51138836015775,254.38779152369858,266.3959251516557,202.67594044223208,226.86355834240914,271.7474410836986,250.4813439779448,244.8640325546968,241.33825453502382
37.0,74.375,243.68400370430425,239.2290006355479,230.59199359940905,244.9379292134859,247.17497771317855,256.9081597484235,180.19086371092453,220.49854557985324,253.0235369091813,239.2839090335038,240.29513447757728,242.62323801017277
37.0,75.0,241.87074919026713,240.1858005076005,235.93003857308088,255.43081791298044,247.5635607513143,261.3084543869937,217.66076884198245,211.21647574387737,244.94912853856107,248.80168506573858,245.60303114870828,242.69692896632955
37.0,75.625,247.67709058507074,244.63080855900762,240.2987310927868,256.48876317093027,253.37050373667282,262.69364398385983,219.27114771630823,222.52570115587253,247.58839644776538,250.8485875625024,254.70426281148983,242.94542355118512
37.0,76.25,252.78359757045473,249.03711522194067,251.70870924771845,234.81285185060227,213.2976485993836,245.8631270366405,195.86787981789936,215.1532681108759,242.01348126514836,238.13812410165372,254.64286407777843,236.85336295255985
37.0,76.875,359.92643660684587,265.71534241595555,232.71530582851855,182.8397573482325,198.1407295109611,203.53970735982824,134.90911038958933,231.8910302308882,233.79426767910866,262.3076483294858,258.31928785091026,49.13895387712107
37.0,77.5,300.50097354518556,21.3861504513066,165.95817339192251,154.80844556518815,284.7157188001591,202.38196383620732,146.5225075571831,128.11048454823506,166.12499886324244,8.931112178919703,14.235143174647119,49.222110471821054
37.0,78.125,213.76666691313235,238.1138014977555,233.4620565613933,230.33582271472318,202.80438758931237,217.0972278286903,204.55863735432783,205.18711393305603,215.45158140390325,220.36300187014646,240.70893915657643,225.49754137426783
37.0,78.75,202.75228530242518,204.21390878909529,194.5568872497056,205.56670507070598,130.20795746660934,191.40305713629886,221.24544390783507,184.05105988853666,194.55928445780543,166.0038467701982,201.02033116169858,204.06678996304765
37.0,79.375,180.0,180.0,184.01906047425769,184.35920402686267,127.9703868397627,171.89421014309457,225.15490185765188,181.87425692771473,210.38503125995834,187.31452732996098,180.0,180.0
37.0,80.0,180.0,180.0,180.0,168.76943403847503,109.26146099882806,175.62668003833764,236.49149572990075,231.58691248539415,217.6805894424117,221.3343870754038,180.0,180.0
37.0,80.625,180.0,180.0,292.0456435210145,175.2675338437063,79.61650515949566,173.67298916377936,222.8515911352319,239.8271933742378,218.27447096320427,225.94825015770923,180.0,180.0
37.0,81.25,180.0,180.0,303.02827759179024,145.8240087861476,68.22238293377535,288.70619773494593,181.59059438559157,199.71576323911512,200.2606315019717,241.44698112383008,180.0,180.0
