lat,lon,2012-01,2012-02,2012-03,2012-04,2012-05,2012-06,2012-07,2012-08,2012-09,2012-10,2012-11,2012-12
29.0,72.5,209.70507396404133,180.0,277.9843116117605,195.87435001333276,322.9766773686202,30.679125042638727,26.990515583110742,7.858039457092037,143.6788769221572,214.94937802345856,180.0,241.6376258316737
29.0,73.125,242.72269924484448,180.0,180.0,243.33957784837185,277.4390232806176,37.750598333662474,8.734560415965554,24.081385853795297,151.01439214621735,220.99206674967417,180.0,180.0
29.0,73.75,232.07885909929863,180.0,235.34901060739867,273.46191281059816,313.52079341874463,43.89581687383304,354.20244078806616,28.31885669898041,153.22166830421452,217.86997196804327,180.0,180.0
29.0,74.375,229.13927510951686,180.0,233.93494543831076,269.4825214454655,322.30003795199644,55.392445389511245,350.4813846428349,39.702728572065936,142.97488888726522,222.02108570365837,180.0,188.90354448583096
29.0,75.0,233.89245569052468,180.0,241.17178236280463,258.1841286151955,3.89770265085401,39.776889302434924,352.5155535645808,67.79038581936008,144.75276947186018,228.51694226443743,180.0,179.87522406373122
29.0,75.625,246.21645627429325,180.0,255.81514208031396,228.78860691319724,201.66248009528158,83.72621969697512,336.2269921139783,95.36561700612246,140.43116168898732,244.39684198490298,180.0,189.6669235706392
29.0,76.25,250.49038157929095,180.0,171.64059865566531,210.1567565264079,223.90152042774767,117.11427554436942,312.72001258680535,108.1093857951417,135.95766697157836,257.2581411620427,180.0,206.70960606336263
29.0,76.875,245.80219496265966,180.0,187.0144888686893,173.41414195795707,268.87182379952344,356.32416048642534,241.69542861678886,131.07874093542836,134.74011293795377,259.92633194235884,180.0,212.44418962304397
29.0,77.5,224.98136307455025,180.0,276.6760240934916,11.243030169229659,109.22790548837125,107.75479297224412,186.6101216647402,157.57324396813814,142.8964599794332,261.2683285195106,180.0,216.5413431912375
29.0,78.125,240.0292192277878,148.81889278941725,258.0300657186899,344.65304690968935,180.0,298.298433934796,322.6872426885642,163.43059666181327,158.79002727716653,310.30891408462685,180.0,231.02429222725917
29.0,78.75,234.01343225235547,179.9703182881775,246.82190625026072,318.6106324793016,180.0,300.46590461968805,161.13240904643004,164.50141576060398,151.36338777787023,297.60287499684574,180.0,146.01572000627178
29.0,79.375,153.95251868947256,12.900160145275924,203.78411145102157,309.2224778736292,180.0,308.89642113114354,260.364723144954,164.5572728151205,198.380771336637,306.89501321773446,180.0,104.72306099073151
29.0,80.0,136.08938741043227,189.6978203950544,174.242091966326,338.76214193429996,180.0,321.58429096941967,267.19281336525853,162.74407538794782,156.77818219672648,237.81949214353455,331.9160566929644,207.00251705198872
29.0,80.625,139.93688590016595,237.79411183692926,172.5399003463841,3.3108191035890684,180.0,326.87181082955385,310.4271248743755,39.95464830310074,309.4534165108312,336.2232104302004,7.753134696030019,211.0729293739327
29.0,81.25,139.64033874425635,225.84078718432048,184.54958251730073,345.1159459274576,32.511037996227905,316.61215273630455,198.0035911848951,183.12176867820537,163.1559684026236,310.21789442625646,10.240007244730133,320.9574744167553
29.5,72.5,180.0,245.0631772842263,234.90006022037682,207.3782455750256,300.4869045633392,27.27714165309996,1.1654673067734433,8.769556311559363,150.66830781686082,215.9477463086166,180.0,188.36246894693446
29.5,73.125,267.6849406405961,242.03319794530813,256.50502340920985,256.0661005057301,277.4390232806176,348.7856473755086,353.8364992091438,22.230329086632747,155.25402875404376,215.4315013200736,180.0,185.4496355350787
29.5,73.75,243.23532590059602,236.95617186025748,261.1082603902746,285.2400924229207,311.0854104036254,257.2295445289443,326.76791362795353,23.29452137309807,154.21782530442073,228.07792503017646,180.0,264.29550030918773
29.5,74.375,231.37574376369116,180.0,242.89920238637282,288.4982927757118,344.5623111201011,257.71584125104556,333.9642188231904,28.380904261887665,153.39576468257985,223.0776692252441,180.0,213.21667037925928
29.5,75.0,240.92140020560032,180.0,240.42842066703682,276.4746899592659,7.169227043279818,31.770741311521114,335.1929347561113,57.9975123380621,145.8198748525123,219.47465383864417,180.0,180.06995001851703
29.5,75.625,261.13418030309333,180.0,246.29939882887822,213.79063209836684,33.182642395754705,28.295920863337816,313.30538684449766,93.43664234154387,145.54401179990947,229.53928707621296,180.0,189.15573367243906
29.5,76.25,245.38414516830952,180.0,226.83312058076046,148.1631769042713,180.0,205.76145770678855,298.0548804574795,108.15454515702999,134.81752921405712,236.615880508749,180.0,189.5195758627181
29.5,76.875,233.91487423903806,180.0,265.91659782269676,109.97834907780928,180.0,347.3821339954459,201.8166563032306,139.55509807364217,135.41252923842256,241.54420539867658,180.0,161.50488289231623
29.5,77.5,219.74518821956943,317.9392552487914,273.7026396023285,29.561008766435013,180.0,309.80051994312055,238.76617746663055,167.44141910663822,160.49755465093102,8.785699982816956,180.0,158.552522158265
29.5,78.125,225.23575085208583,138.55173430819815,278.8385268847146,21.914715201643194,180.0,315.6021289096469,307.2505345398308,171.34560822641566,202.1946536423407,306.5940786705879,180.0,202.29681716408268
29.5,78.75,160.8934648979171,154.9991482531104,233.3130400880695,358.4450054540661,180.0,319.80604794473703,339.5868603755126,153.75191536614352,266.9783487325493,302.1542203638517,278.542979230309,165.15291854044642
29.5,79.375,154.8554647412024,163.1445595560441,185.47558198573856,7.828900293773644,233.20188406557702,332.61517056355524,315.437781056434,81.10148041928916,312.5417793677292,339.299280000235,16.780293176567024,183.4547091826815
29.5,80.0,137.54380687315953,237.09886175347674,240.42632251121938,290.40916367881385,236.64707750398873,323.3793682649639,200.82197949431566,153.5913698467507,151.61050163199585,6.696958453709428,11.315904990969136,159.8674610752311
29.5,80.625,174.48421455092273,231.17210413122228,250.20056828828717,320.9206826369782,1.5652692329055555,336.5092853184074,288.57314649859524,68.3881574053723,305.21667872919113,338.11847853272786,8.192785502315434,217.49004769994903
29.5,81.25,195.67134672600315,234.5673604994269,260.87991786374926,321.1251676340575,5.685066814680138,324.7825998715265,283.1061498215262,329.79599842981236,346.89307450938077,316.7669732912283,353.643051609772,261.6453903465386
30.0,72.5,180.0,240.30490366852524,235.14020801009514,256.8531941157279,143.77725539662427,246.6388846023251,328.63137240719294,8.110797783347133,154.88218274020713,204.60010937901873,180.0,171.099681288293
30.0,73.125,274.87940343004357,241.97917744298923,256.5780903687078,283.9654873925767,180.0,227.33313925373824,327.1356391342539,26.392928920936463,160.33313169853997,199.78923031582548,180.0,174.05405419921695
30.0,73.75,242.34405696276178,248.86465515125053,260.95823641709785,314.2005318317118,180.0,212.66778789826952,305.1262107824085,17.648487579384163,156.55389163296041,232.47199787799417,180.0,215.10848247158646
30.0,74.375,220.8333937603769,268.44218399973056,243.6818593378622,278.54041748006875,180.0,172.67532364977234,311.78293029729986,20.010571769180384,153.7896044032001,186.6565233391686,180.0,175.5367999430714
30.0,75.0,228.8544151862648,180.0,192.7998107568161,115.9715129122798,180.0,95.08316466016673,318.8302146129702,46.474211384037865,150.39145661948479,183.4924060322181,221.02510965918808,176.99165528715804
30.0,75.625,240.7275378336431,180.0,267.7617036835884,105.0260224357295,180.0,196.75852706775095,298.6306317705834,84.70832793115643,141.8373400268928,189.16456513196016,221.02510965918808,180.56990677713486
30.0,76.25,224.53188955814667,180.0,261.87807273790486,96.57346349138548,180.0,250.02414275163545,304.64030019988706,123.89781539362994,133.32820163280766,180.0,180.0,178.49642198070703
30.0,76.875,210.390217757593,180.0,256.32151251249786,87.66510164349197,180.0,235.40261983666457,288.24136450751337,204.20158947394842,158.64119908698294,297.27658210852064,180.0,136.0246524975778
30.0,77.5,201.7718001588481,317.9392547002502,228.47607328495442,101.38118967139832,180.0,310.4540871655091,212.74562999730878,202.07354973913067,180.33022748263755,0.9519938627462433,180.0,141.08917547705727
30.0,78.125,186.81176843661805,174.84077690707906,158.49646745028232,74.16460557214303,180.0,310.93762904866134,290.5353946909486,236.37482376305763,257.6123169132922,304.01660718009975,298.91613801390065,94.43041938273247
30.0,78.75,162.36769312847596,179.4706101121194,222.4994908393179,8.818512160861252,248.1272443002475,294.8953904593893,294.9738892930834,106.16029507698961,297.57590613340545,329.64375604609904,317.0353151805797,106.18283165794496
30.0,79.375,163.36941484929807,219.22428387258503,256.15556078817576,288.2025334454742,50.18527126791692,9.691934849203843,236.45633486826915,205.2587850585305,258.39928471892836,321.1361145053394,355.9845507939553,185.8050683364259
30.0,80.0,206.59260562196323,246.1626873400463,259.09821438129757,322.1500632533433,346.9008213569633,321.36232395599234,312.09631345210727,30.572120087625272,302.2493137164883,333.4534745182177,4.728459559597762,269.0795180493625
30.0,80.625,223.30437094620802,226.577488717828,241.6853388823253,286.42203244099784,347.60213694315183,280.8436342035588,307.2381113771104,240.81064233435546,274.54889931107226,303.0063340496681,333.1420932471673,237.4486715699312
30.0,81.25,203.61042281019027,252.4072288966371,296.39668449685973,325.22248829626284,342.5980024059458,344.18641897563884,1.4063161689833736,79.56920121626436,31.20389352963737,3.1974534175784233,287.22845388586495,253.01757132525654
30.5,72.5,33.62159228859384,233.07334345667877,210.23729571824143,283.2268457008775,125.90769812838641,259.99620216400353,214.7531174016224,6.879316549388429,150.05858960096148,210.19018715546073,180.0,170.52203515773078
30.5,73.125,303.8769023694669,240.58482826327906,204.20479206896846,307.75478991181325,263.45525229956905,305.73026458981377,300.89691983927725,30.2962992409331,156.55148974295176,231.9125286533409,180.0,171.34947222746186
30.5,73.75,238.87926095919326,248.6011015697084,237.07501353611477,4.240720200727301,251.48612912520178,83.36236561702998,312.2115049833746,4.135821528489358,158.79871520045828,241.29429602686278,180.0,150.60415378517092
30.5,74.375,207.5962258935347,250.83913974812958,234.5331267726261,177.6429317343531,260.5773998884989,231.67621739303274,318.19046049304933,11.417181737497197,154.21009728867426,236.93494094364723,282.45406193215734,166.98897930537174
30.5,75.0,207.29469551834703,248.94680453420273,193.63866641538877,150.6610472962699,180.0,267.2421613741505,320.51539021912623,44.51261819199232,145.56578208394822,166.23760541586267,281.05311732919307,175.9427619899548
30.5,75.625,198.76076643171817,251.02915688467775,258.4190623322174,277.2803515844844,253.19078502534722,242.4156248300526,318.8082202041846,105.0572518301557,139.8453179063181,180.0,285.4741057513769,202.9484856287064
30.5,76.25,170.8253595971664,140.02285483656584,255.99942601750837,159.40889522846166,254.44623057439003,202.097349210466,331.3143164892472,181.07854030868324,143.71797896236495,180.0,294.6542052661535,193.41985186404483
30.5,76.875,159.3339160336214,289.8045336147401,113.38133949524098,78.6517108534923,180.0,233.7352293713773,313.8325696218672,233.9510440810067,191.64295361015778,312.4102693771148,122.2055305491421,144.84060326423136
30.5,77.5,163.91526221082492,137.40796412329402,26.991851172014023,41.2828065254859,358.19619940557493,270.43194500031166,334.07757928689006,9.482234988118588,328.83687638613446,341.19521866548064,355.5842525780347,95.9070220803282
30.5,78.125,142.72804395261704,171.72303097134454,252.36289467708377,20.94140394557995,29.309412961149558,21.392785787039607,280.59363129847947,263.777373008822,269.13062854647956,34.57006386379561,25.032698809064573,118.86139431772233
30.5,78.75,182.0822548237822,209.65213894428493,266.0437664541164,343.1629198000679,2.758113893875649,45.6308377828581,346.9795968915164,13.749127424105124,334.9859968412867,16.487166937653917,12.843674320847915,168.75050962992813
30.5,79.375,261.3075464313614,230.9956683746831,180.0,291.3414288095222,1.5570470062004962,40.35399111495923,102.26843675582381,69.07559399706835,109.765904463656,34.4577387880568,30.9637206083913,269.58556007834335
30.5,80.0,236.69988174546083,229.16406656479492,247.6612225364605,261.7204168806169,284.96764594382097,202.9570781557472,317.4958463596749,32.76031419783447,303.3541747488127,268.0432346156321,240.55064678735437,230.02248846928845
30.5,80.625,219.11492676813964,218.17468745235072,232.44348166424538,254.5343842630537,255.8721696597706,233.73190180593235,261.8219171718341,237.16415578773658,230.9178850527676,251.6587535806762,240.73102295079207,221.22702613156068
30.5,81.25,233.734114867641,240.4954826104741,237.9020180592546,278.99735652296636,278.9730177201795,255.50085650195652,268.3264671792179,245.12569726801067,237.5941593872845,261.4626516626933,263.9223170534178,219.72976385568634
31.0,72.5,205.48608078415873,226.68913022129377,143.238617625221,279.0942085568672,293.5515468973971,308.3114828438213,234.80498877421394,16.304878941479327,161.05123243591174,220.03521773836914,180.0,144.46216483894744
31.0,73.125,63.460445019874115,210.94961430771065,252.02194975496116,317.18859289480787,291.98175737348276,59.59232268357377,272.75940289957816,356.01735411210615,158.49088724946375,252.1133759006783,180.0,146.54688770833488
31.0,73.75,144.51459081840565,218.6971104710368,245.3159035012842,256.83935763064716,259.0584030482545,80.34227435018424,318.32999069394265,355.5716048447342,162.4113213721581,212.7664131371811,319.0379058109648,161.6870261807566
31.0,74.375,181.7147561577502,227.87056005237656,251.18632158081945,161.55566677543956,272.5648026817094,286.8984804644831,321.52032759554015,3.9501314159782304,157.16991705067807,210.14597339396659,272.0167263836902,161.658342360948
31.0,75.0,186.5786207528793,224.92913564220945,208.63112818125006,194.42964623752988,305.16042643051406,268.71153171295134,326.4392120707462,350.7160873400442,150.71050038490068,209.61809624134887,275.6161633627362,170.0442250115363
31.0,75.625,180.8821625176704,220.41365970764238,68.57233525083629,211.01842034942112,255.33389105899647,259.4480741240824,337.19232267558004,174.27998526298538,148.59465919244076,212.58882151681493,280.73676154464493,203.28279278336473
31.0,76.25,168.37754448631128,180.0,68.57233445836492,136.36046857290683,253.32124878714788,198.76711183630226,353.4565749911345,166.59875160572514,156.38728537764084,265.57955389970334,300.3855372256762,189.30826345979642
31.0,76.875,157.30004526729576,160.20034806915498,141.2117916772018,95.77663225753166,215.3647637480355,198.969215169573,6.810930478215992,219.44323241532882,311.8680839698793,66.62750036660535,120.97124156106766,158.74152537899286
31.0,77.5,159.7879679124302,179.78478945999848,261.446035475025,84.5265550219795,286.6380063137696,91.01283262075904,341.6062200426913,259.00998670393665,296.208323540027,14.34063220254171,81.51180341677856,169.54739130551386
31.0,78.125,179.23228182522524,211.9562102297617,211.14579385959038,60.1943685280641,265.0937250706292,129.05882983246354,358.86898149996256,45.43474192187744,34.0454739234575,44.567091574908616,39.10850714084232,172.54131258759304
31.0,78.75,127.93816186087805,244.26359477023345,291.1796193174765,326.96706804184225,3.775616649514521,111.17742316264815,37.573496692047,71.53729069515421,63.656461068487964,56.87517520512066,83.72897696393436,230.37555059697002
31.0,79.375,258.4694287833217,203.00461573582422,235.0339835300299,260.7401609077598,289.3955470312733,249.1471698641896,274.1562620735827,245.19066508645795,246.41599797450067,267.23867947623535,243.39532461169068,214.4362465227094
31.0,80.0,244.13397443865648,256.21116077860705,263.4589413247427,262.34828445153295,280.77452978052884,240.50407922045295,260.6095758210555,294.9636894654649,241.96861111266188,257.40189222967035,249.3053519782053,233.11164400953118
31.0,80.625,249.85326082046387,260.204140151829,262.5103194154922,264.5352341249146,276.4166909601818,244.45879866496205,274.7777195627483,333.23309193629245,273.05106435796176,271.62460136869487,260.58732811783943,240.61685959914752
31.0,81.25,264.96368208692513,252.2361333060894,289.8122026561489,284.4259846335271,309.2919243489548,292.6789522533381,300.40080866737793,288.2807319249558,258.5793966647155,279.8944776046872,298.2714156440704,283.8777658723018
31.5,72.5,208.2245061342323,209.33911582494653,180.0,175.76123961728064,252.77711197708248,180.0,255.94002473069642,23.028647046299692,167.84646296271853,236.17006914579068,294.81228330684064,160.89987415719625
31.5,73.125,84.71197805108213,201.5596138036015,245.5143867433365,287.2581615119079,285.90095574098626,72.9339522107408,255.96176225016882,357.5537646670749,166.738647692056,234.95735734104522,299.9595736420277,159.72427610410517
31.5,73.75,145.3866147220942,199.3473584581132,251.80486449391356,269.85080477860095,279.0161584515338,277.0340835651472,303.379342331596,352.20502775828345,166.06537827233734,197.72725618814715,246.95448715437146,159.36643239212478
31.5,74.375,161.83050903216474,203.53718128968072,261.91958954081446,275.1365869522974,278.92500801783706,285.39463897688313,317.76168988263623,2.6218864980265693,143.6699163349346,195.23248635761084,277.30620911438706,162.80426365726026
31.5,75.0,176.11905748161686,223.7903300448318,180.0,254.7148394630661,308.0912854835943,270.39967595426003,332.4239877047765,249.39837705576815,140.15899354336113,187.32740904918398,277.86548978624495,166.0162890649035
31.5,75.625,176.096749442167,223.7728568583529,180.0,183.57847234756255,306.65372917697107,246.6937595219024,346.74522971456526,233.38579881937636,144.2337593115048,164.60115511565314,271.8343735883743,175.18325309597023
31.5,76.25,162.78009569828728,157.56642492496366,151.13247147533295,181.44929778486946,180.0,245.27230688096373,350.3144853823709,279.1842176881763,169.70178744466656,139.1151662833991,257.77714633211554,169.95739788395514
31.5,76.875,171.87340560555427,163.54848399910975,187.30126586111822,115.10041508296787,290.949451531612,116.72420188170089,359.3734488260377,247.03958665164592,303.76678914492607,116.77549273651032,180.0,157.9631627359151
31.5,77.5,178.84548175735134,183.52277608026748,268.9049931884064,170.271049162031,266.39352795186085,101.24384310484068,338.0975164514926,45.527931734721186,50.02166438612836,348.9081559894466,78.3500637622128,189.34363364611
31.5,78.125,205.6053970900425,247.08112690893404,341.05491460248334,172.5385879093498,354.6989383454062,95.6497050458046,78.5340479784391,62.97250514996287,92.02704151473176,59.60413001126583,175.8137888461155,283.95664869701824
31.5,78.75,216.3389928817344,230.2343158686789,227.83832678523487,251.10790976404985,258.9272722433899,246.96269319440313,279.63770610294034,259.7003177822345,243.15388682382695,248.92423057028478,236.0096015494309,217.35130744938175
31.5,79.375,258.4538894368258,258.447432593173,262.70130518222527,258.31042770887706,292.39874653042375,253.59362735042316,272.1650864809719,284.90718627736123,251.3589900407244,266.4170675679268,263.006670061356,264.44922141239294
31.5,80.0,260.13596253164206,263.708321901662,273.54830667554734,257.87889636993845,284.63952687582287,263.8128750266111,295.0135733405263,324.07874312394836,251.49205311316848,265.88022875558244,274.0888427779671,268.9253579463293
31.5,80.625,261.02749362279127,260.7873902988846,269.1595427596526,271.5765987783403,313.87174163640134,41.80648376177726,34.29283405247408,41.41218312944135,354.6764021387749,303.48311911594175,254.81003395957623,265.203375891412
31.5,81.25,262.30014283320276,258.3610404907771,261.2017019499435,278.5579979159661,292.3713759035891,278.19841166877524,329.75740361852513,352.20889785403057,298.2968890526691,282.01081894820857,260.2886936633558,262.93375930022063
32.0,72.5,181.65046457530386,204.6866496984087,240.50789469729747,186.15227096385286,189.62078567626668,39.19027420800979,282.1496911373396,1.3286139288510415,157.2711917123141,242.62089131394077,294.81228330684064,182.1075904933534
32.0,73.125,168.45574952904778,202.64863770765476,238.21263172260825,226.66042675411583,153.21493853663324,26.258949084990522,261.705661423732,340.9588128037903,167.8158671284636,237.1121859635357,182.6010079155885,167.6337811694372
32.0,73.75,158.12440085170468,188.06264335696437,235.2211524936628,246.28254359949528,286.21078337498477,260.86036042861485,269.1923161486748,312.27919510533127,160.457894071698,170.58604241769834,199.77556968948025,159.0741376876075
32.0,74.375,176.90801750290646,180.96042237261136,309.3043508779192,304.5801916617711,289.03149715375463,258.5144216175297,299.5445212747864,322.1824101640715,143.94256216136864,156.9346513299086,286.92425829179086,166.98493188268648
32.0,75.0,181.66152145798046,204.06214227013925,180.0,222.56558442038002,180.0,289.11200816221015,334.3915074975115,238.6849633016202,120.28409119231155,152.9261452781544,291.3342749260046,166.48845665686588
32.0,75.625,169.399917328472,192.7792108656157,191.170189586257,162.62841842951414,180.0,180.0,357.2309394821593,234.7783853369607,109.28316378802408,141.90404969503814,286.1039900257575,166.80266959534507
32.0,76.25,180.0045148144592,153.77819055710202,166.52990721276836,130.82110359964398,180.0,152.04361933564897,2.1589074951003115,353.21577086075285,55.55214113044356,107.77650943008484,192.592552791802,169.69505198369617
32.0,76.875,179.43380154929847,174.48233301303756,271.28559625981444,99.06350585517374,61.2210795806949,87.94603096068256,18.757258401275696,61.52402671265486,57.70759824241416,61.176445890106855,179.92602361179829,179.86181746407732
32.0,77.5,174.44148605114898,182.0482443986595,307.2784697184161,85.24335332401941,77.84697129347241,60.5475288870985,29.80190506882769,59.57559084869196,91.56314021761808,41.84517861320343,163.13273065210043,159.39828480994456
32.0,78.125,213.73101282039875,208.85111510529566,217.26223531335143,247.25990529324872,251.816653820768,274.87488673968755,316.40773641151634,337.1163082817743,267.05215642188125,292.2782700375766,226.73456008293198,202.42659468692543
32.0,78.75,243.508245112934,249.99102130223417,260.8356494029507,260.4263185911204,276.32496211299247,267.0284798768991,285.5009502725128,325.85749943264216,263.4656668921399,286.6698076949877,254.3767930796042,250.17453345681645
32.0,79.375,258.51129205589075,254.43068597103252,270.74320224725744,255.99822415536596,283.88001407991175,258.1895749666849,280.1452283385075,327.2598792663854,240.4696039703061,275.80182796921076,256.5011562240953,264.6843559921882
32.0,80.0,260.89676093673535,260.5610535050548,270.61170304552405,259.3531935777312,281.9512712801426,264.15621667834176,279.81596632380666,328.4200642638219,247.63670179334073,268.78917610212306,260.62281087138166,267.79179552867134
32.0,80.625,257.08106424388785,263.819073298193,267.43910419589065,266.4383268153528,267.18718322617497,218.59504715134327,264.9894549018117,287.5858974561868,215.1316723050957,257.2108468254813,241.71693965304272,268.3442037913946
32.0,81.25,263.98796527749437,275.5677918993998,277.84742040267497,276.4638256140212,324.9349689325801,45.48106935987942,342.22314679011964,231.062064741703,223.85341001280472,264.95184546805007,243.8022804189324,277.3183761349844
32.5,72.5,170.44043822107656,205.27244044527697,257.3100764169846,192.35107440885568,44.99637914902362,39.19027201721862,297.625080900426,358.0340129801345,153.75439478013053,213.34131048418945,191.2085782481127,170.83366409574847
32.5,73.125,168.3827997436061,199.63087616553506,180.0,186.7206991500803,286.89170570387273,278.9441045818325,311.2936801660794,323.09183116147386,171.55727556842243,231.99399243033128,184.96514305113013,169.11583544528858
32.5,73.75,179.3445351755993,188.94813482457704,235.25503247945704,217.0750574504547,288.867740291422,260.110519020844,298.0871656211511,297.2335074474447,162.22168433916877,171.64622161859708,191.88659534443877,167.63938042508488
32.5,74.375,190.55148747062512,169.4319666281453,151.09341290410632,318.8834290074665,288.945116731873,235.19323214317973,341.55299584439433,33.07152288356588,138.1719990702003,144.2768877145447,275.25008191777493,168.87731909606802
32.5,75.0,187.57265984261872,181.13438812453754,216.16387347551364,169.19414081344416,180.0,180.0,341.87869937118427,353.78849236181475,132.89131432182953,142.71117790700308,308.63763957519706,165.7847129849412
32.5,75.625,147.20223409912703,162.4621711705899,206.84729275700005,161.53839112439044,14.878490975563977,331.7339527415801,4.243423028198662,344.7835804320102,70.84209373737514,138.99056392936092,317.6935066118094,177.78586478907917
32.5,76.25,178.93386689722954,169.41186101503146,198.93025315065194,139.91145267719406,61.85770115962555,92.02605628127972,320.7658511673592,310.5650235434831,333.2185364894502,65.37216869412991,165.06953293453918,190.80552284736785
32.5,76.875,182.5542850316707,188.6123888390526,216.79366663825303,216.76300751494117,54.53733193609792,80.25539995995968,15.839498428014789,20.836369935226987,57.60667486556869,163.30097888005338,203.25693751170266,170.44801313019522
32.5,77.5,212.62593682849567,215.9294716761394,228.4856696906282,238.06315019466825,252.15034322117697,283.3458039316008,280.0380250087846,289.4652966673334,247.31930436990646,257.0433230870241,230.55477150080478,209.49863008077836
32.5,78.125,232.54508775266765,239.4254341459279,263.087405735986,252.80977019270048,258.3675718635317,280.9041988548139,276.5878947530953,266.90600962965397,249.29572433980132,261.743952772124,264.7848176989483,244.23433442967743
32.5,78.75,243.04208396614933,244.36579147564981,269.82786886127224,272.1378442231329,264.949059515437,269.2503063304279,283.27149947341456,306.3488536261273,250.02843095489573,281.03409823663037,256.76977033394076,264.63701292290807
32.5,79.375,245.61433347051423,252.04162360349733,279.5632362968325,278.2486572255519,269.6368231081552,259.65594122763196,260.38561092606955,303.24675699360176,239.87753709385083,266.313390645157,251.27198268778145,275.91836989448103
32.5,80.0,261.2382509117847,276.60949529945776,279.5144102413698,276.5014549722222,271.9470302744704,260.82439174536086,259.0238681917426,320.3053833756088,238.7842772076054,266.7870305960758,252.39710226392592,272.0264598120341
32.5,80.625,258.5701230655096,267.85661403576125,289.9380854603671,271.8895521557606,276.86705092853214,245.89851793320173,248.5150308823309,289.0284956968165,219.05372081147286,268.136203432089,255.28537187343815,277.7491170868544
32.5,81.25,264.2757464359018,269.9356230353959,285.6611488595367,264.4905258921049,275.5304415532289,247.26303751182422,248.16977931766834,243.24549981238312,229.46800027143001,264.64311157842815,280.6773592442072,281.63884858920113
33.0,72.5,176.66903058459454,201.7580691451986,243.34178472150546,194.4491826987491,206.33014180466333,70.52834164038492,345.8149710178061,348.1389392365433,273.9554406945832,196.4056706238712,181.34180281449937,154.89459582663503
33.0,73.125,165.75003849703756,201.57128058521786,238.00994446842077,184.71952098907286,286.67314751355366,288.438266269621,348.44364855026004,339.219642540826,167.71910840123908,137.93813268493622,169.89336457503597,159.8277363321877
33.0,73.75,180.19380747217954,185.52531273377556,232.6492310550895,180.96269509579525,281.2136309021423,180.0,339.7494554297495,21.266165329185842,156.29809349089595,142.66977574779366,169.68356721346254,173.71724815023504
33.0,74.375,203.09535311923608,171.68372091221687,237.39313461204208,202.37230717268457,288.9421383483911,105.964203096617,18.948673865410566,44.243926099655624,137.98801566832876,114.91380427239856,161.3088653912325,167.5385739661693
33.0,75.0,195.57380275160173,177.59363191515803,239.8917083243572,192.0811516404478,350.24116137845374,91.02775918419812,13.433355453643035,359.9716651049995,139.12689256987636,110.66366820692822,356.6605586922001,178.08127650926428
33.0,75.625,172.6419310601697,174.7499722846853,204.1435887249669,169.04326783314661,39.25044846902133,109.61292756473247,2.368836183286784,306.85172730837434,305.52835051871494,122.88685699488448,122.51398216535493,163.10375619775093
33.0,76.25,176.32159487428473,188.39785729762627,217.488264580479,191.0786744415032,81.81092584411729,103.03016664557035,351.4236904819208,335.81792953646624,170.80056207619484,164.13668194371593,177.64730248135686,185.92260995322826
33.0,76.875,209.06893730680707,219.6068990693312,231.63967475284247,223.56625805207932,248.315395813102,286.71289108867256,208.35136237104496,358.1613410925331,213.7760428669066,235.1963179435736,228.60639292123824,200.651872812769
33.0,77.5,229.57130199178158,232.16564773542456,278.0225248163783,250.19840104745765,267.03887502381224,232.8242960534617,203.62926659922428,207.2885370507862,228.2363848542294,253.96590953117845,267.757821288104,276.48232635875326
33.0,78.125,247.83065926518952,240.85382864015617,256.0053647136079,257.91384571149126,256.211040987928,262.0395257460664,187.34846081388116,249.43248466783254,232.83501110691256,265.22485301422034,254.71252476898678,249.1699434500242
33.0,78.75,247.80369664787355,245.53451135432772,278.3345824663678,260.8174224269467,251.90164164040075,232.03038195674583,252.36195119969761,265.84738653770785,236.49448209358533,271.04026739256636,261.6749150228171,257.6467540122187
33.0,79.375,254.20269170345435,253.14007959513535,280.4234414521079,277.5263548494172,268.6371813521824,250.18358682118307,253.74865160551244,265.95587227726935,240.04088816337241,266.7344423422351,254.32321155177752,276.68270078343994
33.0,80.0,263.1574812770948,270.5398835538681,277.7266834884527,276.9500366920528,269.07054288092365,266.90635059512147,248.2484547765591,259.7247179858162,243.7153742350029,265.72079160971106,261.1569321091422,273.7077614540097
33.0,80.625,261.22118500332704,265.5262866211714,285.85112417319624,260.28618676039076,291.8896654632236,255.8925664100131,239.37775697282916,243.6142599080216,243.48781845628798,263.86396542805056,240.52038615265803,283.9113811699669
33.0,81.25,263.0264647300923,275.4347663344923,286.54345469255054,261.2978356459843,301.595470928062,232.12032429069603,245.96509784912303,249.35610987209185,242.5437334840703,257.04427791958426,272.075023024793,277.10868056070603
33.5,72.5,168.22654583181222,188.00495030202467,243.33332234322975,181.57847238670348,82.38864306112401,162.8918208531114,341.8909458548494,326.63742785379475,280.1748430518562,160.7665343117478,170.89262280026986,155.09118422249128
33.5,73.125,149.8573320926894,204.998583472751,248.93052219682426,164.72897872088296,256.5484188668816,299.8477952404185,344.5081304196803,347.30727839098034,263.54113915934704,134.29651581168272,162.31041493407122,166.12588265227626
33.5,73.75,185.25816316572616,188.4430023356415,228.74758588930214,162.05041312388298,260.8395251451848,205.4331442787305,25.740045497480793,13.309283062575945,320.8966667652054,116.92939225198857,179.1996321371972,163.85243616363312
33.5,74.375,175.31260869053983,181.55495576662005,191.67854000879166,75.14365172228038,347.477168228669,106.9934293444143,17.459486792018208,6.9138499483343905,108.58920228456184,87.15998515494272,149.73463443998165,160.31810511014325
33.5,75.0,172.4042012887891,184.07218724233496,240.38520134921927,184.56950145892367,353.17305678590225,118.0327815992479,20.873867372956028,21.136299861122314,59.60493210824028,146.23025242924734,341.98668691322,163.6996335256371
33.5,75.625,176.61857955015756,185.3642450113917,234.22139935357274,200.96052258599548,262.79774257159414,114.23521330295921,33.79193178499113,20.863877614346436,83.91301016908109,211.48000877790855,170.13442654410002,179.77045455087597
33.5,76.25,202.41150766642642,206.7015795156973,226.83494147590517,238.83464419865876,244.64463055437182,145.8230948244485,358.22737795993675,333.55157118650106,227.0132619923285,234.33394541447163,208.4546669897721,193.15873585870077
33.5,76.875,219.19676876923648,226.559910451078,249.80827908291337,242.74338587153915,251.11846410369537,254.3742612820297,239.01806820372713,254.66174417045676,228.90449732528444,251.20355029189125,229.7182132693814,205.4952353718955
33.5,77.5,246.47646337424163,243.44609464035292,261.5147333436604,248.7967337498731,267.0602392087838,247.6076003127153,250.78157344220062,205.87617383349348,249.29573073304022,258.8428653549713,256.5672897465957,240.9012868900143
33.5,78.125,255.6433239514999,251.5729164339292,260.41235218888426,254.31654517744715,259.6927937600774,216.62877317763798,185.5403058391734,240.1727687811341,225.1744746728004,257.07229764578756,258.31301026665835,256.9231931040533
33.5,78.75,251.69129712425055,251.80921127277583,268.37889034065745,267.49268426412686,266.94767963405343,243.0317961460019,231.3021629441865,243.2294342305804,248.1098942658165,255.40338294862545,266.4319190503708,258.92868199342627
33.5,79.375,251.38161528666888,252.61884104404902,278.422113610344,275.6237499253797,263.47598215198815,228.77353229072693,238.19427274381036,251.85624202545716,250.56259753439275,250.06335023915415,266.94301252501776,274.6208262911298
33.5,80.0,259.3040108332366,261.59242977788216,275.71866986274057,280.14056971480744,278.48584813018925,244.59964126637567,245.6588890028466,256.647931806698,251.4505504481221,248.41863417800363,268.6404258683043,274.15891556996417
33.5,80.625,259.2661856641393,263.5551499262521,276.90647868634835,274.8734027737861,296.95539355236076,248.23874879963415,244.55892229074988,252.26506980445737,251.06302111853748,261.460443160903,269.1629084211841,275.79453828905105
33.5,81.25,262.1974072526016,264.0567541321024,292.87554659858586,256.1677025574532,267.6241117895743,220.95439469528648,245.8747110492165,251.27090024299287,248.02748858365732,253.72544995171197,253.8753789602279,278.81441037015827
34.0,72.5,177.31359034210777,171.5692839952216,223.37288864363316,150.5490882026781,264.5371559735131,70.52834164038492,332.0282916682632,301.8170409388066,241.13285948506405,156.5689412237504,165.7702017598571,143.99520385414354
34.0,73.125,137.62907382021078,165.2086473605894,235.04407626543065,145.6814743742534,184.36280300017046,57.74409923234476,0.795580346306972,348.8099368260489,313.97535341836584,139.49704750426184,217.33025946641632,179.07193647005752
34.0,73.75,172.4942240683956,191.6479618468584,221.00914410493584,180.20584226811474,208.48130797536126,64.58023311571554,7.69519945590789,332.1993337392933,75.51546048901164,152.01879492788933,209.23772532757732,160.18898267749879
34.0,74.375,193.4436595505627,215.64571526902193,235.73747631260804,219.1256836058457,265.8462355715413,124.69513709209183,37.49543702945732,4.741921629530438,153.48640615959883,122.59644105976191,160.59227414283995,166.45654786990326
34.0,75.0,185.10876248066495,192.69656828558547,247.4082271611365,207.3212908133771,255.57742534181358,127.01341068667006,49.08501424297536,36.526183038840266,160.83145607778914,190.53184630983088,218.66763557756806,185.7624149908878
34.0,75.625,191.42804361921173,198.97722561259906,223.0250457993448,250.2853110760612,247.7835420603163,175.06005064908825,63.07634421046286,73.38022674783059,104.13407671847779,164.2144773714558,211.85706136139444,180.3900679992472
34.0,76.25,222.98277953149088,225.80190225011597,238.95607419783067,239.95123541715367,244.2062750210877,231.90365601615065,329.7529306312206,348.2320933043092,238.03659442859598,277.63536007964865,218.04942424417504,212.08613166030142
34.0,76.875,240.61945427696156,233.8050744726482,258.0359241953075,246.1354781583077,259.2629934007727,223.75578682614008,246.5573458659323,263.60279216160166,231.8138691232589,259.4306654690865,241.57309461717253,229.70154451545818
34.0,77.5,246.03338290892555,239.77798894034657,260.3952887097222,254.60298234200525,278.522951270038,236.37300958587315,240.27222467522373,216.34967975727614,244.72886603811799,252.60330996742346,258.5501873760804,243.2406339154142
34.0,78.125,254.32572786617817,250.04252443283474,265.47426421263503,259.47140398632007,262.9270540117823,222.73142573782334,222.44801031144826,214.43599372553558,243.63161537710909,257.5158106138022,263.5067374401782,264.9454931786755
34.0,78.75,257.86286873292624,253.1080302091114,261.8448301108507,269.9169781042616,260.482566152185,207.95640479833753,216.60058108397538,229.11273495209178,247.65310275647124,257.1601919937909,260.86833923421557,254.95580425447156
34.0,79.375,256.3490612192568,254.35783225140614,267.2487199329099,284.3366560563669,270.94374944021763,223.88568539670734,233.44168212401348,249.4538735806371,255.99803829722555,247.1199565599818,267.0024786457594,256.456459800042
34.0,80.0,255.41039422949973,256.88616190123213,269.4354716088892,284.2762861705678,274.1624702774037,220.21842316740472,240.71686993270663,256.3584839850297,255.71584612298676,241.8077663892176,274.15056537380167,273.8655560895247
34.0,80.625,258.11014199024737,252.02786321402863,272.3593123053722,283.1365794805595,287.8762393035722,229.03943932148968,245.61226855177006,252.86501721036154,258.16168440974315,244.04506956919496,277.57233200031607,272.10151025955116
34.0,81.25,262.52258953309905,256.6205039080273,275.1825684761448,279.22276206983815,300.6790663603298,231.4396433953988,247.03186408471652,246.3758208604376,259.71044818564087,258.7894957393396,277.16254286908827,275.5871083502565
34.5,72.5,155.68286086185122,188.93115822347795,219.9155624385926,128.48693165720027,249.61264527932371,56.77272950699803,338.8752831809684,317.8656044434341,275.3043815000811,161.08330500552185,305.5541240150215,132.73300474228193
34.5,73.125,171.8720279706714,204.70346473636496,232.59577013723685,103.30321406487595,265.55594838994296,46.90779049544304,350.8895573418914,311.75094146763377,308.3921772940321,160.68676551233762,221.17813749188662,210.8879503036882
34.5,73.75,199.75893340818942,208.03655412484403,239.7093179965258,249.0010792748992,275.8764991926601,5.4053912198723335,15.850517532152827,352.98055999813755,214.32200931544006,173.37437824976163,218.19513087665484,180.28204147157163
34.5,74.375,206.82082713748827,197.84644963787994,236.32786852119074,245.29249714089264,264.63887277987317,10.632076253081424,358.22888149665823,344.0820119014504,291.61723966592774,186.55406164603312,216.1743335242603,183.07913672522207
34.5,75.0,198.53653378713443,189.87455431644315,214.04854345020223,220.94237862610663,230.13236383925596,211.00728852435873,34.66547451888254,27.75106886612844,191.00161117593296,197.509549997874,200.77147453585445,184.15587721227504
34.5,75.625,219.2931053373127,210.1263505366124,228.418822080917,237.48600310687087,237.69085982840468,230.03553422291407,299.674265770644,306.30717956616377,233.9014090840481,246.00608870349186,213.93572694612254,205.10039002973502
34.5,76.25,238.48834779911454,226.7763288283306,248.18848411889556,246.3072351824706,246.5120707871307,214.45705134980818,244.06202259167787,257.1296120592096,233.06918968539895,258.91101793554253,234.1041261661363,232.76866215786563
34.5,76.875,242.1028804020399,238.12622540351947,252.13847821985814,248.56019983643532,251.27550539113784,252.23819117784353,279.8829887511994,253.9009305443476,246.00038759463683,246.89544157279315,246.67187313405094,248.23350930239957
34.5,77.5,249.93046963056702,239.360686990712,255.31944231978127,259.808656163565,266.463717425802,231.27893466560607,226.6995911002694,226.65710354336287,243.72596190932182,257.5140254396669,249.35306537957902,251.52402247377776
34.5,78.125,253.76402330647238,241.72167238540015,257.3862499762158,266.1146613677429,256.75893566981085,229.32368389259176,226.25983470911635,225.58844241749637,247.04446766738116,252.9558033941694,248.75339161643785,251.02298014957066
34.5,78.75,260.18683465067375,252.68885526993486,263.8311724895793,269.84346975482197,250.77366358797423,222.34414316951134,224.26498712620037,226.5006075651295,246.60013532416104,253.68603602060597,260.5794461621615,255.89903384775096
34.5,79.375,265.3215022614256,256.2251737336149,271.33376363055663,267.5507542290892,259.51880336578864,219.7572172351275,233.61747982387897,234.42382218553203,253.13068041793454,245.08800439035372,271.5668302123024,263.1885053670461
34.5,80.0,264.74450465971995,259.8742812431724,273.9518054395874,254.97425705587756,260.21171435879296,215.65877836756604,237.98725161675185,238.26507744766064,251.50326834396486,239.7685934671959,275.75860537615574,272.5311758957518
34.5,80.625,263.3856809261822,253.0901862204076,274.81100030207443,253.773119027704,257.9836975049986,221.71319538410503,239.277515573116,240.89896708819668,253.56560229376893,242.81968690117583,276.9085745455914,273.46781921941965
34.5,81.25,268.5912450865409,260.01505935736384,273.82617036826144,261.1946553262389,271.20024404886203,231.60536433057877,240.92797733363653,240.51057248574256,257.77970188307324,246.61212826729763,278.4830595147914,276.1310293130061
35.0,72.5,185.5886283790779,220.8385648682797,215.61863085605984,10.752515762719625,268.77167549338196,358.45348690843707,346.7980092523255,346.47162400219486,340.5877213938603,322.8835506738011,298.7275283234164,239.1284906149219
35.0,73.125,191.74615658421493,218.24333308028824,265.4727716870543,296.0947791044243,254.3857290950255,19.510065961276737,337.29108123388806,313.02015533540117,0.09357567473988261,42.82332023525328,195.53133869900586,248.20277273951174
35.0,73.75,213.14202593305086,212.7000193639267,268.8798971650656,231.68471411942903,251.2561642436305,266.4011847647722,350.6069500833103,31.190783859351555,246.31551535337843,188.56925169406438,216.52010858819236,181.11549040376042
35.0,74.375,212.36329030695984,204.27767400194693,230.53181732434666,252.021009246157,227.27486858864845,257.742235782237,330.79815083334313,331.58306049587287,279.3360920066558,230.92680530766395,213.45549032682544,193.24413333119819
35.0,75.0,215.3717102025223,205.7654055377752,222.65664503894024,236.42623716219234,229.98691264754245,219.01961709667697,306.253014472643,302.5310011243203,259.90260752198725,236.527817010625,214.5401169664657,199.72446813033113
35.0,75.625,231.6355336844772,222.2752572437935,238.50299220707234,237.81735774452733,237.61010287830786,224.42619231359416,276.0163440813352,271.6632650822606,247.90946303994536,249.51142776689704,226.43626412008712,218.65628721459737
35.0,76.25,235.4571035580747,228.26177755072192,244.57573492554314,241.68050430447994,235.15460702243288,219.9388510906095,235.7082634150462,238.07671298710525,235.92878560488117,240.5140270523298,235.02958639813124,232.38985972302146
35.0,76.875,241.41358521919,238.68305578758265,249.602046202893,247.07863118322618,247.23739121591905,234.08688205961408,243.00195846883213,229.02386609792555,244.09810792070175,251.25507022161673,243.239518136367,244.1645468193851
35.0,77.5,252.1526755440122,238.1059655750874,248.22952468956328,264.9889851640001,258.3578031769346,241.81248268242763,226.24311331058396,218.97028681129052,246.62640338118797,252.55838644311848,245.79114641683458,249.01897839490977
35.0,78.125,253.96854920115132,242.32099267007004,259.4130909252108,270.3339913836146,258.11616055749624,248.04581480523643,231.3827396790039,228.0065433829013,247.3229978717909,251.83990033559144,253.22663794935752,252.9358571561565
35.0,78.75,264.83009736175035,256.6876238120281,265.60779392039177,266.6369104103538,250.87106433651752,232.0095967420891,229.3156829562233,228.10448175785106,245.0051509136178,248.72566324791046,263.6061511981532,261.1419004595102
35.0,79.375,268.0124461278174,259.85414234417203,279.0796751374635,238.86931817643148,228.02573051460539,215.0649183346872,229.89374055862334,229.2467187016579,242.8691057313296,235.42891352719934,272.12651393909096,268.7801550091091
35.0,80.0,268.272590900651,265.2915661201724,282.03931080173027,221.41549092988245,227.87475403309642,211.46069725153185,232.6201729833901,228.37202571633503,244.12748088383756,241.40738348139035,272.3809274622464,270.33793657444915
35.0,80.625,268.3103969065114,267.2936137298607,283.6672890019762,228.75734264091906,248.75380002275278,221.2269147131838,238.833281151321,231.5401028052834,246.64049773629978,246.17382873397463,272.4156388393594,274.32997756178685
35.0,81.25,273.73077229804284,266.8741523523819,280.66394215145965,226.2087185393091,245.2088664191529,212.05507057316598,236.89460722108214,225.39605144439506,250.74642902465195,238.45685670798917,272.63466781366026,277.5088559738172
35.5,72.5,230.60294691611645,210.25949205547633,218.26762414222,216.3432308651066,248.75974547499402,339.8643134837436,312.1054286685593,313.4268082731118,291.0233553473849,211.06855284779138,219.58400718746188,233.0145979422037
35.5,73.125,219.1966649266825,206.70599017296507,223.92719554931895,251.29683320731723,255.87911488358895,341.7432844391411,353.1291003503129,22.532522634217415,289.7683006547512,258.6222896551029,247.99033150507356,188.67259818784578
35.5,73.75,221.777813979383,212.05821704128138,261.5228853880435,247.9915083859364,242.98437234879938,267.37000564088135,260.53968958929045,259.4810682930581,240.2477835726226,189.5003108415502,197.44480311708543,229.8840477730462
35.5,74.375,217.01518355932177,214.92204625083968,239.85203309407376,240.28688263814206,235.00099019473262,245.5025928889919,269.31731786524807,225.5086721194599,231.15539024725268,188.5246624448145,223.14302197981263,214.75548430369716
35.5,75.0,232.24553130757113,223.13821394340806,257.06357886107406,242.353810834326,240.24398150616173,226.10487839543347,221.4349185388962,227.1117295165998,229.15668667564051,234.03457412766392,228.37849414649955,217.133951869552
35.5,75.625,238.46339702687345,228.2504127490526,243.39535917509545,243.9593197064558,248.87523263678668,228.78867885540728,236.44804084143652,232.52507466580954,245.65282020103115,242.1335739502634,236.54379006708072,235.02366404952986
35.5,76.25,244.93008881658488,230.99038280805163,239.0779730240787,247.05803237981897,245.98089814468216,230.95897272259208,232.0434716708637,223.02898581200904,242.00481436688216,248.33549966524055,238.27679812376283,233.33634021874332
35.5,76.875,244.7671504158031,233.15803960529277,241.5972273087861,258.66159048636166,251.66365819064978,235.65004606849624,236.71974942403574,231.5595071965369,238.93893284129177,254.5405591521592,244.37368301683375,245.31024599856747
35.5,77.5,253.98406301080655,239.62388167871944,246.6022698662573,272.7255851477797,259.20800563754585,241.2610216907377,236.68080449822793,233.9900571145384,242.35938887633029,257.5318674746085,248.33126170996104,245.0294175879545
35.5,78.125,263.4232585777096,248.36625534940168,262.70032672701234,266.62589385803227,265.3381889171343,227.4095479327951,227.70989988253277,227.62064772291004,241.80513410997992,254.8076064856839,266.19753525802406,255.93978050598358
35.5,78.75,266.92818543939387,256.25155899941126,272.8726138620013,248.23348231310288,259.88495493894015,233.90611463609852,232.76420291561155,227.16353641006344,246.46080848567993,246.61551729071482,270.1158261365961,264.93457124443034
35.5,79.375,271.20936110361197,262.92224775685366,280.8332159403003,227.80663788923252,245.32987520260542,224.58489005503085,232.95412981500996,229.17015092738015,242.92716704763845,237.555946783166,270.4644431848625,269.47098136120167
35.5,80.0,278.17228822446964,270.48379081133277,285.4581648948223,234.28416462950008,237.15635545946662,228.94941032370826,234.32863750450716,226.1007753088733,240.36281148534277,237.91158713760814,274.1185579022272,275.2466068468778
35.5,80.625,279.31434208478805,274.2100256503822,284.5912184350498,233.957984991905,233.33701491370795,217.59923881033782,232.52596571363972,223.85369746381406,235.5653068401051,238.2494688155624,274.6736379538677,277.1437717599569
35.5,81.25,283.8966675575147,271.0640044406497,285.2448477456986,227.31902128975966,228.15470661886957,200.72441863553965,229.39171378838782,217.61883468825692,235.60097953457145,239.39397640817717,274.3884651548453,278.5239621782153
36.0,72.5,234.66397145483074,218.2241955860124,244.8324597456584,260.8314786550489,253.6333821803118,165.30065121948854,193.1366536453377,253.5069395317974,243.2378730150043,261.370969515664,252.4867454428063,236.7062912796889
36.0,73.125,238.47450962577443,224.86027934101264,243.04672872351802,246.19388500989862,231.07917461823033,296.45112633460235,248.03069720187833,229.49587546221318,245.17542794952192,256.18576993151066,253.3144138675496,232.16865759611028
36.0,73.75,224.62570296005987,222.6148809209431,240.0626290902412,269.1911271477993,238.22545883734148,284.18973667319153,331.7029735468741,327.5983905858575,235.15741397843783,249.69977757787188,249.58521217492037,215.9453732681816
36.0,74.375,220.54263658285006,203.69003732947883,244.64538119652792,252.39140137626856,232.79341773634818,244.68942161964515,242.87084509719523,249.14181729599005,229.28386161604536,238.82537113541807,231.86427840110252,215.15018506634917
36.0,75.0,229.45650480182428,223.3086124120925,235.4735714352732,237.9414834948836,227.39830051218667,216.49687797756548,245.55217750462134,226.96734035585007,234.6730019364033,228.9443638569523,227.8073349746445,209.0965590136789
36.0,75.625,234.7290400978817,224.50817640194046,232.88119028454588,244.45825228932452,233.10791138566725,233.35167916317636,248.46119797332344,223.88116406805145,238.56599205529093,253.3039083449687,236.15810968163075,224.32647010659022
36.0,76.25,240.49761455990742,225.23450919137645,239.92793229848434,259.6947078729152,253.56706356913497,245.63296606836428,231.65852105545264,215.8461991255036,239.25664998767377,253.11137622159353,242.01183442849685,234.72720894254934
36.0,76.875,251.7406909614486,230.31602420845795,245.38910169630947,262.6791654695751,254.7802996486775,226.09787161404736,236.0161086199666,228.96912361375385,244.52915232960535,245.8832955672774,253.2271615505922,244.4571774162257
36.0,77.5,262.7682176886939,249.2203658444891,265.6869431391857,253.06296418197428,261.6436634997436,223.97538556694673,233.44508904126786,234.06178987372323,243.8977709686012,255.0140750181221,270.9202919619497,260.67947670803596
36.0,78.125,273.63775272384066,256.6819130743878,273.913027340142,239.6041610650075,258.67181268218104,231.45518089946364,236.99282711456752,234.37095656883082,243.82152917330126,244.90995061304642,281.0126827900213,266.91454052975996
36.0,78.75,271.70835842891927,258.1294956215013,275.98803743154923,236.88926224078023,251.43283088624497,232.55817523525513,225.86138639726278,228.17902632531198,233.39543517622946,241.21662238621514,272.30045706915024,265.9297571587557
36.0,79.375,269.17024203384904,257.17202226940236,266.9296886475929,221.93581584886127,230.15459070166094,214.55112438606017,216.5317458418288,190.68774552127567,224.53696415863828,232.45016466119412,265.14611682282765,259.7784638833606
36.0,80.0,245.20970478598238,242.66985239534534,240.54284740485394,225.260597383288,223.57105641825365,201.999104624109,207.57620882618474,199.68094972898945,224.05543419952775,235.7178761920403,267.1019714086424,248.70564313300753
36.0,80.625,280.60250665429305,207.98682562826173,219.2095694943438,230.73898343879105,215.5468419161855,203.36913780903083,194.24121969204737,195.52388670383112,209.23943865814496,246.5269802374764,276.93975192524283,279.14172895356165
36.0,81.25,235.92488822945154,215.8136785236813,215.3818561024122,212.4313264637213,200.22291803357942,203.79547172933763,186.71336697969593,180.62364340010768,199.5604515945846,242.7878306578789,283.51161038684955,263.3635886364708
36.5,72.5,236.70132668376687,218.95755046771697,245.6208823163626,242.4884781539918,245.36655901734247,148.5043462959206,197.86463238844718,181.67723972044368,231.67441416383303,256.75183484772685,252.73635460674484,234.69688628866456
36.5,73.125,248.1763698444603,228.6047997665301,251.2600789859583,235.23607662566903,230.56793109349843,227.21557948841703,203.51980495742862,202.98628617617464,235.14539427333375,240.75392289793,248.3375113384879,241.02070027529732
36.5,73.75,233.1987649107021,216.70961537326485,241.07374637861898,245.24624504142426,232.77382633556232,253.27300084421677,237.87166553168936,224.32259212651536,230.74183006356597,243.82491263918644,238.16175675630205,222.85063877295056
36.5,74.375,233.7994448069866,216.13174858474022,235.55027908787815,240.7535201416793,225.00325144734006,238.30203983444994,235.23547707344648,229.02937647312694,217.7261178133552,233.2226659817403,229.84672272621722,220.06088044462336
36.5,75.0,231.54102387451132,216.41072687189944,232.76032005333477,249.23933993003575,234.64916347273152,239.06049784944875,235.69432322629507,219.1532571168418,239.21940982150443,263.31465071463435,244.66608862522813,227.65633106720614
36.5,75.625,250.35066398888728,235.9782214125653,245.80618111222503,248.02394291749718,244.05883793102385,235.3016613275961,232.42096496044758,223.39506242426495,242.28184142589868,258.83796946308723,243.32028680007568,238.9034323759299
36.5,76.25,253.37887852896216,234.54861786016193,252.83743946716447,251.35073141919833,247.54493368168818,225.34499634066034,232.31228244962847,226.3455910666282,247.63540069198274,256.50992037566004,259.275629054879,249.05903378053523
36.5,76.875,262.74520359566975,237.80429386319105,255.1473314924517,230.10406673716713,235.0879850563651,215.29467768602052,225.99915069615702,220.37678269061024,246.65567864217783,249.05899007932646,266.6173639162606,254.35891923008228
36.5,77.5,270.626963173373,248.34805558224835,265.989953850972,220.14077831781492,221.8423867672022,215.82047441496442,216.95842363022723,214.9668029826851,240.57634495960355,247.04272342717877,274.3033348047062,255.30234532452818
36.5,78.125,262.5398001369893,247.73735450515204,256.7983923320328,227.46099787399575,228.9845900304065,232.83862140672943,222.68063818197598,208.5327575367618,228.2534208610438,238.4061738033524,258.5824627337779,254.22454403421176
36.5,78.75,262.78610687911555,230.43938632947336,227.8790769385438,213.10571065070238,211.48984806330105,198.1310962087879,198.8206478955928,189.62210395046907,220.4348833988726,261.67957660767195,246.40139392528175,34.347554710466056
36.5,79.375,232.4762703810985,220.5286341280895,220.5345636114045,236.84091407929338,211.5620377443276,201.55477807081814,191.93546394484787,188.49244870314413,214.22406194509725,263.5607563770505,269.1482815948202,195.45329495218763
36.5,80.0,227.08865355333552,165.10175592380958,207.6331838893023,248.61477593453498,194.09790132342462,192.1517850863252,183.63403813325885,186.99316434769497,207.8681189841884,296.1321519133902,344.7353116107378,348.36334528871015
36.5,80.625,201.95417739805436,195.34998141948967,180.70667211209184,196.74867269695673,199.66184455058578,192.31869233025807,197.04865086309616,191.58821163205377,207.82837505005477,180.0,180.0,185.62423462228634
36.5,81.25,132.0996544122735,195.37962685529027,177.71815455862986,75.95159750384471,242.51252793662218,181.43941675023314,189.10693308993913,176.4790485825807,180.0,180.0,180.0,227.256590109206
37.0,72.5,248.6687744038564,226.427523992281,254.70185855972295,261.72916791797775,250.32462234241598,283.24913365677713,254.98285102568408,174.93501719980668,222.93126556445986,252.45447249725783,255.6679361883791,231.47534170870813
37.0,73.125,251.19459744558543,226.70131206727862,245.82135286222862,255.29861250507884,235.75296198131417,282.019950883972,224.90772586864398,193.319530859548,228.13364755932776,255.62999331891223,259.84820042383393,249.33104285175904
37.0,73.75,252.0031696242812,222.14071015585483,237.43689266481942,243.4009049238892,233.65765229105236,260.7332820374305,217.2811414292247,204.43279615657067,224.63544618876855,253.23357455358578,253.9344844919696,241.30787687379615
37.0,74.375,258.12681103093564,221.9530822849626,236.4732408481071,247.02510843777623,243.68429377312503,260.1963748836119,233.45018161989384,210.76763906808804,227.93534116294353,266.614714718933,252.61477554443715,234.09985949932252
37.0,75.0,255.65728020335376,222.36929582172863,240.5283853380201,250.44083089323632,247.53761991947766,247.38127384659916,232.94173768109562,224.00614225085113,237.33375820386775,259.12769874865546,256.8244200661491,238.2642582396167
37.0,75.625,253.18377684446455,234.26317498708076,251.17810754236137,246.23962968311204,247.87539348872593,237.7785819720948,234.7076603256381,232.1624926489432,242.6914487616195,260.41459322721806,256.6971124382014,244.58533907954575
37.0,76.25,253.68080803027647,237.56380671183308,242.46758068800813,235.013600214448,236.48518887460642,228.90860093813563,220.879889007052,206.77536735374923,223.15837092694878,227.7586521234222,121.8729384704428,219.7225333538468
37.0,76.875,245.68590180753426,9.138770540921838,199.98982135057133,212.18451737941305,220.73758546897727,222.88612828486592,202.43330217831593,200.94678921429278,203.55867783049916,199.98369602989322,270.7345465283211,14.181182742139125
37.0,77.5,166.90170247767944,4.355554463706605,187.78587883378276,169.40566688726244,181.45970452189533,203.5309186162276,192.8191123834727,188.56282992613234,251.65303075037946,194.4095688335127,274.9267426413185,286.31342520447083
37.0,78.125,231.3025988260049,267.09578787146023,223.87094189081736,211.126545827266,212.63949928952266,223.68780169822193,211.1911217241497,191.8934461163969,226.6283634791784,228.69510321108274,233.5561566380794,282.10941927752435
37.0,78.75,252.00265136055657,197.16544809382327,168.431604051331,170.44876730071593,182.3201186518446,202.1635696752764,197.59646267733086,174.3250688323612,219.0684861379884,180.0,180.0,233.54285953704
37.0,79.375,161.08966521958914,160.4905400786124,133.03325390042812,161.31747443274227,185.45870959186743,155.69979591722523,200.84289009286843,194.9701252344382,180.0,180.0,180.0,343.87349873079364
37.0,80.0,315.96470647942976,187.11388138075807,130.14926185329278,121.3380506437685,162.2075951120899,161.63157008021068,228.82652828693702,167.2121765062846,180.0,180.0,180.0,320.48242084148546
37.0,80.625,129.48690514567355,180.0,186.55670491515423,129.9020939173149,154.87322605432894,142.45728459948018,230.88768882520776,148.1579907357624,180.0,180.0,180.0,271.73472675503774
37.0,81.25,114.38202986097969,180.0,214.7344455730608,78.90611235486335,98.18787653228668,95.67156674357423,217.31528416628538,132.06877610822912,180.0,180.0,180.0,259.5296632677281
