lat,lon,2013-01,2013-02,2013-03,2013-04,2013-05,2013-06,2013-07,2013-08,2013-09,2013-10,2013-11,2013-12
29.0,72.5,1.8605965e-08,7.916812e-09,3.2187635e-09,3.24661e-09,2.78591e-09,4.199982e-09,2.5100955e-09,2.182226e-09,3.142725e-09,7.633288e-09,1.5512462e-08,2.226405e-08
29.0,73.125,1.8249061e-08,8.022866e-09,3.2170178e-09,3.4856404e-09,2.8367315e-09,4.168438e-09,2.5725497e-09,2.1444526e-09,3.2474456e-09,7.386551e-09,1.5053836e-08,2.1821918e-08
29.0,73.75,1.7336045e-08,7.955271e-09,3.266248e-09,3.4350878e-09,2.825803e-09,3.8638177e-09,2.6648341e-09,2.3942044e-09,3.4731518e-09,8.062511e-09,1.535888e-08,2.2417316e-08
29.0,74.375,1.7462964e-08,8.2873335e-09,3.2897627e-09,3.3146252e-09,2.767258e-09,4.152696e-09,2.8337581e-09,2.8381038e-09,3.6100916e-09,9.058466e-09,1.6071741e-08,2.4054758e-08
29.0,75.0,1.8015468e-08,8.707845e-09,3.290775e-09,3.3122907e-09,2.7347216e-09,4.808063e-09,3.1506144e-09,3.3776322e-09,3.7675325e-09,1.0155317e-08,1.7356191e-08,2.5227584e-08
29.0,75.625,1.9442435e-08,8.991413e-09,3.3555692e-09,3.3618734e-09,2.7077594e-09,5.5471103e-09,3.728085e-09,3.765979e-09,4.1015595e-09,1.1020921e-08,1.895199e-08,2.5185699e-08
29.0,76.25,2.033374e-08,9.065764e-09,3.5570809e-09,3.5633114e-09,2.6261835e-09,6.644613e-09,5.1351243e-09,3.9349835e-09,4.8151794e-09,1.2136225e-08,2.040791e-08,2.5075622e-08
29.0,76.875,2.057191e-08,9.783063e-09,4.594594e-09,4.8508526e-09,3.0089489e-09,8.235985e-09,6.9325576e-09,4.899268e-09,6.2071916e-09,1.4340225e-08,2.1178858e-08,2.7072286e-08
29.0,77.5,1.905282e-08,1.059771e-08,4.889725e-09,5.3778897e-09,3.5471643e-09,9.709565e-09,7.317303e-09,5.6396994e-09,6.859178e-09,1.5795417e-08,2.0154342e-08,2.7490065e-08
29.0,78.125,1.7952566e-08,1.0360332e-08,4.395356e-09,5.1009788e-09,3.5980081e-09,1.1293662e-08,6.43923e-09,5.60464e-09,6.7437025e-09,1.4894283e-08,1.6783027e-08,2.3716485e-08
29.0,78.75,1.5084723e-08,9.511254e-09,3.9084687e-09,4.9404227e-09,3.9760497e-09,1.078001e-08,5.556463e-09,5.5347997e-09,6.718661e-09,1.1051624e-08,1.1478915e-08,1.7454203e-08
29.0,79.375,1.05998295e-08,9.225932e-09,3.5086722e-09,4.70885e-09,4.9385886e-09,9.9262065e-09,4.861491e-09,5.5112555e-09,6.8983774e-09,7.610008e-09,6.5334156e-09,1.2264538e-08
29.0,80.0,8.245265e-09,1.0689943e-08,3.2382663e-09,4.427066e-09,5.3636304e-09,9.684546e-09,4.1825094e-09,5.199167e-09,7.291855e-09,6.709832e-09,5.1707993e-09,8.39562e-09
29.0,80.625,5.9802745e-09,1.2336121e-08,2.953081e-09,4.0943426e-09,5.2640408e-09,9.8889394e-09,3.0376903e-09,4.3891553e-09,7.497067e-09,5.4216502e-09,3.8752677e-09,4.6975783e-09
29.0,81.25,4.242725e-09,7.974821e-09,2.4372013e-09,4.315585e-09,5.03966e-09,8.314616e-09,1.9663202e-09,2.350358e-09,5.5815654e-09,3.693832e-09,2.4293474e-09,3.0637566e-09
29.5,72.5,1.8375333e-08,8.428858e-09,3.263886e-09,3.3154133e-09,2.9625207e-09,4.4940824e-09,2.785159e-09,2.305602e-09,3.170237e-09,9.674106e-09,1.6835656e-08,2.5363667e-08
29.5,73.125,1.9982647e-08,8.724866e-09,3.349496e-09,3.4416512e-09,2.9639289e-09,4.5555946e-09,2.7411218e-09,2.3010691e-09,3.2279217e-09,9.584095e-09,1.711675e-08,2.466054e-08
29.5,73.75,1.8935054e-08,8.803699e-09,3.316358e-09,3.340955e-09,2.991991e-09,4.420186e-09,2.7939238e-09,2.5316993e-09,3.375025e-09,1.0193193e-08,1.7706649e-08,2.3594612e-08
29.5,74.375,1.8208985e-08,9.146319e-09,3.2603802e-09,3.2128982e-09,3.0072764e-09,4.7820436e-09,2.9319176e-09,2.9159535e-09,3.5047947e-09,1.0780316e-08,1.8460318e-08,2.3527368e-08
29.5,75.0,1.7916713e-08,9.363948e-09,3.3427334e-09,3.3094714e-09,3.0196574e-09,5.4447016e-09,3.2625702e-09,3.5378867e-09,3.7548906e-09,1.1310903e-08,1.9426988e-08,2.4076703e-08
29.5,75.625,1.8846452e-08,9.518238e-09,3.447208e-09,3.439135e-09,3.0621543e-09,6.3250543e-09,3.9327652e-09,4.109196e-09,4.097482e-09,1.2019927e-08,2.0232315e-08,2.4991008e-08
29.5,76.25,1.8512404e-08,9.512001e-09,3.6357668e-09,3.6392693e-09,2.9112515e-09,7.3033446e-09,5.4706035e-09,4.344139e-09,4.650834e-09,1.2974281e-08,2.0048597e-08,2.6720516e-08
29.5,76.875,1.7001176e-08,1.0049285e-08,4.694492e-09,4.8158673e-09,3.326025e-09,9.154258e-09,7.654139e-09,5.707941e-09,6.2461787e-09,1.534815e-08,1.8070569e-08,2.6931108e-08
29.5,77.5,1.511817e-08,1.0271949e-08,4.5418287e-09,4.755068e-09,3.419219e-09,9.783324e-09,6.927658e-09,5.507999e-09,6.3822996e-09,1.4199429e-08,1.44059715e-08,2.2348194e-08
29.5,78.125,1.3665208e-08,9.5168735e-09,3.884132e-09,4.5342197e-09,3.3199814e-09,1.1564055e-08,6.9564097e-09,5.5114313e-09,6.293624e-09,9.99149e-09,9.18332e-09,1.6226707e-08
29.5,78.75,9.751623e-09,8.012699e-09,3.2849952e-09,4.453737e-09,3.3563465e-09,1.1506605e-08,7.221278e-09,5.94551e-09,6.1656276e-09,7.962819e-09,5.8181437e-09,1.2072047e-08
29.5,79.375,6.722741e-09,6.9335186e-09,2.7443667e-09,4.148685e-09,3.5291798e-09,1.1008611e-08,5.1480553e-09,4.7927764e-09,6.184788e-09,6.4190244e-09,3.9170422e-09,8.710555e-09
29.5,80.0,5.5106706e-09,6.810607e-09,2.3867188e-09,3.772844e-09,3.8611305e-09,9.966724e-09,2.8702334e-09,3.4849965e-09,6.4395977e-09,4.5594195e-09,2.385972e-09,5.384544e-09
29.5,80.625,3.6010674e-09,4.5496233e-09,2.2841853e-09,3.414321e-09,4.061718e-09,8.528726e-09,1.5687978e-09,1.8580242e-09,4.166255e-09,3.2794745e-09,1.4858651e-09,2.7848819e-09
29.5,81.25,1.5775408e-09,5.0017332e-09,1.917768e-09,3.1998166e-09,4.0063566e-09,5.3774385e-09,7.6176426e-10,6.451855e-10,1.99135e-09,1.9972337e-09,8.047332e-10,1.7481555e-09
30.0,72.5,1.6532873e-08,8.940254e-09,3.2259513e-09,3.0930873e-09,3.1240879e-09,4.591095e-09,3.2293297e-09,2.521937e-09,3.3427303e-09,1.2079338e-08,1.693182e-08,2.761405e-08
30.0,73.125,1.8047094e-08,9.2488e-09,3.3472956e-09,3.0918292e-09,3.0542475e-09,4.926532e-09,3.198385e-09,2.5855063e-09,3.378428e-09,1.2457688e-08,1.8135385e-08,2.5532715e-08
30.0,73.75,1.787347e-08,9.424235e-09,3.237188e-09,2.9766871e-09,3.0114866e-09,5.138338e-09,3.247439e-09,2.7624836e-09,3.5207262e-09,1.332341e-08,1.9164691e-08,2.2805054e-08
30.0,74.375,1.767937e-08,9.6359845e-09,3.1310265e-09,2.937867e-09,3.007658e-09,5.6746368e-09,3.292158e-09,3.0172742e-09,3.7772794e-09,1.369994e-08,1.9196644e-08,2.2742796e-08
30.0,75.0,1.7070239e-08,1.0066565e-08,3.2288265e-09,3.1260565e-09,3.0343266e-09,6.561e-09,3.5946532e-09,3.5939085e-09,4.085386e-09,1.3720653e-08,1.8919733e-08,2.2998746e-08
30.0,75.625,1.6282117e-08,9.845997e-09,3.34932e-09,3.347852e-09,3.0372018e-09,7.116277e-09,4.412142e-09,4.2274597e-09,4.4208073e-09,1.3473916e-08,1.8130777e-08,2.3091221e-08
30.0,76.25,1.458409e-08,9.470862e-09,3.659971e-09,3.558673e-09,2.9044156e-09,7.63049e-09,6.0029217e-09,4.4745487e-09,4.822486e-09,1.30228655e-08,1.6215987e-08,2.384047e-08
30.0,76.875,1.1691428e-08,8.824439e-09,4.01042e-09,4.046071e-09,2.9130558e-09,9.234414e-09,7.403676e-09,5.2149653e-09,5.164471e-09,1.2126779e-08,1.1476156e-08,2.0562064e-08
30.0,77.5,9.90254e-09,8.094099e-09,3.7301784e-09,3.920258e-09,3.216871e-09,1.1023663e-08,6.912255e-09,5.3345053e-09,5.33059e-09,8.774014e-09,6.0369074e-09,1.3658969e-08
30.0,78.125,8.506847e-09,8.5777065e-09,3.1651326e-09,3.8940264e-09,3.0898206e-09,1.26757e-08,7.719505e-09,6.004891e-09,5.4825517e-09,8.025251e-09,5.113179e-09,1.0689e-08
30.0,78.75,6.125115e-09,6.7853523e-09,2.7244165e-09,3.663659e-09,2.8984453e-09,1.1340471e-08,7.472313e-09,5.336574e-09,5.2086118e-09,7.8538624e-09,3.7496877e-09,8.088402e-09
30.0,79.375,3.3604932e-09,3.9773926e-09,2.2867808e-09,3.2403535e-09,2.9168332e-09,9.378676e-09,3.937448e-09,3.1438259e-09,4.4431054e-09,5.365595e-09,1.9470008e-09,4.456995e-09
30.0,80.0,1.5782416e-09,2.1731705e-09,1.939089e-09,3.087043e-09,3.0001472e-09,7.1052684e-09,1.40029e-09,1.7004945e-09,3.066714e-09,3.239002e-09,9.275264e-10,1.7746546e-09
30.0,80.625,1.0660155e-09,1.7472043e-09,1.6495839e-09,2.5591345e-09,3.2385008e-09,3.349091e-09,7.5484674e-10,4.785041e-10,1.2299515e-09,1.6237377e-09,6.9529826e-10,1.3218006e-09
30.0,81.25,7.526419e-10,1.3808078e-09,1.3825945e-09,2.2137576e-09,3.1153304e-09,1.2495837e-09,4.2345652e-10,1.7805225e-10,4.4248438e-10,8.60392e-10,4.4830697e-10,8.234206e-10
30.5,72.5,1.5245147e-08,8.3595415e-09,3.0961282e-09,2.7650175e-09,3.0188505e-09,4.597871e-09,3.6997145e-09,2.8988785e-09,3.975519e-09,1.40103715e-08,1.642214e-08,2.8737364e-08
30.5,73.125,1.475842e-08,8.77229e-09,3.1468106e-09,2.809416e-09,2.9320966e-09,4.9692024e-09,3.7059709e-09,3.0439722e-09,3.999954e-09,1.4158414e-08,1.7051752e-08,2.4200043e-08
30.5,73.75,1.4576991e-08,9.0783345e-09,2.992842e-09,2.6512246e-09,2.8164293e-09,5.3727907e-09,3.7857646e-09,3.0398501e-09,4.0881294e-09,1.4643849e-08,1.7814516e-08,2.1568317e-08
30.5,74.375,1.5021412e-08,9.450545e-09,2.8872233e-09,2.652619e-09,2.7351323e-09,5.97665e-09,3.9668127e-09,3.144662e-09,4.259539e-09,1.5378545e-08,1.7535482e-08,2.2518122e-08
30.5,75.0,1.5204776e-08,1.0774964e-08,2.9589413e-09,2.8164797e-09,2.739093e-09,6.930755e-09,4.3911212e-09,3.5827745e-09,4.4923243e-09,1.5683197e-08,1.6595306e-08,2.3304924e-08
30.5,75.625,1.38779415e-08,9.863001e-09,3.1740222e-09,3.1162948e-09,2.8157399e-09,7.3691617e-09,5.289658e-09,4.113861e-09,4.7647175e-09,1.4387371e-08,1.5043831e-08,2.2517389e-08
30.5,76.25,1.5982014e-08,8.5588345e-09,3.6591057e-09,3.4540961e-09,2.9551859e-09,7.8672615e-09,6.7684964e-09,4.542585e-09,4.9839515e-09,1.0798241e-08,1.1714049e-08,1.9312388e-08
30.5,76.875,1.0656423e-08,8.27046e-09,3.7463144e-09,3.7146664e-09,3.1633869e-09,9.912079e-09,7.626062e-09,5.096511e-09,4.6529864e-09,8.3164355e-09,7.2674693e-09,1.3785565e-08
30.5,77.5,6.242675e-09,7.1732598e-09,3.2068375e-09,3.3885064e-09,3.2371585e-09,1.0623971e-08,7.439674e-09,5.480281e-09,4.0390318e-09,6.8857493e-09,3.739615e-09,8.425282e-09
30.5,78.125,5.1651434e-09,6.201562e-09,2.6154678e-09,3.456874e-09,2.8445943e-09,9.673412e-09,6.352564e-09,5.033118e-09,3.8449683e-09,6.4823737e-09,2.4482005e-09,5.5642024e-09
30.5,78.75,2.7922258e-09,4.0415062e-09,2.0581785e-09,2.6751594e-09,2.5956128e-09,8.172064e-09,3.6794563e-09,3.6695653e-09,2.9911198e-09,4.65814e-09,1.0935604e-09,2.2482598e-09
30.5,79.375,1.233915e-09,1.6938516e-09,1.6990876e-09,2.506433e-09,2.7248124e-09,5.924401e-09,1.5476483e-09,1.5891567e-09,2.0807533e-09,2.7021214e-09,6.7657785e-10,1.0853883e-09
30.5,80.0,7.8348655e-10,1.1236055e-09,1.3702577e-09,2.3619258e-09,2.5586535e-09,2.6851836e-09,4.0707415e-10,3.5040287e-10,6.051551e-10,1.168563e-09,6.040276e-10,6.490312e-10
30.5,80.625,7.5079126e-10,1.0797082e-09,1.3296532e-09,2.163402e-09,2.4693545e-09,1.6711037e-09,3.7684444e-10,1.9824771e-10,5.1486787e-10,8.451717e-10,5.769673e-10,6.886474e-10
30.5,81.25,6.223439e-10,9.224204e-10,1.3388379e-09,2.09688e-09,2.3278546e-09,1.49678e-09,5.63157e-10,3.1896571e-10,5.6994914e-10,7.012625e-10,5.2679827e-10,6.7319744e-10
31.0,72.5,1.3639507e-08,7.463462e-09,2.9158063e-09,2.7186635e-09,2.7869587e-09,4.5554125e-09,4.278916e-09,3.4642762e-09,4.9375064e-09,1.465623e-08,1.383584e-08,2.8879173e-08
31.0,73.125,1.2452088e-08,7.811668e-09,2.8567333e-09,2.623212e-09,2.7446967e-09,4.7321125e-09,4.347803e-09,3.461753e-09,4.834271e-09,1.4253794e-08,1.3178063e-08,2.5098096e-08
31.0,73.75,1.10968825e-08,8.186867e-09,2.6974836e-09,2.3766784e-09,2.6566958e-09,5.0712323e-09,4.5447965e-09,3.3077698e-09,4.723654e-09,1.3952868e-08,1.335596e-08,2.1970079e-08
31.0,74.375,1.2037066e-08,8.533872e-09,2.6498452e-09,2.3724795e-09,2.573785e-09,5.891142e-09,4.7462057e-09,3.3804706e-09,4.676421e-09,1.45212145e-08,1.3908812e-08,2.1516621e-08
31.0,75.0,1.2643904e-08,1.0933379e-08,2.8009313e-09,2.4615343e-09,2.476161e-09,6.893405e-09,5.3370983e-09,3.7657886e-09,4.8784803e-09,1.5373939e-08,1.4077856e-08,2.1778673e-08
31.0,75.625,1.2044195e-08,1.0039622e-08,3.107057e-09,2.8472358e-09,2.5850215e-09,7.2918245e-09,6.2866987e-09,4.3098276e-09,5.179402e-09,1.36481875e-08,1.2322683e-08,2.0632681e-08
31.0,76.25,2.0044638e-08,8.49184e-09,3.4558922e-09,3.2813072e-09,2.9787448e-09,8.200895e-09,7.493217e-09,5.0191162e-09,5.0747495e-09,9.748362e-09,8.552131e-09,1.6066284e-08
31.0,76.875,1.2094774e-08,8.305978e-09,3.0914196e-09,3.2046596e-09,3.0478078e-09,9.563561e-09,7.553948e-09,5.087101e-09,4.2507775e-09,8.479192e-09,5.7058513e-09,1.307965e-08
31.0,77.5,4.9339666e-09,5.0637317e-09,2.7177822e-09,2.9924974e-09,2.801628e-09,8.272745e-09,5.6313345e-09,3.2894039e-09,2.6907667e-09,5.795581e-09,3.081603e-09,5.6055183e-09
31.0,78.125,2.0855742e-09,2.6821394e-09,2.134499e-09,3.9421195e-09,2.4722369e-09,6.646894e-09,2.7664555e-09,1.7192492e-09,1.5461449e-09,3.73808e-09,1.5480973e-09,2.553058e-09
31.0,78.75,1.1021046e-09,1.4970567e-09,1.3413872e-09,2.08373e-09,2.150525e-09,3.0533964e-09,6.736459e-10,3.9229006e-10,6.484887e-10,1.6480557e-09,4.7439147e-10,1.1455933e-09
31.0,79.375,8.2146734e-10,9.624189e-10,1.2772393e-09,1.9647646e-09,2.1235411e-09,1.7049843e-09,3.9198406e-10,2.2152234e-10,5.135519e-10,1.0211497e-09,4.1589485e-10,8.5692775e-10
31.0,80.0,7.322021e-10,9.146537e-10,1.2383676e-09,1.9221242e-09,2.2435136e-09,1.947272e-09,5.762869e-10,2.4600352e-10,4.674974e-10,9.2093483e-10,4.8358306e-10,6.4745825e-10
31.0,80.625,7.7059154e-10,9.590296e-10,1.33779e-09,1.8496945e-09,2.243235e-09,2.2419746e-09,7.100514e-10,3.7339146e-10,6.283681e-10,9.1448216e-10,5.9802496e-10,6.2453653e-10
31.0,81.25,7.201109e-10,9.2624314e-10,1.4871259e-09,1.6802821e-09,1.9524387e-09,1.7619755e-09,8.958707e-10,6.4895184e-10,7.1822803e-10,8.1759344e-10,7.2487105e-10,6.9957007e-10
31.5,72.5,1.1525606e-08,6.807781e-09,2.7261915e-09,2.5274576e-09,2.5324762e-09,4.4779993e-09,5.3978586e-09,4.089246e-09,5.6038023e-09,1.3571614e-08,9.85492e-09,2.5470298e-08
31.5,73.125,1.0893449e-08,6.6222765e-09,2.6144336e-09,2.3515536e-09,2.509827e-09,4.6153787e-09,5.4841722e-09,3.9202117e-09,5.4609055e-09,1.32791085e-08,8.810578e-09,2.5306663e-08
31.5,73.75,8.728353e-09,7.0762445e-09,2.468951e-09,2.1482514e-09,2.4236009e-09,4.7752224e-09,5.669621e-09,3.6216627e-09,5.249418e-09,1.275386e-08,9.133783e-09,2.3020691e-08
31.5,74.375,9.634885e-09,7.944162e-09,2.5097977e-09,2.1406796e-09,2.3882187e-09,5.756658e-09,5.777851e-09,3.6899337e-09,5.352388e-09,1.2941187e-08,1.0385247e-08,2.0081997e-08
31.5,75.0,1.0574979e-08,1.0541549e-08,2.749596e-09,2.263613e-09,2.3076403e-09,6.924995e-09,6.066748e-09,4.057472e-09,5.5455947e-09,1.3446074e-08,1.1066337e-08,1.9404041e-08
31.5,75.625,1.07050075e-08,1.065111e-08,3.0504042e-09,2.6442366e-09,2.416721e-09,7.457716e-09,6.8747603e-09,4.861084e-09,5.358633e-09,1.1423357e-08,9.356032e-09,1.7927668e-08
31.5,76.25,1.1943388e-08,8.658797e-09,3.0595433e-09,2.9696614e-09,2.7048694e-09,8.263316e-09,7.563394e-09,5.7786247e-09,4.670979e-09,8.180745e-09,5.757465e-09,1.3193528e-08
31.5,76.875,7.674839e-09,6.6544703e-09,2.6426645e-09,2.9433695e-09,2.895834e-09,8.998037e-09,7.090516e-09,5.8131784e-09,3.9257544e-09,6.679536e-09,3.1628853e-09,1.0087432e-08
31.5,77.5,3.7432346e-09,3.2160443e-09,2.7322782e-09,3.376251e-09,2.8028455e-09,6.625756e-09,3.4713212e-09,2.0107862e-09,2.133504e-09,3.5274477e-09,1.9238011e-09,3.1813079e-09
31.5,78.125,1.5893982e-09,1.803938e-09,1.9966204e-09,3.1266933e-09,2.288343e-09,3.5278618e-09,6.5306677e-10,5.3305726e-10,8.774919e-10,1.5192466e-09,8.798745e-10,1.6186466e-09
31.5,78.75,8.95312e-10,1.1515842e-09,1.3983846e-09,1.7181361e-09,1.8960025e-09,1.6529744e-09,4.3032677e-10,3.4468278e-10,5.585075e-10,1.2463028e-09,4.4968448e-10,9.994324e-10
31.5,79.375,7.9096235e-10,9.2745617e-10,1.2285053e-09,1.696312e-09,1.8530911e-09,1.6901747e-09,5.6591665e-10,4.068044e-10,5.9396266e-10,1.0558444e-09,4.3291803e-10,8.070557e-10
31.5,80.0,7.1264383e-10,8.547879e-10,1.140432e-09,1.6605309e-09,1.8415903e-09,2.056847e-09,8.418071e-10,4.2875511e-10,5.5535077e-10,8.418161e-10,4.269907e-10,6.711572e-10
31.5,80.625,6.340908e-10,7.7372514e-10,1.0468497e-09,1.5286542e-09,1.5870308e-09,1.6541255e-09,8.9419655e-10,3.7488587e-10,5.007006e-10,7.142824e-10,4.2910195e-10,5.5237115e-10
31.5,81.25,5.943907e-10,7.044249e-10,1.1306791e-09,1.487996e-09,1.42268e-09,1.3147599e-09,8.494718e-10,4.860459e-10,6.124576e-10,7.230794e-10,4.6061263e-10,5.4638344e-10
32.0,72.5,1.0319616e-08,6.9937403e-09,2.6032043e-09,2.2763915e-09,2.2430735e-09,4.451336e-09,6.4282277e-09,4.599443e-09,6.4715815e-09,1.1425617e-08,7.3101547e-09,1.8698248e-08
32.0,73.125,9.692828e-09,6.385597e-09,2.4336568e-09,2.15461e-09,2.111483e-09,4.6297943e-09,6.2932854e-09,4.380504e-09,6.261458e-09,1.0959281e-08,6.8244237e-09,2.015634e-08
32.0,73.75,7.1628192e-09,6.4655348e-09,2.4101126e-09,1.9858535e-09,2.1013904e-09,4.8389475e-09,6.394019e-09,4.1366714e-09,6.0543965e-09,1.0777411e-08,7.0349566e-09,2.0539709e-08
32.0,74.375,8.0972224e-09,7.4318245e-09,2.5109639e-09,1.9891957e-09,2.1862963e-09,5.4157945e-09,6.399872e-09,4.255918e-09,5.993036e-09,1.0867202e-08,8.11336e-09,1.7679787e-08
32.0,75.0,9.300806e-09,1.07166915e-08,2.6366795e-09,2.3205702e-09,2.2143292e-09,6.333808e-09,6.2429404e-09,4.653074e-09,5.6478826e-09,1.0559191e-08,8.447736e-09,1.5678333e-08
32.0,75.625,8.72429e-09,1.0882788e-08,2.779096e-09,2.722726e-09,2.3047506e-09,7.159311e-09,6.798304e-09,5.4971876e-09,5.2600133e-09,8.695417e-09,6.3722685e-09,1.2409533e-08
32.0,76.25,7.532551e-09,8.058998e-09,2.8985736e-09,2.951176e-09,2.5133475e-09,7.330448e-09,6.675493e-09,6.1024634e-09,5.7622818e-09,6.590831e-09,3.9611296e-09,8.341293e-09
32.0,76.875,4.6986495e-09,4.168827e-09,2.6698825e-09,3.207858e-09,2.7905966e-09,6.0179106e-09,4.8641025e-09,5.5422413e-09,3.3446328e-09,4.6904125e-09,2.131234e-09,4.32861e-09
32.0,77.5,2.1178135e-09,1.8505821e-09,2.655871e-09,2.5521503e-09,2.4480546e-09,2.9979181e-09,1.5063361e-09,1.4343133e-09,1.4068368e-09,2.2348356e-09,1.1233585e-09,1.6457049e-09
32.0,78.125,1.2251083e-09,1.4464548e-09,1.734745e-09,2.0655402e-09,2.0446278e-09,1.6762443e-09,6.174168e-10,6.398019e-10,7.6259055e-10,1.2278856e-09,8.291664e-10,1.2562473e-09
32.0,78.75,8.5152213e-10,1.1994276e-09,1.4907671e-09,1.6228665e-09,1.6562955e-09,1.7346755e-09,7.3330586e-10,6.295114e-10,7.553165e-10,1.1029181e-09,5.9743993e-10,9.854599e-10
32.0,79.375,7.248472e-10,8.94421e-10,1.1207357e-09,1.4292426e-09,1.4740995e-09,1.7785851e-09,8.4261026e-10,6.5619665e-10,6.6685674e-10,1.0068142e-09,4.8905757e-10,7.931884e-10
32.0,80.0,6.768804e-10,7.860632e-10,9.759596e-10,1.4448215e-09,1.3694709e-09,1.7775733e-09,8.880373e-10,6.5591427e-10,5.5965765e-10,8.388126e-10,4.17648e-10,6.789407e-10
32.0,80.625,5.994374e-10,7.3563805e-10,8.9843527e-10,1.4238236e-09,1.3172924e-09,1.5490665e-09,9.2738395e-10,6.365719e-10,5.3790744e-10,7.1597395e-10,3.8229422e-10,5.785291e-10
32.0,81.25,5.5391086e-10,7.0059303e-10,9.8387e-10,1.2848073e-09,1.2715022e-09,1.4555079e-09,9.982511e-10,6.94918e-10,6.0219735e-10,6.392408e-10,3.7795092e-10,5.2291055e-10
32.5,72.5,1.0389501e-08,7.090829e-09,2.4604943e-09,2.2092934e-09,1.8937323e-09,4.712194e-09,7.1282162e-09,5.24093e-09,6.974138e-09,1.0365146e-08,6.4234125e-09,1.3680797e-08
32.5,73.125,8.961477e-09,6.587212e-09,2.4142275e-09,2.0445992e-09,1.8790043e-09,4.9085997e-09,6.597702e-09,4.7243813e-09,6.4856183e-09,9.011114e-09,5.9882344e-09,1.2903737e-08
32.5,73.75,6.300149e-09,6.2836847e-09,2.4217086e-09,1.8958057e-09,1.9738706e-09,4.929033e-09,6.4370003e-09,4.705414e-09,5.9933996e-09,8.4954594e-09,5.9019385e-09,1.455521e-08
32.5,74.375,7.320279e-09,7.3141257e-09,2.7000362e-09,2.0800695e-09,2.1700426e-09,5.0551496e-09,6.2820193e-09,5.197245e-09,5.648398e-09,8.507973e-09,6.3810757e-09,1.27961375e-08
32.5,75.0,8.524465e-09,1.2978535e-08,2.8380005e-09,2.465013e-09,2.1841324e-09,5.810864e-09,6.2437913e-09,5.92267e-09,5.246386e-09,8.3119325e-09,6.383349e-09,1.11653105e-08
32.5,75.625,7.608457e-09,1.1124259e-08,2.8648637e-09,2.656151e-09,2.1613145e-09,6.7454606e-09,6.8353003e-09,5.878911e-09,5.26616e-09,6.8922406e-09,4.5053032e-09,8.521123e-09
32.5,76.25,3.8108334e-09,5.2550195e-09,2.5712363e-09,2.4894407e-09,2.2025644e-09,5.5437757e-09,5.239445e-09,4.042436e-09,5.4119598e-09,4.7579354e-09,2.8929246e-09,4.387107e-09
32.5,76.875,1.6743987e-09,1.9735933e-09,2.1999254e-09,2.3822035e-09,2.0353055e-09,3.1369913e-09,1.7443742e-09,2.1123197e-09,1.6213335e-09,2.905225e-09,1.3304514e-09,1.6801466e-09
32.5,77.5,1.1483738e-09,1.2076282e-09,1.735411e-09,1.5534379e-09,1.5799713e-09,1.4871451e-09,7.5149575e-10,7.024543e-10,7.7851237e-10,1.6906992e-09,9.02196e-10,1.0188008e-09
32.5,78.125,9.085086e-10,1.0334154e-09,1.2844681e-09,1.3333402e-09,1.5021399e-09,1.2022648e-09,6.901855e-10,5.862389e-10,6.1853794e-10,9.937806e-10,6.530148e-10,8.482633e-10
32.5,78.75,7.1575873e-10,9.5353e-10,1.1692887e-09,1.1888518e-09,1.2020414e-09,1.2233803e-09,8.4238655e-10,6.841856e-10,6.014262e-10,8.7469176e-10,5.629606e-10,7.6582746e-10
32.5,79.375,6.266096e-10,8.10716e-10,9.77234e-10,1.001098e-09,1.0930652e-09,1.2493729e-09,9.61633e-10,7.838193e-10,5.6211896e-10,7.9221196e-10,4.9126736e-10,6.857681e-10
32.5,80.0,6.0542843e-10,7.0161726e-10,8.086355e-10,9.900856e-10,1.0859653e-09,1.3598158e-09,1.0213883e-09,9.101547e-10,5.7637717e-10,7.2434825e-10,4.181956e-10,6.3967315e-10
32.5,80.625,5.680179e-10,6.4880057e-10,7.3156775e-10,1.0017385e-09,1.1014121e-09,1.352862e-09,1.002685e-09,9.0537433e-10,6.1286687e-10,6.6033157e-10,3.6561637e-10,5.784542e-10
32.5,81.25,5.1594173e-10,6.250593e-10,7.428695e-10,9.562751e-10,1.1099532e-09,1.2883409e-09,9.889729e-10,9.20293e-10,6.314357e-10,5.790803e-10,3.4148304e-10,5.007502e-10
33.0,72.5,1.0841299e-08,6.885624e-09,2.4021913e-09,2.1627273e-09,1.6929906e-09,4.668008e-09,7.0146906e-09,5.4219487e-09,6.927966e-09,9.442362e-09,5.5175557e-09,1.031797e-08
33.0,73.125,8.404353e-09,6.664292e-09,2.4795423e-09,1.92278e-09,1.7508389e-09,4.6182738e-09,6.774144e-09,5.438481e-09,5.776667e-09,7.573378e-09,5.209298e-09,8.842681e-09
33.0,73.75,6.063937e-09,7.359744e-09,2.3939986e-09,1.9480526e-09,1.9146287e-09,4.5110253e-09,6.3713403e-09,5.3381286e-09,5.173399e-09,7.1220345e-09,5.0640665e-09,8.769188e-09
33.0,74.375,6.611651e-09,7.870891e-09,2.4791427e-09,2.264894e-09,2.0863398e-09,4.5666413e-09,5.8730696e-09,5.9179315e-09,4.9265623e-09,6.842438e-09,5.069425e-09,8.455603e-09
33.0,75.0,6.8683557e-09,8.615991e-09,2.4654232e-09,2.3555022e-09,2.0022555e-09,4.7287925e-09,5.9032734e-09,6.618932e-09,5.0012168e-09,6.3996173e-09,4.456274e-09,8.5254435e-09
33.0,75.625,7.223335e-09,8.026e-09,2.6462659e-09,2.2274758e-09,1.8738113e-09,4.946154e-09,5.861217e-09,5.516639e-09,4.4385655e-09,5.577456e-09,3.0433398e-09,7.0809683e-09
33.0,76.25,3.1176879e-09,3.0343381e-09,2.1344146e-09,1.7485776e-09,1.8979203e-09,3.5006413e-09,3.1942409e-09,2.2045525e-09,2.3850437e-09,3.0431857e-09,1.7718946e-09,2.910383e-09
33.0,76.875,1.1442046e-09,1.2685553e-09,1.5405055e-09,1.2722544e-09,1.3670138e-09,1.7485244e-09,8.1367696e-10,6.505902e-10,7.982181e-10,1.6042917e-09,9.518705e-10,1.1492455e-09
33.0,77.5,8.657463e-10,9.833069e-10,1.2255875e-09,9.050933e-10,1.0571548e-09,1.1931964e-09,6.6009703e-10,5.2784604e-10,5.3600224e-10,1.0865105e-09,7.0385464e-10,8.0255014e-10
33.0,78.125,7.517409e-10,8.546133e-10,1.0645391e-09,8.000921e-10,1.0535315e-09,1.0920341e-09,7.765985e-10,6.942836e-10,5.8667343e-10,8.166913e-10,5.3351124e-10,6.8591066e-10
33.0,78.75,6.596703e-10,7.708972e-10,9.984907e-10,7.6243145e-10,9.2111935e-10,1.0561735e-09,8.9847085e-10,8.5909463e-10,6.442937e-10,7.548622e-10,4.5919532e-10,6.3422123e-10
33.0,79.375,5.7518085e-10,6.985893e-10,8.54642e-10,7.045478e-10,9.280066e-10,1.0209514e-09,9.2166297e-10,9.615118e-10,6.074402e-10,6.898003e-10,4.0514292e-10,5.920961e-10
33.0,80.0,5.513277e-10,6.303528e-10,7.093521e-10,6.968398e-10,9.194471e-10,1.0235358e-09,9.271052e-10,1.0450716e-09,6.0814126e-10,6.45941e-10,3.7123252e-10,5.6219485e-10
33.0,80.625,5.3672444e-10,5.8467914e-10,6.434577e-10,7.203427e-10,9.0542324e-10,1.021698e-09,9.104996e-10,9.528422e-10,6.1897565e-10,6.152034e-10,3.4130587e-10,5.206302e-10
33.0,81.25,5.057986e-10,5.439965e-10,6.348643e-10,7.219836e-10,9.535824e-10,1.012963e-09,8.594579e-10,9.1863905e-10,6.147124e-10,5.581592e-10,3.1757233e-10,4.5609927e-10
33.5,72.5,9.8808295e-09,7.251525e-09,2.8608773e-09,2.0553161e-09,1.5667029e-09,3.951762e-09,6.627246e-09,5.2473257e-09,5.6473826e-09,7.304183e-09,4.631693e-09,8.233489e-09
33.5,73.125,8.339119e-09,7.9286036e-09,3.1144942e-09,1.8204239e-09,1.6568823e-09,3.9333523e-09,6.275477e-09,5.2954263e-09,4.8614046e-09,6.596684e-09,4.7366333e-09,6.7236465e-09
33.5,73.75,6.303992e-09,6.5145906e-09,2.9371245e-09,1.9704602e-09,1.777911e-09,3.656256e-09,5.588676e-09,5.0177813e-09,4.5762856e-09,6.109921e-09,4.4093973e-09,6.095127e-09
33.5,74.375,6.697367e-09,5.363438e-09,2.3927407e-09,2.4648086e-09,1.9154502e-09,3.727992e-09,5.016237e-09,4.3247024e-09,4.085939e-09,5.5112537e-09,3.941826e-09,5.8436154e-09
33.5,75.0,6.101813e-09,3.782505e-09,1.9465234e-09,2.3270579e-09,1.8400281e-09,3.6677232e-09,4.529555e-09,4.658428e-09,3.633943e-09,4.071582e-09,3.0590057e-09,6.706713e-09
33.5,75.625,4.6681166e-09,3.2555179e-09,2.1983801e-09,1.7407294e-09,1.6634981e-09,3.170707e-09,3.3999186e-09,3.7534074e-09,2.763905e-09,3.1295364e-09,1.9308515e-09,5.0328706e-09
33.5,76.25,1.8368383e-09,1.7595352e-09,1.8117091e-09,1.3176287e-09,1.5347422e-09,2.1591593e-09,1.5413039e-09,1.534774e-09,1.3886924e-09,1.958197e-09,1.1377977e-09,2.0124495e-09
33.5,76.875,9.496591e-10,1.0767305e-09,1.2836732e-09,9.718957e-10,1.1691914e-09,1.5005516e-09,8.7150503e-10,8.767271e-10,8.276251e-10,1.2787733e-09,8.226936e-10,1.1171849e-09
33.5,77.5,7.707387e-10,9.388056e-10,1.0194375e-09,8.245196e-10,9.594868e-10,1.3283473e-09,8.764009e-10,9.506199e-10,6.467493e-10,9.468059e-10,6.596214e-10,7.9515866e-10
33.5,78.125,6.7139433e-10,7.330425e-10,8.8377516e-10,6.9167844e-10,8.0904616e-10,1.0401436e-09,8.308088e-10,8.638658e-10,6.420806e-10,7.381814e-10,4.841283e-10,6.475267e-10
33.5,78.75,6.425536e-10,6.645249e-10,8.098494e-10,5.720022e-10,7.854176e-10,9.914061e-10,8.2494844e-10,9.207569e-10,6.7457606e-10,6.817157e-10,4.0935216e-10,5.8132704e-10
33.5,79.375,5.7147825e-10,6.3835764e-10,7.1776307e-10,5.3317245e-10,8.1566565e-10,9.500581e-10,8.522883e-10,9.965604e-10,6.644731e-10,6.253261e-10,3.750879e-10,5.4972027e-10
33.5,80.0,5.4053984e-10,6.0848643e-10,6.8107336e-10,5.451181e-10,8.45756e-10,9.340473e-10,9.2674585e-10,1.0499235e-09,6.611345e-10,5.919214e-10,3.7195869e-10,5.2521204e-10
33.5,80.625,5.129946e-10,5.580176e-10,6.4105377e-10,5.8404165e-10,8.681853e-10,9.706469e-10,9.618824e-10,9.969418e-10,6.769711e-10,5.897174e-10,3.5277117e-10,4.7701937e-10
33.5,81.25,4.8824184e-10,5.200462e-10,6.107929e-10,6.069505e-10,8.6231394e-10,9.583611e-10,8.9780705e-10,9.093809e-10,6.4475225e-10,5.5193117e-10,3.2770134e-10,4.3095533e-10
34.0,72.5,6.120502e-09,6.5166126e-09,3.2772425e-09,1.6379528e-09,1.4199809e-09,3.2696676e-09,5.8692406e-09,5.503906e-09,4.961843e-09,6.4640444e-09,3.9031116e-09,5.98526e-09
34.0,73.125,8.928522e-09,7.2516753e-09,3.0902974e-09,1.5426226e-09,1.4505956e-09,3.1057463e-09,5.536659e-09,5.644878e-09,4.578688e-09,6.0613217e-09,4.3569344e-09,5.1077405e-09
34.0,73.75,8.35551e-09,4.5471427e-09,3.1484757e-09,1.7182838e-09,1.5800227e-09,2.8582046e-09,5.1302176e-09,3.9731383e-09,4.2796238e-09,5.190224e-09,3.8360364e-09,4.503966e-09
34.0,74.375,4.803249e-09,4.2720933e-09,2.483195e-09,2.2805675e-09,1.8930648e-09,2.9868679e-09,4.4381876e-09,3.8998436e-09,4.2801767e-09,4.687765e-09,3.4568832e-09,4.55891e-09
34.0,75.0,4.1310093e-09,2.6214662e-09,1.8348902e-09,2.6541804e-09,1.8943118e-09,2.9818503e-09,3.6022885e-09,3.770915e-09,3.399983e-09,3.1868126e-09,2.5864892e-09,4.303991e-09
34.0,75.625,2.2278266e-09,1.7673085e-09,1.6435223e-09,1.876172e-09,1.4973099e-09,2.402798e-09,2.194574e-09,2.5698432e-09,2.1813131e-09,1.9141653e-09,1.4247101e-09,2.7303984e-09
34.0,76.25,1.1668764e-09,1.2143399e-09,1.3899346e-09,1.1776651e-09,1.2152566e-09,1.647455e-09,1.1585551e-09,1.4321679e-09,1.1990475e-09,1.39632e-09,1.0401242e-09,1.5636258e-09
34.0,76.875,9.673193e-10,9.1082136e-10,1.1038729e-09,9.45039e-10,1.0722752e-09,1.3626467e-09,1.0424643e-09,1.4380467e-09,9.644169e-10,1.19727e-09,9.015309e-10,1.1755145e-09
34.0,77.5,7.6421136e-10,7.6703643e-10,8.572348e-10,7.9532486e-10,9.239909e-10,1.247103e-09,9.848178e-10,1.1986442e-09,7.560213e-10,8.376702e-10,6.6213296e-10,8.271083e-10
34.0,78.125,6.372924e-10,6.474739e-10,7.3031076e-10,6.3391226e-10,7.439036e-10,1.0237424e-09,8.590912e-10,9.801491e-10,6.965669e-10,6.554705e-10,5.097651e-10,6.4260697e-10
34.0,78.75,6.0791394e-10,6.1045563e-10,6.862938e-10,5.4221244e-10,6.363155e-10,1.0095467e-09,8.4766383e-10,1.0650658e-09,7.104973e-10,6.071316e-10,4.3665502e-10,5.52424e-10
34.0,79.375,5.402877e-10,6.016814e-10,6.516065e-10,5.2569565e-10,6.5376093e-10,9.949682e-10,9.54137e-10,1.1361971e-09,7.4561896e-10,5.718704e-10,4.1803405e-10,5.154845e-10
34.0,80.0,4.9330845e-10,5.680382e-10,6.496481e-10,5.2215055e-10,7.1741457e-10,9.687104e-10,1.0164595e-09,1.063907e-09,7.3338247e-10,5.452456e-10,4.2872536e-10,4.877944e-10
34.0,80.625,4.6559362e-10,5.2353594e-10,6.2158584e-10,5.069165e-10,7.634907e-10,1.0172282e-09,1.0566752e-09,9.767165e-10,7.561767e-10,5.6783633e-10,4.2864767e-10,4.453718e-10
34.0,81.25,4.563199e-10,5.1149124e-10,6.117574e-10,5.2600924e-10,7.625336e-10,1.0218894e-09,1.0128361e-09,9.252567e-10,7.0884126e-10,5.4861593e-10,4.092565e-10,4.23003e-10
34.5,72.5,4.259166e-09,5.648382e-09,2.7101799e-09,1.4665661e-09,1.2739007e-09,2.7620028e-09,4.943419e-09,5.8463603e-09,4.300697e-09,5.2910534e-09,3.3637964e-09,4.891875e-09
34.5,73.125,6.5106933e-09,5.8403953e-09,2.2753242e-09,1.4691884e-09,1.3403672e-09,2.5218014e-09,4.49341e-09,4.0837302e-09,3.7160703e-09,4.847264e-09,3.4735725e-09,4.3283586e-09
34.5,73.75,6.205619e-09,3.3018657e-09,2.4440354e-09,1.4859288e-09,1.3807736e-09,2.277208e-09,3.532309e-09,3.148645e-09,3.1150953e-09,3.3588756e-09,3.405042e-09,3.729179e-09
34.5,74.375,3.4232006e-09,4.5204263e-09,2.9218574e-09,2.0119368e-09,1.482472e-09,2.3156947e-09,3.4601213e-09,3.55659e-09,3.073914e-09,2.9385645e-09,3.09246e-09,3.9271284e-09
34.5,75.0,2.5514373e-09,3.0349696e-09,2.1959854e-09,2.2462645e-09,1.5965512e-09,2.2916613e-09,2.6805083e-09,2.9132103e-09,2.5094968e-09,2.4932532e-09,2.3485236e-09,3.4207708e-09
34.5,75.625,1.6432563e-09,1.658632e-09,1.3833702e-09,1.6833251e-09,1.4301889e-09,1.899745e-09,1.8946462e-09,2.0729987e-09,1.7601035e-09,1.8065095e-09,1.4105827e-09,2.3262297e-09
34.5,76.25,1.2274889e-09,1.1332161e-09,1.1498097e-09,1.1798061e-09,1.1679152e-09,1.6138074e-09,1.352294e-09,1.7446894e-09,1.3037569e-09,1.389596e-09,1.1506452e-09,1.5229029e-09
34.5,76.875,9.498069e-10,7.8365753e-10,8.9418667e-10,8.589516e-10,1.0343478e-09,1.199578e-09,1.0549442e-09,1.3513953e-09,9.714541e-10,1.06835e-09,1.0472869e-09,1.0841809e-09
34.5,77.5,7.752706e-10,6.371903e-10,7.457777e-10,7.3923173e-10,9.740534e-10,1.0499775e-09,9.011883e-10,1.0304757e-09,8.087114e-10,7.404698e-10,7.7120504e-10,7.981283e-10
34.5,78.125,6.085181e-10,5.839747e-10,6.803894e-10,5.963615e-10,6.8137584e-10,9.068913e-10,8.155271e-10,8.9675983e-10,6.8319733e-10,6.1398675e-10,5.941288e-10,6.3772304e-10
34.5,78.75,5.649701e-10,5.470143e-10,6.529616e-10,5.497442e-10,5.926781e-10,9.778546e-10,8.695687e-10,1.1271939e-09,7.462272e-10,5.6124433e-10,5.44829e-10,5.562224e-10
34.5,79.375,5.054748e-10,5.2657706e-10,6.3043504e-10,5.40348e-10,5.9287614e-10,1.0827762e-09,1.0722834e-09,1.2152571e-09,8.4041674e-10,5.3827776e-10,5.2468224e-10,4.966478e-10
34.5,80.0,4.5234086e-10,5.0757715e-10,6.3261896e-10,5.3833005e-10,6.5552125e-10,1.0725709e-09,1.1622207e-09,1.0683224e-09,8.0310286e-10,5.307194e-10,5.1726845e-10,4.5649476e-10
34.5,80.625,4.4683987e-10,5.0387217e-10,6.472259e-10,5.2260907e-10,7.1541223e-10,1.1024365e-09,1.1269483e-09,9.441764e-10,7.448573e-10,5.475909e-10,5.0627397e-10,4.3202733e-10
34.5,81.25,4.5278642e-10,5.05681e-10,6.445047e-10,5.353628e-10,7.205428e-10,1.1238512e-09,1.1391569e-09,9.3125274e-10,7.328671e-10,5.495969e-10,4.752356e-10,4.1860954e-10
35.0,72.5,2.9183285e-09,3.6190113e-09,2.1235924e-09,1.3439018e-09,1.142772e-09,2.4651514e-09,3.5833065e-09,3.8500048e-09,3.3488865e-09,3.8565195e-09,2.718798e-09,3.8958317e-09
35.0,73.125,3.8435064e-09,3.3943945e-09,2.2174649e-09,1.4112602e-09,1.1845098e-09,2.0544368e-09,3.4346628e-09,2.4584008e-09,2.9492375e-09,3.6878598e-09,2.3490276e-09,3.6908652e-09
35.0,73.75,3.00257e-09,2.2019657e-09,1.9418365e-09,1.3298112e-09,1.1819995e-09,1.5749019e-09,1.9168116e-09,1.9224589e-09,1.9989936e-09,2.7995815e-09,2.513328e-09,3.0325982e-09
35.0,74.375,2.7660871e-09,2.4619675e-09,2.6565674e-09,1.5790023e-09,1.1004255e-09,1.4990216e-09,1.7904724e-09,2.0442597e-09,1.9697932e-09,2.5913693e-09,2.706622e-09,3.2060623e-09
35.0,75.0,2.400584e-09,2.3643227e-09,1.844253e-09,1.6116797e-09,1.1864975e-09,1.6155544e-09,1.6054783e-09,1.7327669e-09,1.6441883e-09,1.9571518e-09,2.23323e-09,3.1860643e-09
35.0,75.625,1.9138446e-09,2.015085e-09,1.6046158e-09,1.4650692e-09,1.2389108e-09,1.7401703e-09,1.5199417e-09,1.6264001e-09,1.4792402e-09,1.6464604e-09,1.7796726e-09,2.560719e-09
35.0,76.25,1.3762197e-09,1.2261226e-09,1.126845e-09,1.0212358e-09,1.2583256e-09,1.637549e-09,1.1972545e-09,1.4995256e-09,1.1947389e-09,1.1242747e-09,1.5115877e-09,1.5756344e-09
35.0,76.875,9.749969e-10,7.6436324e-10,8.664471e-10,7.3316087e-10,9.2471336e-10,1.1385509e-09,9.580977e-10,9.161654e-10,8.215997e-10,8.2689744e-10,1.2993003e-09,1.0591523e-09
35.0,77.5,8.012426e-10,6.1578265e-10,7.5190576e-10,6.634102e-10,7.6701134e-10,9.630299e-10,8.463179e-10,7.752946e-10,7.088072e-10,6.916358e-10,9.610707e-10,8.1360163e-10
35.0,78.125,6.413145e-10,5.4675037e-10,6.8707495e-10,5.73069e-10,6.0438965e-10,8.3870383e-10,7.92456e-10,8.386365e-10,6.740114e-10,6.0157657e-10,7.1944534e-10,6.5276773e-10
35.0,78.75,5.8336586e-10,5.124718e-10,6.580041e-10,5.35198e-10,5.5897176e-10,9.523394e-10,8.615079e-10,1.090297e-09,7.1488376e-10,5.7151645e-10,6.5313843e-10,5.7393323e-10
35.0,79.375,5.492286e-10,5.0938803e-10,6.465731e-10,5.518152e-10,6.229628e-10,1.1623873e-09,1.2009291e-09,1.2075411e-09,8.495818e-10,5.7167876e-10,6.3300926e-10,5.2173543e-10
35.0,80.0,4.987691e-10,5.009366e-10,6.288196e-10,5.884281e-10,7.324322e-10,1.1733808e-09,1.3732088e-09,1.1802049e-09,8.3369595e-10,5.5401606e-10,5.7047295e-10,4.74306e-10
35.0,80.625,4.660419e-10,4.87349e-10,6.3992056e-10,5.811673e-10,7.4118245e-10,1.1350418e-09,1.1408805e-09,9.98372e-10,7.260876e-10,5.2735094e-10,5.1073906e-10,4.2991039e-10
35.0,81.25,4.8431525e-10,5.0415844e-10,6.581728e-10,5.892788e-10,7.168425e-10,1.1935223e-09,1.1914528e-09,9.751799e-10,7.316203e-10,5.4539967e-10,5.03825e-10,4.272864e-10
35.5,72.5,1.574958e-09,1.4283187e-09,1.1529416e-09,9.787547e-10,1.0436518e-09,1.415655e-09,1.7727886e-09,1.8328994e-09,1.763011e-09,2.5402387e-09,1.4249015e-09,2.8541576e-09
35.5,73.125,1.8584508e-09,1.7682871e-09,2.1705764e-09,9.876394e-10,9.409963e-10,1.3238112e-09,2.2854356e-09,1.8184428e-09,1.7198015e-09,2.1423001e-09,1.6005913e-09,3.0680776e-09
35.5,73.75,2.1388282e-09,1.924712e-09,1.7880953e-09,1.1021741e-09,1.0979079e-09,1.5341963e-09,2.0468105e-09,2.1442839e-09,2.2188829e-09,2.4160909e-09,2.1176523e-09,3.1106662e-09
35.5,74.375,2.45956e-09,2.142138e-09,1.7546751e-09,1.12899e-09,1.1769221e-09,1.6339281e-09,1.9459154e-09,2.0946285e-09,1.8614439e-09,1.94348e-09,2.180468e-09,2.660591e-09
35.5,75.0,2.172574e-09,2.1604132e-09,1.4099619e-09,1.0464742e-09,1.3332269e-09,1.4841286e-09,1.419494e-09,1.6478026e-09,1.3588193e-09,1.3591609e-09,2.077627e-09,2.3936093e-09
35.5,75.625,1.8205794e-09,1.9735893e-09,1.281052e-09,1.0079609e-09,1.3620776e-09,1.320196e-09,1.1557185e-09,1.1708313e-09,1.0843944e-09,1.0246098e-09,1.9311226e-09,2.0846305e-09
35.5,76.25,1.2748844e-09,1.1533347e-09,1.0522554e-09,8.082927e-10,1.0493343e-09,1.1527352e-09,9.779196e-10,8.8607144e-10,8.1575996e-10,8.484778e-10,1.5814521e-09,1.5515272e-09
35.5,76.875,9.526684e-10,7.3331863e-10,8.236642e-10,6.465315e-10,7.358795e-10,1.0101416e-09,8.6483787e-10,7.364082e-10,6.9792355e-10,7.654809e-10,1.2681842e-09,1.1051644e-09
35.5,77.5,8.1596635e-10,6.200845e-10,7.4617745e-10,6.013486e-10,6.5069417e-10,9.843765e-10,8.4252955e-10,9.019692e-10,7.147909e-10,7.252321e-10,1.0442477e-09,8.728352e-10
35.5,78.125,6.920422e-10,5.447954e-10,7.420517e-10,5.903285e-10,6.4547095e-10,9.704593e-10,9.0657193e-10,9.83226e-10,7.0379547e-10,6.4940114e-10,8.893645e-10,6.922363e-10
35.5,78.75,6.186752e-10,4.946798e-10,6.8280254e-10,5.5965393e-10,6.2634226e-10,1.0883885e-09,1.0117029e-09,1.058725e-09,7.600193e-10,6.129709e-10,7.712392e-10,5.874922e-10
35.5,79.375,5.9109745e-10,4.972357e-10,6.505705e-10,5.860387e-10,6.625258e-10,1.2781924e-09,1.4804191e-09,1.3332714e-09,9.0155183e-10,6.08505e-10,6.5983174e-10,5.291058e-10
35.5,80.0,5.374675e-10,4.950574e-10,6.3157374e-10,6.9803924e-10,7.922242e-10,1.2430443e-09,1.6731293e-09,1.5212361e-09,8.643384e-10,5.9529903e-10,5.7110294e-10,4.869335e-10
35.5,80.625,4.8629056e-10,4.7865906e-10,6.157456e-10,6.7818573e-10,8.272544e-10,1.1312143e-09,1.318551e-09,1.1966492e-09,7.5424783e-10,5.8756466e-10,5.3163657e-10,4.505647e-10
35.5,81.25,5.06112e-10,4.814779e-10,6.245655e-10,6.0577476e-10,7.885202e-10,1.2399483e-09,1.3097091e-09,1.0652456e-09,7.2069123e-10,6.0239164e-10,5.3297333e-10,4.4240767e-10
36.0,72.5,1.2837675e-09,1.0112484e-09,8.7255686e-10,6.8932704e-10,9.729789e-10,1.1533379e-09,1.0091138e-09,1.05091e-09,8.7437785e-10,1.456464e-09,1.1223031e-09,1.9502142e-09
36.0,73.125,1.3418074e-09,1.081109e-09,1.001298e-09,7.3973955e-10,8.925693e-10,9.844258e-10,9.1168784e-10,9.66217e-10,7.4378576e-10,1.178595e-09,1.1069043e-09,2.2401239e-09
36.0,73.75,1.4950426e-09,1.5021786e-09,1.3905544e-09,9.0608426e-10,1.0652192e-09,1.1480287e-09,1.1986554e-09,1.3802425e-09,1.415801e-09,1.5876843e-09,1.4230522e-09,2.5077775e-09
36.0,74.375,1.8888988e-09,1.6265683e-09,1.2541449e-09,9.0283847e-10,1.1057798e-09,1.4174854e-09,1.4649614e-09,1.4139194e-09,1.6656145e-09,1.200874e-09,1.6339565e-09,1.9989428e-09
36.0,75.0,1.85684e-09,1.418631e-09,1.3060044e-09,8.598497e-10,1.0214866e-09,1.3832353e-09,1.2421498e-09,1.0264783e-09,9.354646e-10,1.0184451e-09,1.7550519e-09,1.9029536e-09
36.0,75.625,1.5535088e-09,1.2417424e-09,1.0998975e-09,7.5838796e-10,9.259932e-10,1.1891169e-09,1.1182532e-09,8.646176e-10,7.2406203e-10,9.232993e-10,1.6148154e-09,1.739172e-09
36.0,76.25,1.2251904e-09,1.0348892e-09,8.9644575e-10,6.7275907e-10,7.7932255e-10,1.060289e-09,9.381805e-10,8.2455953e-10,6.8173267e-10,8.2538104e-10,1.3634993e-09,1.4200962e-09
36.0,76.875,9.691722e-10,7.5107814e-10,7.9034296e-10,6.5585004e-10,6.7775435e-10,1.0174593e-09,8.3563134e-10,8.5551166e-10,6.901891e-10,7.150186e-10,1.1832639e-09,1.1237522e-09
36.0,77.5,8.503823e-10,6.476231e-10,7.746028e-10,5.9725586e-10,6.736121e-10,1.1260568e-09,9.4275e-10,1.0301896e-09,8.083912e-10,6.937271e-10,1.1450728e-09,9.401644e-10
36.0,78.125,7.3352874e-10,5.848558e-10,7.5444356e-10,5.8527705e-10,7.114698e-10,1.1793001e-09,1.1008847e-09,1.2646376e-09,8.794132e-10,7.0025946e-10,9.950127e-10,7.6176776e-10
36.0,78.75,6.463502e-10,5.397586e-10,7.0514017e-10,5.7887267e-10,6.9781275e-10,1.272205e-09,1.1357022e-09,1.139395e-09,8.4985086e-10,6.8870926e-10,8.3257606e-10,6.471641e-10
36.0,79.375,5.9474875e-10,5.054293e-10,6.5761907e-10,6.4386935e-10,7.23572e-10,1.4120133e-09,1.410663e-09,1.2626462e-09,9.565346e-10,6.781015e-10,7.4657197e-10,5.807838e-10
36.0,80.0,6.457671e-10,5.349818e-10,6.6288897e-10,7.5368894e-10,9.015689e-10,1.5399526e-09,1.761794e-09,1.4069845e-09,1.095278e-09,7.245683e-10,7.3561823e-10,5.6165694e-10
36.0,80.625,6.6033e-10,6.063193e-10,6.748628e-10,7.833612e-10,1.0455734e-09,1.4617854e-09,1.5866283e-09,1.2426447e-09,1.0966725e-09,7.241062e-10,7.2547546e-10,5.674962e-10
36.0,81.25,6.383041e-10,6.0048266e-10,6.38428e-10,7.6017287e-10,9.968458e-10,1.3561627e-09,1.308983e-09,1.1701492e-09,9.885337e-10,6.906456e-10,6.6445405e-10,5.5890736e-10
36.5,72.5,1.0542233e-09,8.8761193e-10,6.6811034e-10,5.811275e-10,9.337698e-10,1.1332948e-09,9.570819e-10,1.0127479e-09,7.914367e-10,9.0981184e-10,8.904299e-10,1.5925113e-09
36.5,73.125,1.1065119e-09,9.891689e-10,8.948175e-10,6.646911e-10,8.7227436e-10,9.1515634e-10,8.2581764e-10,8.8896124e-10,6.2188793e-10,8.053061e-10,9.0657953e-10,1.7394535e-09
36.5,73.75,1.287874e-09,1.2231992e-09,1.0429092e-09,7.2188316e-10,9.2914165e-10,9.915235e-10,8.9648317e-10,9.384077e-10,7.441363e-10,1.010333e-09,1.1768521e-09,2.0130408e-09
36.5,74.375,1.5605047e-09,1.3129713e-09,1.1151976e-09,7.915144e-10,1.0003738e-09,1.260624e-09,1.0451635e-09,1.1256719e-09,8.6562113e-10,1.0282754e-09,1.4212673e-09,1.8265184e-09
36.5,75.0,1.5714228e-09,1.1837662e-09,1.0849496e-09,7.6310785e-10,9.167296e-10,1.3196124e-09,1.2321086e-09,1.0457978e-09,8.0727136e-10,9.2035907e-10,1.4273875e-09,1.5404776e-09
36.5,75.625,1.3768258e-09,9.93219e-10,9.761659e-10,7.248011e-10,8.060463e-10,1.3420769e-09,1.209518e-09,1.036182e-09,7.9173035e-10,8.353433e-10,1.411676e-09,1.3911151e-09
36.5,76.25,1.243604e-09,9.409189e-10,8.8346713e-10,6.5515277e-10,7.9457124e-10,1.3295448e-09,1.2149309e-09,1.1874112e-09,7.797667e-10,8.1550766e-10,1.3529075e-09,1.2495274e-09
36.5,76.875,1.0255307e-09,8.023306e-10,8.3557194e-10,6.033798e-10,8.0033075e-10,1.2728341e-09,1.1900005e-09,1.3938262e-09,7.965469e-10,7.902032e-10,1.2008741e-09,1.1147397e-09
36.5,77.5,8.6853097e-10,6.9982564e-10,8.051112e-10,5.641313e-10,7.489975e-10,1.2831379e-09,1.1756687e-09,1.5221236e-09,9.0670566e-10,7.852083e-10,1.0949823e-09,9.820433e-10
36.5,78.125,8.282262e-10,6.50514e-10,7.698903e-10,6.812325e-10,8.358854e-10,1.3651137e-09,1.3960452e-09,1.5136558e-09,9.85161e-10,8.117661e-10,9.94341e-10,8.725501e-10
36.5,78.75,8.1034984e-10,6.621568e-10,7.422314e-10,8.199267e-10,8.5789115e-10,1.5736608e-09,1.3476145e-09,1.372013e-09,1.0217567e-09,7.9429135e-10,9.761834e-10,8.477526e-10
36.5,79.375,8.5008156e-10,7.40286e-10,7.641583e-10,9.089548e-10,9.387848e-10,1.869853e-09,1.5030575e-09,1.3633141e-09,1.1507344e-09,8.3962304e-10,1.0528292e-09,9.399407e-10
36.5,80.0,9.077694e-10,8.518209e-10,7.83386e-10,9.149272e-10,1.1180763e-09,2.0422173e-09,1.6247244e-09,1.3323326e-09,1.2385537e-09,9.031153e-10,1.1322034e-09,9.913693e-10
36.5,80.625,1.0730645e-09,1.027731e-09,8.2049195e-10,9.480062e-10,1.3188399e-09,1.8391575e-09,1.4575607e-09,1.3028033e-09,1.2539924e-09,9.512452e-10,1.2448784e-09,1.149196e-09
36.5,81.25,1.113792e-09,1.128961e-09,8.534758e-10,9.844543e-10,1.3408108e-09,1.6541019e-09,1.3618584e-09,1.2900044e-09,1.2209929e-09,9.639708e-10,1.239611e-09,1.2718824e-09
37.0,72.5,8.8284813e-10,7.604573e-10,5.8154787e-10,5.1532695e-10,9.35653e-10,1.1503706e-09,1.0208235e-09,1.0422918e-09,7.9764584e-10,7.3780915e-10,8.6262253e-10,1.1407357e-09
37.0,73.125,9.607714e-10,7.9747453e-10,6.591868e-10,5.6552396e-10,7.874658e-10,9.732579e-10,8.677681e-10,8.750988e-10,6.6329264e-10,7.1931394e-10,8.226351e-10,1.3365441e-09
37.0,73.75,1.0862055e-09,9.506838e-10,7.5792383e-10,6.476115e-10,8.2024065e-10,1.0375554e-09,8.9310553e-10,8.979902e-10,6.784386e-10,8.506195e-10,9.341041e-10,1.7023668e-09
37.0,74.375,1.3229015e-09,1.0406609e-09,9.219978e-10,6.940829e-10,8.1703727e-10,1.1659457e-09,1.0215937e-09,1.0430656e-09,7.3783335e-10,8.416364e-10,1.1099474e-09,1.745301e-09
37.0,75.0,1.4453294e-09,1.0372604e-09,9.960465e-10,7.2600237e-10,8.7562263e-10,1.3235762e-09,1.2808473e-09,1.2027113e-09,8.051094e-10,8.6384566e-10,1.2256806e-09,1.5790826e-09
37.0,75.625,1.3139193e-09,9.219413e-10,9.370833e-10,6.942156e-10,8.848753e-10,1.5907896e-09,1.4789632e-09,1.3098593e-09,8.578923e-10,8.9517743e-10,1.2536077e-09,1.3526193e-09
37.0,76.25,1.2004993e-09,9.1857133e-10,8.8661367e-10,6.979293e-10,9.0090146e-10,1.6738113e-09,1.489591e-09,1.578989e-09,9.2696084e-10,9.632483e-10,1.3034386e-09,1.2637813e-09
37.0,76.875,1.109448e-09,1.0275157e-09,9.1304403e-10,8.39477e-10,1.1160226e-09,1.7397269e-09,1.4570546e-09,1.7878794e-09,1.0342319e-09,1.053974e-09,1.4201267e-09,1.4511923e-09
37.0,77.5,9.894405e-10,9.29672e-10,8.817948e-10,8.770202e-10,1.0332586e-09,1.7229013e-09,1.3698788e-09,1.7379672e-09,1.0748826e-09,1.0525621e-09,1.3130299e-09,1.352336e-09
37.0,78.125,9.715679e-10,9.277231e-10,8.511287e-10,1.0015868e-09,9.722014e-10,1.7667313e-09,1.5073702e-09,1.6686256e-09,1.1069196e-09,9.833085e-10,1.2670739e-09,1.3483937e-09
37.0,78.75,1.1875197e-09,1.1312103e-09,8.90545e-10,1.1140573e-09,1.0238482e-09,1.9862378e-09,1.6412273e-09,1.4946261e-09,1.1843782e-09,1.0003872e-09,1.4120777e-09,1.6347085e-09
37.0,79.375,1.4879756e-09,1.4490463e-09,9.61757e-10,1.1934258e-09,1.2284735e-09,1.9903155e-09,1.6620063e-09,1.366776e-09,1.255637e-09,1.083628e-09,1.6011578e-09,1.9048356e-09
37.0,80.0,1.571077e-09,1.5698386e-09,9.847364e-10,1.1569703e-09,1.3619492e-09,1.8649415e-09,1.5381977e-09,1.3699226e-09,1.3023623e-09,1.1400093e-09,1.6293673e-09,1.9308444e-09
37.0,80.625,1.5381005e-09,1.5764567e-09,9.568282e-10,1.0514309e-09,1.3004043e-09,1.7192708e-09,1.4252296e-09,1.2976691e-09,1.258646e-09,1.120866e-09,1.650839e-09,1.9127717e-09
37.0,81.25,1.4295113e-09,1.5991454e-09,9.408313e-10,9.912831e-10,1.1713147e-09,1.6315236e-09,1.3305689e-09,1.2726433e-09,1.1874477e-09,1.0950554e-09,1.616551e-09,1.877859e-09
