bernoulli,binomial,poisson,normal,exponential,uniform
1,4,3,-0.01222758521992526,1.3220128080016695,0.12749972667198572
0,5,4,1.5873276541102175,2.0500923778859024,0.0930303747408957
0,7,1,0.9572338077486858,0.21391332182344808,0.589267338756667
1,6,2,-0.5828867213760348,0.10271818805457007,0.5321179724587827
1,6,4,0.38934239421973693,2.280782568708252,0.26637764143002385
1,6,4,0.8262494226728235,0.4306221038655853,0.8994530845538352
1,6,5,0.08595738801721546,0.8014395246358925,0.9273664094615535
0,7,5,-0.5871541590312039,0.4455735206011498,0.40261143834016266
0,4,1,-0.5321724562434457,0.13444876910974438,0.8903025571135202
0,5,4,0.38547307045695217,0.8899693122366489,0.38394889426297263
1,4,3,0.41298056552504697,0.7447370489625473,0.7368168318297001
0,8,3,-0.2929546157635447,0.22689251890863743,0.47594221754772414
0,7,6,-2.6191522050533393,0.6012410509701797,0.12258315650718299
1,2,3,-1.2905227272912905,1.5942907324636526,0.9279342012370215
1,6,3,0.6196889216121123,0.8926379355783232,0.4540965933775366
1,7,2,-2.1308379973558758,0.10194117612026533,0.7344870403224036
1,4,6,1.1841810163672148,0.7941206605223793,0.36717381443129216
1,5,4,1.036157261138504,1.2131423809886033,0.01888087857623466
1,7,3,0.04109638193320572,1.5736046889119848,0.10053035869183591
1,2,4,0.5979310342286077,0.991870190148079,0.4962194794899244
0,6,5,0.5287746783588859,0.16565108197099515,0.6899643571263624
1,4,6,-0.11687312836621294,1.238472005559095,0.33473532657927907
1,7,7,-1.37388911758857,1.1311618632057319,0.6954884591776503
1,8,4,0.9672729750616863,0.024730168309727754,0.698635589431956
1,7,4,1.407230011383635,0.5305992863850642,0.7039359073278308
0,5,6,-1.208590524242342,0.40489064358806776,0.4925218540205084
1,7,3,-1.4112550051696995,1.1068825862563538,0.914886150121504
1,7,4,-0.13679690475734085,0.24351950362619595,0.4891965179806156
1,4,6,-0.6262245956364498,0.893727025197345,0.4502651934966382
1,7,6,0.14494924020545913,2.4442173441697936,0.199380819010627
0,2,3,1.2079940398603866,1.5985097044557224,0.3076550873563365
1,5,2,-2.2456704382724957,2.5441184069287166,0.042334492518303346
1,4,8,1.5812719516191547,3.8399799141206064,0.6335352936161702
0,3,4,-0.40666844187691986,0.010727461016831105,0.24853574392709288
0,3,4,0.5117789786504942,0.9748240573536343,0.3041552544854651
0,6,4,0.6187258381044658,0.5324568982088197,0.7708145216643212
1,4,1,0.7353411541977961,1.9650740413788839,0.3272211831614539
1,6,10,0.061908104029996795,0.29010460709960645,0.24219589201314218
0,3,6,0.29556060178674576,3.9648695641946974,0.16905774913370575
1,4,1,0.2890220506054031,0.9511616399750737,0.7748584021819559
1,5,8,-0.6302828007794473,1.577636007580913,0.12970625799002689
1,6,6,-1.7580551914371976,0.08948667746268846,0.4537537602503535
1,4,3,-1.2191858277651948,0.20267678769223474,0.5069301160771944
0,6,0,-0.10423797949803458,1.4204870159931824,0.6873899126857146
1,7,4,-0.786806656896385,0.022231827896392956,0.6332834823329955
0,5,5,-0.784496072389535,1.697602604565759,0.8107206729451748
1,4,2,1.7992510456861954,0.014047220535551224,0.04475143392623815
1,2,2,0.8588947966598731,1.0703713614170391,0.2964407247793972
1,7,4,-0.2520759659099735,0.4542781969054579,0.28013411877537975
1,2,3,0.672034945655442,0.9454488601481731,0.14601690559210823
0,7,7,-0.42026860559090073,1.1908308953772053,0.28917825385644313
0,5,7,0.11072343418649651,0.41927282618995904,0.3097653141429034
0,7,3,0.44162864841891597,0.11424704875779253,0.5218844619274783
0,6,7,-0.41760596777187864,0.0721899779484894,0.6637044789262561
1,9,1,-0.6852505475370957,0.889006413735262,0.3811005136118141
0,4,2,1.223931818468504,0.7353354282585661,0.7194702313133812
1,6,3,0.6141129671981066,1.3555751028413152,0.33616533857958
1,5,3,-2.2546108782927172,0.7128102580016906,0.29028367731476035
1,5,2,-0.6681359300316102,0.5489529709153086,0.5411880558570243
1,6,0,-0.7812724996943938,0.5076426585058242,0.023716360305790607
1,7,1,-0.6211380888123978,0.02680291287112042,0.07978912363400037
1,8,3,0.8624022887588952,0.4088064868466333,0.41796954358652705
0,6,4,0.019205968003691544,3.7305416983991,0.9429127113917565
1,5,3,-1.3896296708555456,2.067952405115221,0.7215117798434236
1,5,5,-0.3832148369586158,0.39954973900441526,0.08812656950055775
1,6,6,0.5417376476161898,0.8862354632477158,0.8463180127808737
1,4,3,-0.21964501553375435,1.879258754185018,0.732300770608181
0,3,2,-0.6446759511634914,0.5820966897077566,0.6109465257026532
1,4,3,0.33121927873852836,0.018121062943484756,0.8202929606091773
0,4,3,1.6181924894390771,0.07743245099642984,0.4041098477429571
0,4,3,0.4614248329585187,0.7141516813681918,0.22150105085385274
1,4,6,1.3009415130316988,3.488042885438253,0.5120233891087593
1,2,7,-0.5776142178649032,1.1815903123810303,0.5488417555934738
0,2,2,-0.008362111124060725,0.07355633050057403,0.5383263720099121
0,8,4,-0.028551984535682258,0.2099323002135541,0.5650737914801053
0,5,3,0.11867908406769122,1.475445377725653,0.9487049182391808
0,5,6,0.44051960638091603,1.8416206945030478,0.9022456230962314
1,6,8,-0.9189691210547781,0.9615354772201922,0.8757170365589394
1,4,5,0.6473326855134786,1.0340139339044647,0.8014168109086272
1,8,4,-1.6278859389552167,0.028746705975884024,0.9434281072652854
0,6,1,-1.3357566625066817,1.76334846865214,0.09849464167940325
0,3,2,2.1356261011732305,1.552467999388228,0.2651232614457395
1,5,5,-0.510120739478876,0.2998020827505302,0.4950559456545849
1,7,5,0.7295193509862021,1.2333217004808783,0.8465344931234052
1,7,3,1.6982903924269561,0.24188636360463658,0.5051657115227325
1,5,1,-2.314456078778476,0.0411659714355243,0.7480347393415887
0,5,1,1.1262461801557098,0.22456523967232642,0.13895990524891622
0,3,4,0.648943606259271,0.1967802336100322,0.2524138129765602
0,9,8,1.6403972809330398,0.41210912589659005,0.7317760950376724
1,4,3,-1.1815231616646271,0.5420574615692421,0.16473400888772405
1,7,6,1.4512546569546128,0.7103724707000952,0.35135593465492676
0,6,1,-0.7394144316026904,0.6477033242927798,0.2648662578135714
0,5,4,1.0547778142766568,0.31563528986043443,0.3498616942224785
1,5,4,-0.03602103575443992,0.02960459192117248,0.7083240490779703
0,4,6,0.7707688064351387,0.9291268186674587,0.367847181142801
1,4,1,0.04886918330515309,0.5037587031212968,0.5552633226079402
1,4,7,-1.839401584186729,0.35477982279793596,0.09993187705440965
1,4,2,-3.120544022943797,2.016962961994405,0.8050176932346278
1,6,5,0.20991553398349078,1.3733517109237485,0.36988862564812486
1,4,6,-0.2637350376313479,1.9502785150951847,0.6485341590333424
1,3,7,0.3982209514202937,0.6831627804108273,0.7253896016618326
0,8,5,-0.2521534658435748,0.1403330453692271,0.2096609221117004
1,7,4,2.0180773827178204,1.1914562512877922,0.88467498495335
1,7,5,0.23053712782830446,0.23076474388773582,0.6162242516069529
0,9,5,-0.44694772758266543,0.5820167473032931,0.42872514175148146
1,4,3,0.3373630663468662,0.06720959348940872,0.18233518357821954
1,5,1,-0.42867479688130566,1.7447331592951978,0.9423009379012067
0,6,4,0.09293023411398735,0.1346069892111933,0.7550682041316251
1,6,8,-1.2174801872358345,2.3340500333710437,0.20802456273324887
1,3,3,-0.008585201859605372,1.9967974372754707,0.3377107747242245
1,6,2,-0.4778523960351749,0.6247089564813596,0.8096742580880733
1,4,4,-1.1227366253686797,1.3640171679085704,0.695677663215339
0,4,3,1.9757358680726422,0.9661247594521223,0.7657842927157243
0,5,3,-1.0837353699401662,1.6249355952375757,0.4412011022129324
0,5,2,0.006964223441937532,0.565290786698282,0.7164762626421669
0,5,5,-0.8028080349487572,1.5408847307368387,0.3864937228639137
0,3,5,0.29703947087987503,0.620746181863521,0.21126291693819643
1,7,4,-1.2743851344689174,2.8296381360630725,0.63267703484136
0,4,3,0.8403568239355511,0.6662562072583974,0.9760139255987942
1,3,7,2.0361561863588413,0.6210484448761042,0.3106009713953296
0,7,4,-0.8395392371006698,1.5374515465553478,0.46096959221253964
0,8,3,1.2169688626813207,1.7236020204702065,0.6740013710698536
1,7,0,-0.38187934439569,0.8085335976249498,0.5415062821224879
1,6,2,1.5057911210760857,0.19820440020851102,0.8434277957090492
1,6,3,2.188498986095991,0.6306574397857653,0.7617427064695159
1,5,3,-0.23370501170845875,3.444287662727786,0.05829720386235704
0,3,5,-1.5202660808946518,1.398311045289649,0.998421233923774
0,5,4,0.9480843874360897,1.666868972210451,0.7524024537194672
1,4,5,0.22441720794411618,0.033376343572544265,0.8639033162941132
1,4,7,0.5017911677776411,0.6308476565458075,0.6511977120953464
1,6,3,-0.3398450418443653,1.0402145218398546,0.8562851280467623
1,5,5,-0.8844928186606991,1.7721491170512849,0.11238297492870941
1,3,2,1.1603481809669742,0.050529011350221885,0.3477378355593156
1,4,6,0.31978999455603274,1.9135128543837843,0.8764209436044927
0,6,5,-1.4435570341837254,0.7949605209822794,0.20165521126689223
1,3,6,0.6868752232028936,0.21979163847602065,0.07824209858002273
1,7,3,0.4861685979665005,0.3816341590085905,0.788118939945219
0,5,2,-0.3252989243235641,0.3311875974094449,0.8354861556432962
1,5,1,1.619813234242322,0.7568519891478418,0.1626522181899006
0,5,2,-0.6181731623472644,0.053069270406230634,0.8543459827827155
0,6,3,-0.16898649815484168,0.17261223537717646,0.6867677955971696
1,4,2,0.7686480879681981,1.6750065286082787,0.5200826832165839
1,6,7,0.0767629503307216,0.1422596484063167,0.830250192781385
1,5,2,-1.3844231543584364,0.26578525970018013,0.4192492493189658
1,4,4,0.18379937299342966,0.6039842301396461,0.1939939562233972
1,7,4,-0.4143897919652327,0.727988942605244,0.28485267661061364
0,6,0,0.8569962449162634,1.442274324441929,0.5051640182933148
1,6,4,0.15121834399513978,0.5929985914247257,0.5313307926731757
1,7,6,0.09450765304739081,1.5600032942342539,0.8055808264412336
1,7,4,-1.0482511637190517,0.9632416444984971,0.7913527236523344
0,6,7,-0.2300253079140055,0.12002274879418379,0.5813665572045749
1,7,2,0.9701010940126534,0.16999556103040914,0.7807854833654764
1,6,4,-0.776536344541371,0.5745355557446505,0.19177345829367098
1,6,5,-0.03255022308771416,0.5056546713627221,0.05006452709329434
0,5,5,-0.9364460516490096,1.3607992204454207,0.8736338226347001
1,6,1,-1.1838426410516691,0.8692572044436053,0.07555449376276957
0,3,5,-0.08485904498935258,0.491240472734114,0.2466884297439973
0,7,3,0.17380116487733835,0.18724600213676387,0.6953189496243846
1,7,4,1.9938629392325948,0.25726551821768306,0.40944793762730913
0,2,2,-0.455460383846209,0.8568456724540112,0.8763139699155088
1,6,5,-0.050169267633882464,0.5506737955565839,0.29797979466226954
0,3,8,-1.2500735179709248,0.7234569329469679,0.011871346669359295
0,4,4,0.6122400149069139,0.187146098564667,0.3006556405607441
1,6,9,0.3980947793532806,1.0873942043616682,0.5780750491848317
1,3,3,1.4883946776914283,1.9141897875717437,0.37593837540329333
0,6,3,1.1116221515087088,0.29832451189654763,0.5348727557587553
1,7,0,0.35140666884228294,0.6763180399553154,0.8765981188350187
1,5,4,-0.47007149958870037,3.7101982542723113,0.9124850542303685
1,1,4,0.2046684378900604,0.40532772837128406,0.2659740646541121
1,4,1,-0.11101346213176101,0.90398265033395,0.4621404732699007
0,5,3,0.9533975332379796,0.09452575776402292,0.5491440152414512
1,8,4,0.8262314899624682,0.9314424477681571,0.9491124568882471
1,6,7,-0.2964154436547553,0.09390611659763758,0.9986173191643847
1,4,4,-1.4619937798268778,3.199942087786592,0.23540724884152664
0,6,3,1.3333873002204246,1.2575939009346033,0.7269798713458154
1,5,1,0.581873956823205,1.5519230061193148,0.37803106223319516
0,6,5,-0.319490070572669,1.2177484570000021,0.008108196886213226
1,3,7,0.5428733481036709,0.890937449955458,0.009252522435902355
0,6,4,0.07486130625002908,0.5976784334835391,0.46056600756225574
1,5,4,1.3186179262194737,1.9545611193538637,0.4883349130043346
1,8,1,-1.9297802318050268,3.1427407623293977,0.022569696573442655
1,4,8,-0.39719096651343244,0.6912213819092711,0.6869274167743025
0,6,4,1.5990545154786884,2.681433331160105,0.2940033885949531
0,7,1,0.5631984034673122,0.8754677213268581,0.5598931015359494
1,3,1,1.772606668314208,0.7730223072182364,0.30091907316541877
0,7,2,-1.2218070931634644,0.6060208205992647,0.1671343148693072
0,6,4,1.0721967159384873,0.23482117200571417,0.4071737385988753
1,3,0,1.012224423453833,0.0037265959592833096,0.23227336479050076
1,4,7,-1.681728535328834,0.2764206896617385,0.5348009769191681
1,6,4,-0.29550228953308394,0.7127850914938828,0.19882853028647995
1,3,7,-0.10652910519408315,0.4779712098996148,0.5084059766446271
0,5,6,-1.6195560287674056,0.595086655520611,0.15737851486886756
0,4,5,-0.27460232652043887,3.944970851545388,0.670974709485785
0,5,7,0.8731831407786059,0.4312020357097774,0.7539376844414241
1,2,6,-0.39092305952474016,0.601813878717179,0.11039423424993378
1,7,8,0.24213315567402635,0.143311117307577,0.4678024120373392
0,8,4,0.24937028272765205,0.04914584647572164,0.07087170065487358
0,8,2,-0.012143411138766203,1.4934765999637727,0.5981824455420024
0,6,8,-0.7051820240254287,0.8455601129798249,0.26440429792964537
0,3,6,0.6588139748838979,1.4300573680300215,0.5276244568387078
0,6,2,-1.5870337615259915,0.16235752944881846,0.5174610093842912
1,2,5,0.008588138508182646,0.8482320960757755,0.9243543461938004
1,2,4,1.3854863405180886,0.29255053667024544,0.5490832225687229
0,4,3,-0.4473732498412154,0.25885080586812015,0.5829984797183156
0,5,4,-0.7273212215022773,0.011592953412733241,0.4016531257643803
1,6,3,0.7255161387753777,0.13965378032931636,0.9490796031828168
1,6,3,0.16343176058713194,0.3700035355725912,0.7771859094396096
0,5,6,0.7454472820569326,0.12429278382948347,0.28540529030284156
1,4,3,0.038498485695272235,4.258637328339708,0.8442095857762321
1,9,3,-2.3882924507511794,0.3690839735004288,0.43239636018509
1,5,3,1.179913410425699,0.13963448920533642,0.8286671435335939
0,5,5,2.0700263824782756,0.2219970997759337,0.822888068293502
0,3,3,1.2840410068362866,0.886011869378707,0.1888701867628544
1,6,4,-3.5388577250697595,0.06618630344124009,0.7011411313835769
0,6,3,0.4510882125055664,1.9836524230661559,0.2906429693065311
1,4,3,-0.46674581057504627,3.2570887062204377,0.2974926699926682
1,3,6,-1.084243753611709,0.2833546767059409,0.29634807688058074
0,6,4,0.122732161638273,0.5980102313789227,0.7255682475599482
0,6,7,-0.14894729489972075,0.022383093888224397,0.22982604179253607
0,4,0,0.5086578042798411,1.0236260426213855,0.0009058352460902253
0,8,6,0.05658018930545408,0.5343093165676217,0.7152368534826331
1,3,3,-1.120812106888977,0.3147908385971959,0.17118474383512527
1,5,4,-0.576601776742971,0.23172666938233993,0.10448239530783465
1,7,3,-0.7379585563250161,1.0613832045845761,0.23751612059406013
1,5,5,-1.7164831767444462,0.5382259937048771,0.379900522322704
1,6,3,-1.3716446439538834,0.19803552383751724,0.4759063274732007
0,5,2,-0.2110686698851942,1.1683131726587064,0.04457004071263082
1,4,1,1.423754075307279,0.8325754296013133,0.9705733326273605
0,8,4,-0.5355570796987947,1.9566722376461985,0.7160630534195581
0,5,9,-0.7574307747527896,0.12496918049263243,0.32319406532433614
0,7,2,-1.181286806672826,1.540222541442795,0.31869725728539733
1,4,6,0.03053649499535071,1.1193767460353796,0.4485425493684594
1,4,5,1.179259334610126,0.12217999204841887,0.626244822763033
1,2,3,2.0026827664085918,1.1868559041320002,0.14637306658896776
1,6,3,0.2853993767216869,0.5825853352838882,0.18892981376495233
0,4,2,0.13999374263643455,2.900145505746256,0.8594345828335509
1,7,4,-0.5434731072535431,0.1526983107468978,0.25625492388907256
1,5,3,-0.37656662149101117,1.0295529136766317,0.38019499797517753
0,8,1,0.6291750910507029,0.48123453315081194,0.871271850950117
1,4,5,-0.31487533206307944,3.142254438419255,0.6631478293998225
0,7,4,-0.16228244716741405,0.4004400975830923,0.34171187934168834
0,6,7,-0.025347274750424368,3.2750734810489286,0.6836995457246208
0,6,4,-0.5908281109074761,2.317555097472637,0.01968321538141371
1,7,7,-0.07497925907755129,0.3152358625674954,0.7356426600113652
1,6,4,-2.0194061287908016,1.627305474991052,0.4870160405162395
0,6,3,0.5488358830184623,5.427106149660531,0.8131821472844613
1,3,0,2.3517718389720548,0.29123906060190596,0.9546376520064683
0,2,4,-0.5520436151630664,0.5740799375368406,0.9257885494945683
0,7,1,0.3738371450016698,0.734345780501203,0.9092650434553408
0,5,3,0.8515763202461846,0.34945980122938997,0.5121699559338871
1,6,3,1.2802152727174614,0.015382546699889067,0.36014211413893804
1,5,2,-0.26432148874017936,0.24862707071701512,0.46503532473067277
0,3,5,-1.8033172536887192,0.33119780898082246,0.6898960033133608
1,3,5,0.26723195084876283,0.5862672821216833,0.8839977768711867
1,6,5,0.128628690654427,0.18765874839202423,0.20698630300011955
1,5,3,-0.34566637467600275,2.065573009422475,0.918193158461703
0,4,4,-0.13351212288434067,1.2204787230289535,0.8151802319698891
0,5,0,0.14368044501773122,0.08905033887088158,0.9788560151782346
1,3,3,0.36176199210385035,1.050086305505497,0.8802517732816871
1,5,3,0.3198097102399178,1.060324153708477,0.27993732969190666
0,4,8,-0.21768565950112867,3.1286049950043537,0.10595591134404769
0,6,4,0.38427883498595106,0.003025443398058438,0.11224107199158861
1,4,4,-0.2850308482748619,0.2849291316806406,0.2912233185782761
1,5,4,0.6420255015353197,2.6281972258541773,0.6141837239845392
0,2,2,-0.6274428354765009,2.6902188596061847,0.8043203260971725
0,3,5,0.07305819214956248,1.2750622269362244,0.8992503069815647
0,5,2,-1.6237385821172297,1.4514232262790463,0.6237533843692328
0,5,5,-0.36991046945714723,0.09594163285145516,0.0056313127480537295
1,5,3,0.5674887211299786,0.7212912037167176,0.1863167765185335
1,4,4,-1.0337348667080686,0.2634227131023665,0.09972620385336795
0,6,6,-0.32010047635008365,0.1999374620934279,0.36332447556901004
0,7,3,-2.4050695499102095,1.662328793459307,0.5013509936337459
0,6,9,-1.3680741085319892,0.14506986167022246,0.04339717857856085
0,2,4,-1.1064745561139018,0.6323374219932191,0.3484779757956553
1,5,4,0.10175105077163865,2.789991102479082,0.17917967462532258
1,3,1,0.33340901239271253,0.20558861431633274,0.6470701662588739
0,4,7,-0.05605556594019711,3.816413949302463,0.46427236932434
0,8,4,-0.38259338288737815,5.165183561136167,0.4953176469339088
0,3,4,-0.37910174834874727,0.8110688238573306,0.4276917880334611
0,5,4,0.7160457490404942,0.18650156909813925,0.956019710486567
0,5,3,0.2128198468830529,0.3799507180609543,0.21473512512156323
1,6,1,-0.33394559630536247,0.5525035968170129,0.5166642598438743
1,5,3,1.2932994952412589,0.3700847756873162,0.7360173683653359
1,1,9,1.9499750409961005,0.32938720665360544,0.5568444131345626
1,4,2,-1.2457424502336703,3.5837885065752024,0.9290208857168011
1,5,7,0.5225100702105114,0.16648540606465004,0.37796835564128417
1,3,2,3.089889607686385,1.321735497877455,0.463675805773178
1,4,5,0.28020554105019435,0.00041037363091626293,0.08852231521472842
1,2,0,0.11544263616427654,0.9067926552586009,0.6089991110519285
1,3,3,-0.055733939893613596,2.4762601858758786,0.28821196844810604
1,5,9,0.4901815174907414,0.33958480737817204,0.16030903951556885
1,3,6,0.7548991665498829,0.20521274249549099,0.5445312929045081
0,5,8,-1.2447668741691826,1.054633092607772,0.5323102633799106
1,6,5,-0.026483628288828647,1.2468852020033179,0.07587164122404755
1,6,5,-2.2694978644974095,1.1648499131108507,0.6982154534944728
1,4,5,-0.20931661662150006,0.3846583968691644,0.6237721906508529
0,3,2,-0.9026885938220728,0.2906229287461431,0.1890172827464972
1,3,9,0.33917757913548424,3.1217218904164907,0.46943486215404384
0,6,5,-1.6563805271410257,2.5678471595464196,0.72032291647856
1,6,1,-0.5123173104590948,0.6112292044117772,0.5294357405412765
1,2,4,0.9665442505206122,1.8720623407446966,0.3954890761835702
1,7,5,-0.6763331514442502,0.6020704539762938,0.32233845808094364
1,2,3,-1.904935777417886,0.5523232250552198,0.6103938666440536
0,5,5,0.2575331531289845,0.17050715956002996,0.9391086983102406
0,6,3,-0.5865289930926361,0.5558335484902193,0.6717448404774834
0,7,4,-0.18588543607289654,0.7709291459377752,0.0747459036363155
1,6,3,-0.7298695864625924,0.022761414169434977,0.4606849734821338
1,6,1,1.974396744480029,0.5871902521073249,0.8908241315106276
0,4,5,-1.5580727358535134,1.520311441478238,0.09446242580108688
1,6,3,2.8334956118942727,1.1395782197163231,0.9888757121375433
1,3,2,-0.39063653075135196,1.008288124398501,0.9490693936454213
1,7,2,0.1834465762181352,2.4030180848313276,0.07827448072987586
1,5,4,-0.5747964176044837,0.018196567722321363,0.9334133204495549
0,6,2,-0.6166335598554541,0.814292932747893,0.3631325902594622
0,5,4,-0.7848299034326331,1.5481022418713741,0.8447091670758625
0,6,3,0.6012579620436356,0.7794360172656328,0.4183833377132715
1,5,2,-1.4107996936270562,0.3914077068571167,0.44085511270251587
1,6,3,0.3641085442426688,0.14647255813141538,0.6342430909775426
1,3,10,-2.184492735051809,2.18536285292026,0.7744774192759833
1,3,4,0.2735287711417637,0.6363177842391305,0.033789150948248636
1,4,5,0.8491426059321912,2.1046789179097294,0.5931559955271343
0,3,3,-1.2745191073073694,0.8815321767443516,0.18673299409737099
0,7,4,0.6787426017187439,1.121447386099571,0.34594951786320294
1,4,4,0.05138541062432149,1.63097392851105,0.3479686661552165
0,8,3,1.5984264553578396,1.0763290482856556,0.4690603402211536
0,4,6,-0.8552063823110898,0.5075889352962613,0.3341364118761734
1,4,3,2.81598590372273,0.7207925854073832,0.10736111845066776
0,6,5,-2.3907821543252377,1.624782666674772,0.14562873852545144
1,6,3,-0.3295038006361257,0.4678464318667654,0.03343798556109767
1,5,0,-1.6985697106229332,0.49122147493741297,0.4702490853287543
1,5,6,1.8510541768497661,0.10058318535846737,0.9544476948529885
0,6,3,-0.2617009938158365,2.460226937437883,0.11567522364811655
1,4,2,-0.17168507736928265,0.0954501360377275,0.946264493003082
1,9,5,0.44323809808521286,1.0447185341382146,0.7333615147320935
1,8,6,-0.00480518632728754,0.5330618237643874,0.6374988029341632
1,6,1,-0.5937615564013348,0.5202354076709824,0.6452777553235629
0,4,6,-1.2566472506290483,1.1380347522784198,0.8267276483962821
0,6,2,0.16851340233342924,0.06945054687922772,0.10691986437982137
1,3,2,0.3788336326894784,0.9006777092953474,0.5047543235655417
1,2,2,0.6953772364017292,1.4785490719059255,0.6970911382607585
1,4,3,1.9127268503065222,1.7614985322976322,0.5868204450735637
1,5,4,-2.173768904413992,0.18696880581994255,0.8327790710232946
1,7,3,-0.06771719735270462,2.277103036761431,0.07227170901135149
1,6,3,1.1917378358214277,1.0675383974162391,0.690701039499166
1,6,1,-0.12452242443886458,2.1358409094433544,0.5340277303847177
0,5,4,-2.33817245369327,0.6641336086968487,0.3791608639799434
0,4,7,-1.2910395748499208,0.7809589034075168,0.34027498223403085
1,4,6,0.3285698496773193,2.5137787919089503,0.6208326327741929
1,8,6,0.2921972948833408,2.3016809354144474,0.8909953746442648
0,2,5,0.6725196983410208,0.5944987124438186,0.49617592610111527
1,7,3,-0.7810089435481842,0.320773788871442,0.8247231640769201
0,5,2,0.2598832349192977,0.4995073091684502,0.4021563818439675
0,5,5,-0.9458633078963248,0.49063798649394835,0.10239446279317654
1,6,6,0.2599579936436911,0.33808716489211416,0.06150573645863855
1,5,0,0.053212197103539735,0.3127668878653467,0.051334371323677574
0,7,6,-0.8208600201629043,1.9737342288170923,0.38015014195766994
1,7,3,1.558183630762687,0.07242223147368448,0.33723775083584207
1,5,4,-1.705635950162387,1.131996952882909,0.7179370236225695
0,4,4,-0.14162098301052742,0.18973301567705533,0.7428215015848658
1,5,3,-0.8429055643243101,0.42236596650386876,0.05085396883373983
1,7,10,1.8342020358562743,0.06351827817295681,0.22112326288901496
0,4,1,0.5983980076204188,0.31467463159516396,0.2742618501588997
1,5,5,-0.6493103753703896,1.4628345180666829,0.5476119841428094
1,6,2,-0.2797152893203726,2.1629564164310646,0.14451522390695026
0,6,2,1.861257373980529,0.25042116551909144,0.13394121940000037
1,3,3,-0.9462756317300305,0.6227778900557308,0.943788889207958
0,6,7,-1.7644481722305585,0.6354898706262965,0.804202907297781
0,7,1,0.2910068624638142,2.06810845052591,0.1806549020911703
1,4,2,0.3136403674078202,1.4388476189314854,0.40656780790549096
1,4,4,0.6660345733898599,0.7196497277487082,0.35562199925756555
1,8,6,0.6726257608719525,1.1109294356516097,0.7910040740654073
1,4,1,1.7707056507337993,1.879640668173544,0.5102129164781221
1,7,4,-1.7181374903760358,0.009584741254990228,0.12784973699346702
0,5,6,-1.202803194645333,0.5156539799565166,0.7389920631562439
1,4,3,0.6622033339461874,2.3777739120363,0.39688797822491895
1,7,5,-1.1056255017144403,1.3482783380988927,0.26292424763214706
0,5,3,-1.4565879732593636,0.7827248462003128,0.37549862202072015
1,5,4,1.8658445522852707,0.754266544690837,0.49775656360689635
0,4,6,-1.6199421316642872,0.42735816817200706,0.34311551641700944
1,5,2,-0.35127203711064553,0.735054208602718,0.24190577259175783
1,3,3,-0.05936745123140444,1.0653222023432827,0.39850202880398033
0,5,3,1.3091366419632775,0.541908803249804,0.019172910749898242
0,8,4,-1.8688030582824706,1.2522990884769511,0.7724978460963139
0,4,9,0.41547515150624903,1.9749534427416104,0.1709448935675858
0,6,6,-0.8903770582600778,0.1680457604295525,0.043904613630637246
0,4,6,0.6276112125924505,0.6006537327822011,0.6536986929050792
1,6,5,-0.9068077260268592,0.5242825826555936,0.7739361288236722
1,3,1,1.5723062561857772,1.1630381891067598,0.8138291315928432
0,8,0,-0.9009700184262551,0.28750537507425455,0.49350918266059995
0,5,9,-2.4619797058899167,1.0223484765181756,0.2053681846899853
0,4,2,-0.7888492497413011,2.099556430253436,0.7372276772498267
1,3,5,-0.26130011056889496,0.5415109733027735,0.6997130771543372
1,3,4,1.0823538731623088,2.4192953290719585,0.24627073410317324
0,5,2,-1.2584148305649208,4.9855143245045905,0.903407755862793
1,4,4,-1.2386461271140756,0.11215247325739204,0.104371458082829
0,7,0,0.9605779037089842,0.2653378255016046,0.9826882395913257
0,5,3,-1.375225117962206,3.00335629230888,0.8602478109774646
1,4,3,-0.17898344139169084,3.1779183150838364,0.6878986454790752
0,5,4,-0.1586511834690122,0.10281628317140824,0.9387498882798329
0,6,2,0.21757953634296223,0.015112115351447396,0.7223111683237078
1,3,1,-0.7498482103826004,0.1756637968524088,0.19045699703004593
0,3,0,-0.9269943866745629,5.524661881045076,0.44215613811281174
1,2,2,0.3348944417522922,0.1984504711760047,0.07150302433163536
0,6,6,-0.8959958531697858,0.698255418865816,0.3896574222881154
1,6,3,-1.3599691901191746,1.8866267415717444,0.7416030197372087
0,5,4,1.2277999878516854,0.020612598135984844,0.3864433509308174
1,7,4,0.48809538137918235,0.9275766344088694,0.3302941754681341
1,6,2,1.7675023957653402,0.32438125643266985,0.5953557225103119
0,5,3,0.7839676512169459,1.9829314743175495,0.872204528998895
1,7,3,-1.2681436516314983,0.33332281024474325,0.04758319254611243
1,4,4,0.09636924005999573,1.160771946448222,0.3854704346997354
0,3,4,-1.015628254718246,1.1215318438299642,0.1582407418152627
0,4,1,-1.6516095967182838,0.2503780011138245,0.6953542507318696
1,3,5,-0.44719939306998346,0.03541911625144456,0.10572456043113487
0,5,3,0.9815328752991211,0.5263616414348846,0.6648077585802445
1,7,6,0.27491271078750706,0.3413545484850642,0.2861808707979073
1,2,3,-1.390894131258771,1.655365363551361,0.1989168137372247
1,3,8,-0.48234157521273674,1.6112605146416126,0.9363525578249854
0,5,4,-0.1428665853419799,0.6106900708730945,0.018524576745955867
0,7,8,-1.6891124539708449,0.9327052797730452,0.43777727188956894
0,4,4,0.7131723652486122,0.9269966259603335,0.02162699246179378
0,5,4,-0.22873502625875175,1.7553782553376416,0.483593048104329
1,2,5,-1.3905948609320575,0.5533894366687263,0.5010473777944182
1,3,5,-1.4471735937410677,0.3221999240571301,0.321662471394747
1,8,4,1.100663944921611,0.3079322885720399,0.13216177752502367
1,8,2,-0.3808130321457192,0.7682852076459699,0.3763875377344753
1,1,3,1.1903520289564116,0.5962894764841534,0.672262939932566
0,8,5,1.5721554799027153,0.5800341809845376,0.7823958086444591
1,6,0,1.0224482728559243,0.09556128432710481,0.5307506023881423
1,7,2,-0.5334317466174908,1.2679914275323338,0.5898343944397556
1,5,4,-2.4978471195672807,0.24046354008621806,0.2006163711246527
0,5,4,0.31299630453482846,0.21934282100984323,0.28733033322764945
0,5,3,2.091576369778548,0.5323188237467942,0.16189561005235842
1,6,4,-0.0353900781738251,0.2584836479123338,0.24929535000461134
1,3,9,-1.989815518799147,0.8767293731606597,0.22488678022553177
0,2,0,-0.6748784964301175,0.46436092223846315,0.5194487863912376
1,4,4,-0.18373327476680484,0.5958602695817318,0.5626887557907294
0,6,0,-1.0979885674197973,0.7703939971907031,0.9449474208215045
0,4,5,-2.563953967979889,0.2275727488460302,0.19557064710152305
1,6,4,-0.09785077021512495,0.16930854197537568,0.6416757101614959
1,8,4,-0.7848762463576265,2.123785588631445,0.8172592689875229
0,3,3,1.7726916608999155,0.5686731623474265,0.5602414637830525
1,6,5,0.10103348798279618,0.5311875438125228,0.2550036525010757
1,5,4,0.46957889689839183,0.03626173154424331,0.2625502300200002
0,7,2,-0.11908614349605941,0.6891079544033674,0.03925305307099991
0,4,7,0.09373330317385331,0.8078169411151506,0.3054442265484817
0,6,5,-1.6522992883621435,0.8183496317837553,0.7446036790033801
0,7,2,-1.0401663052212893,1.2276890555654019,0.04751775720711038
1,7,8,1.0886147013193521,0.1953847114691718,0.21929528250483066
1,6,1,0.20946196973019687,0.29065065330522555,0.7062324985317819
0,5,4,-0.3985069178825137,1.664583169959441,0.7826515628228766
1,5,4,0.4861712414658739,2.940687743880021,0.4553184100619284
1,7,1,0.5058619098405933,0.14610467451212472,0.6980743384786489
0,5,3,1.9908946329442072,0.6884573042527045,0.387952168654892
1,2,3,0.1630663438855776,0.24102275182520772,0.15991324502412751
1,7,6,-1.0625075755103008,0.06195324542318763,0.3981494935229065
1,6,4,-0.11569648291566763,0.39378855238457955,0.5799678202031429
1,6,4,0.6075656271213766,0.15512004555868997,0.9480532818528903
1,4,1,0.9956590114287024,1.2376436013662964,0.06875095208867732
1,6,6,-1.6150318721278794,0.7629805773424295,0.5073940938449606
1,5,3,0.2537067194918132,0.15529154652361338,0.3289197782107244
0,6,3,-0.8972549274981164,0.009284556819462378,0.5083116942766945
0,3,3,-0.5666319246194422,1.6510782053369464,0.023975447376531678
1,6,4,0.8458396242433921,0.1938207067194615,0.3130253547015813
0,10,6,0.7462485394318988,0.9319543742611924,0.819868147527005
1,2,7,-0.6781524611975589,0.4108625175667901,0.5539417338546375
1,8,2,-0.15784202104008319,0.8806483805311485,0.4505824928161174
0,5,3,-0.5360817951208534,0.3792910962327091,0.2855250717153396
1,7,3,2.8917029899567672,0.09095320199359158,0.2980425227913559
0,6,4,0.27835816644536276,0.2522505916336474,0.38310143359058446
1,5,4,-0.8394815912727899,0.20832706762743708,0.8355707099645604
0,6,3,1.3221671462211262,0.5586501211111261,0.9672132068082684
1,7,5,1.357461365683299,1.073774662474155,0.4386553813503745
0,5,5,1.791670710523534,0.30626170983213913,0.39335283874776183
1,4,4,2.087993682510094,0.012143368456850209,0.8465507758198628
0,6,8,0.7077148828661287,0.7317577975304509,0.4269053206363036
1,6,4,-0.349851743778128,0.9307941228236448,0.5520181722956512
1,6,3,-0.2026167676043195,3.2933433155358354,0.23094166459874443
0,6,5,-0.2920753016065431,0.8903082273893276,0.7435025357790752
1,5,9,-0.40375536717902655,0.6370930995409068,0.5319883182707819
0,6,5,1.2399368072885906,0.8519122842454078,0.8090345502403417
0,3,2,0.0007209069359758764,2.6297099706798366,0.7807327300286697
1,5,5,0.9714218648162062,1.7624617434036796,0.21500476827002857
0,1,2,0.6765165547809898,0.39005259351125937,0.7156355505577624
1,4,2,-1.0986549631220837,0.27083067635503283,0.8000544079513714
0,4,5,-1.7171766698622837,0.30467037649123435,0.3461072407823951
1,5,2,-1.236662966685065,0.7020285831452799,0.17260911290227454
1,6,5,-0.4267063677307888,1.3627710220237141,0.00263215557958818
0,5,1,0.1343281002678751,0.6996064109117083,0.45090365309314817
0,5,3,-0.6483003273443845,0.07020402874343211,0.3524327315388416
1,4,3,0.7030651467411015,1.2858363647794435,0.5549098338254089
0,4,2,-0.5276851944169594,1.6397431558489663,0.18804109258878576
1,4,6,0.25695743818394445,0.34178332669188816,0.8596655476664752
1,3,2,0.11758168066188653,1.09101841311582,0.25775521562810966
1,5,0,1.7344330917873865,0.5561576012070729,0.22642960508764998
1,6,5,-0.9752409251002728,2.1993009330184896,0.48071405648435594
1,5,2,2.208419091154705,1.865786435855286,0.49885102374427426
1,5,5,-0.5943498527396046,0.7453503588919361,0.21508522878509284
0,5,1,-1.3400568903608094,1.176051412503608,0.27186072672591577
0,7,5,-0.2169149904265378,2.1485747174841547,0.16970523915524494
0,5,5,3.2401391486368074,0.6846176805462105,0.7184601783231668
1,5,5,0.8952052350186248,0.37578603225825896,0.7700890312540819
1,2,8,0.6029641034412616,1.401067500193853,0.4623284974592826
0,4,4,0.7951868616415204,0.24854630493793442,0.7140870226850174
0,5,5,-0.7695934645023071,0.4918912622021917,0.7359353919374455
1,5,6,0.3260443763658592,2.00788200396462,0.1382755276778086
0,5,5,0.0025023003171226327,1.2888858036119388,0.9661780248345367
0,5,4,1.8090667486444099,0.5171975568946124,0.821031947096431
0,5,2,-0.10868771658665245,0.24174613951607368,0.2044834611958235
0,6,7,-0.37827654457740845,0.4400074715236539,0.18616503574607024
0,6,2,-1.1647993973691224,0.33422058241664687,0.12566114557958274
1,6,4,0.14001448687561519,0.19369311409910528,0.13837856254191838
0,8,3,0.292951833518835,1.359975417345374,0.7481617990286962
0,2,4,-1.2015881881405177,0.29044573699054166,0.46965425695162355
1,4,5,0.4531636040605758,0.605443072205002,0.7829341727398672
1,1,2,0.2331795237948585,0.4875314630840894,0.7462548943502054
1,6,7,1.013445759883764,4.021691600639632,0.6046127135052216
0,7,2,1.2123681179019035,0.4960884909683889,0.6863666065786795
0,4,5,0.09427929361427935,0.08336256868200789,0.01835572437914179
1,7,1,-1.0363648841320956,0.09411921711131123,0.31177764680502196
1,3,3,-0.8306215805446449,0.893438155876853,0.6378221792594102
1,7,1,1.762127663079091,0.9147008757111595,0.0093449534862442
0,4,4,0.16548939312256028,0.5425897896972347,0.03297694368259341
0,3,5,1.7461537795510573,0.565358708527199,0.8518879824703832
0,5,5,0.4986048184872299,0.05544144697361578,0.6840248616920718
1,4,3,0.7537356371784484,0.7268001639366563,0.26536973312034395
1,4,4,0.9387236162381593,0.7026713425042947,0.687962840118709
1,4,4,-1.2231388144094233,0.16198885654884868,0.7924566691392633
1,6,9,0.30695075011252615,0.10963562549912077,0.30679428311010126
0,5,5,-1.2369989013620626,0.13190128266113255,0.03603737749918745
0,4,5,-0.28491234787746483,0.10650366490542089,0.9327791246877345
0,5,7,0.6401696361230503,0.9408606030605079,0.3451798382956305
0,6,3,-1.0253338905324527,0.2187565039977043,0.10648176328470638
1,4,2,0.5593373245276719,0.2895907624254021,0.4918568713931474
0,5,7,-1.4983689854658357,0.19064265428041616,0.7684677956641338
0,3,7,1.1433198239615687,3.1661720063895933,0.22164731461755915
0,4,5,-0.6644371821053475,1.9283868253037524,0.26949005013336336
1,6,6,-1.0271174242187837,0.26200761663086936,0.24271498679858317
1,4,5,-1.4353559159910807,0.396851750688169,0.9916730528316782
1,5,2,-0.5793538328376587,0.23558670006780025,0.19740373373054254
0,6,5,-1.9076118069567995,0.6770296869196283,0.575520216966124
0,3,7,-0.5483991391083297,0.01980537042368075,0.9252646416569643
1,5,6,1.0994870253330813,1.1128167223563088,0.14689656887777924
0,4,2,-0.18871159973983392,0.7405703940493547,0.9708541978677002
0,8,6,-1.1775186159066409,2.2890661698316137,0.9474772343956246
1,5,3,0.2262633165688082,0.17959649434572714,0.8845719870582626
1,6,5,0.1378957758749067,1.6301981530073217,0.21455652133000225
0,5,4,1.9566099625857163,1.570029786395229,0.6340550560109833
1,2,2,0.790721018540406,0.13602729246922368,0.7608914729612402
0,6,5,0.30559812717284496,0.5084272091699736,0.9860279281964297
1,8,6,0.9050665483595475,0.18651350009748416,0.18042382208137042
0,5,6,-0.13438106818006249,0.2939959637891087,0.7660258995192964
1,6,3,-0.07541318090619945,0.3055014654274132,0.33880116992711296
1,7,4,1.6589403034315653,0.8124632773121898,0.17562646556800232
0,4,4,-1.635579026816248,0.5300270158330903,0.42137694121385494
1,4,5,0.9679455131409394,2.9513863323548386,0.7938359121486164
1,5,2,-0.11079147568777581,0.1350984964013412,0.46484980370405216
1,5,1,-0.291489421253352,3.6378873293809675,0.5375231002030485
0,7,1,-0.5528959336937127,0.2621945111549431,0.9951594102001212
0,7,7,0.15367402056418814,1.482250069312994,0.399109299557426
0,4,7,-0.04352946650466633,0.41395594269617264,0.6154007547092398
1,4,5,-0.4147023867269672,0.15441234204469687,0.36524420161537186
1,6,5,-0.7026577451166509,1.9511481401335249,0.39278564632870494
1,4,2,-1.9053304524509354,0.36941417190813486,0.6956407534454081
1,6,1,-0.7238037443516702,1.0754488570504637,0.9378869760948835
1,5,6,-0.5122951462609718,0.8357335836708263,0.5423589504923214
1,6,3,0.151231072166842,0.6381975665059504,0.7683999289487798
1,3,3,1.9630858846815047,0.6848208858557951,0.08920655881696382
0,6,3,-0.6159561935134189,1.3176564318953654,0.21115803743192696
1,5,2,-1.02373085374717,0.0918663222309149,0.5021316409195324
1,5,4,-0.7144960913030979,1.1031646206996184,0.02001172362877479
0,3,3,0.15334476760211485,2.26155929266996,0.2528549787625588
1,6,7,0.5886354597962726,0.059525185751424244,0.5174012898249661
0,7,4,0.7283452130695429,0.15158287523375194,0.014961198256300712
0,4,3,0.8277079982342662,1.2610086493319794,0.2645462862260417
0,3,5,0.9692305876119747,0.5749760393278173,0.5140308194758695
1,2,2,-0.27888363747316974,0.516757550931746,0.5731492479812457
0,6,4,2.0531401837412075,0.14730192647253268,0.9257516930553055
1,5,3,-0.35476852115876417,0.7067797648445937,0.6453456232506078
1,5,5,0.10934057634090907,0.135299023903315,0.41473580252999376
1,4,2,1.2958270717726919,0.647448373162559,0.9303511771330678
0,5,6,0.5664250279877657,1.4422947119642593,0.7848829833877943
1,5,3,-2.2408467440227384,0.2987623767726167,0.2000089211127476
1,5,4,0.005635830296852785,0.6554394733071418,0.13084236134881977
0,8,5,0.8619647560864865,4.830311906918656,0.675811635742733
1,3,4,-1.343470279529558,1.1604358533704067,0.5598831655769838
1,6,4,0.7506927951289866,1.841097442640326,0.7896736137927557
1,5,2,0.39015394001345316,0.5358829640690277,0.7388050500786865
1,5,3,1.183920483851373,1.4604186176406557,0.625211533857515
1,6,2,-0.691931322338641,0.041352523706523515,0.9863821716288922
1,6,1,0.9958934155892449,0.13114701755567698,0.5335897301104087
0,9,3,0.1596082474008315,0.22698917741472088,0.11310575650171983
1,3,4,1.7660503040522877,0.5140841346428651,0.8282735648159884
1,3,4,2.786049937813325,1.8691474130251042,0.251853362345709
0,6,7,1.5383304390525525,0.42505481577887005,0.7773021481439183
1,5,2,0.4805186781082244,1.0631134744904607,0.9571070960000514
0,4,5,2.3210039960618047,1.2355126463569674,0.6967955139643413
1,3,8,0.6034780416679837,0.8823298710041239,0.5960301609498011
1,3,9,-0.9079457135226163,0.4419869368739738,0.4603861756750406
1,7,2,-0.03927330695157529,0.8605092112292662,0.36440986599540326
1,4,4,0.7616721862950018,0.4189540655985232,0.35300475097183626
1,4,4,0.825954155620064,0.08760108379834745,0.6363727057095906
1,4,6,-1.1252648898076596,4.934226931494109,0.7512731169377459
1,4,5,-1.0935322864596726,0.13602874112789626,0.6785170694844144
1,3,1,-0.3413098462098483,0.07509903029771062,0.19841010119356273
1,5,2,0.5345436134561904,2.1080941281259418,0.4939871801434912
1,3,6,0.6625625498799194,0.35929932875872744,0.791640072183063
1,6,5,0.1413051241048105,1.0506709820291897,0.47570407818905625
1,4,4,-0.8344287335176476,0.39899468103682745,0.5366232797354938
0,5,5,1.7369429430193026,0.4966832186707033,0.7711360481708222
1,7,4,-1.0720580618430398,0.30396454471293677,0.6612653062650915
0,6,4,1.3023407448537614,0.42013824263881694,0.4093449208823926
0,5,1,0.7388232834503655,0.5288205669052459,0.895412711194219
1,4,8,1.2803323038717285,1.2744527419920089,0.1625670686634786
0,4,2,-0.44443329292291694,0.716489902843661,0.9955164485903247
0,6,4,-0.14265419808920418,2.874669593495071,0.1188525784762372
1,9,7,0.055042557281043424,0.04278265894923065,0.014949971104238902
1,6,6,-0.4763977606015151,0.6993027324199502,0.8900189011487647
0,5,3,0.22525845349509843,0.8776105225352997,0.24495350836595609
0,6,5,1.5790894560712077,2.5281940067467774,0.7296996274467209
1,5,5,-1.296833847167973,0.050407921836501265,0.8110153749320693
1,3,3,-0.6572117082110901,0.8521419388626377,0.8589863910321168
1,5,3,-0.7657453187062563,1.9216171281893253,0.9915942356641667
1,8,5,-0.09441826213604765,0.27697655239572383,0.29403971003999907
0,4,1,-0.13552626897887088,2.089834146395086,0.7102433419272591
1,6,4,0.7723145844407059,0.019227070420597504,0.11539985828082822
1,4,2,0.03372310292137513,1.3184661163133178,0.4068092913568494
0,5,1,0.3028832767193024,2.7047539572178714,0.8479716933125904
1,3,2,0.39844804551200075,1.0706012709284003,0.36765804605910835
1,5,4,0.24540406120581154,0.5780865031255621,0.5910953805356141
0,6,4,0.7033130614575919,0.045919356181182806,0.5037734437246341
0,4,2,-0.12232338213274517,2.5271523237919884,0.6459515311120451
1,6,9,1.6463683960749977,0.635437339423619,0.9728943893876949
1,6,4,2.5416198467187923,0.029425457798336295,0.05573552650140212
1,7,5,0.7062309747670698,1.1706059587505402,0.5739615175016297
1,4,4,0.22799116370906097,0.657465903782357,0.8630287792502848
1,5,3,0.6245823093172438,0.1327834637558187,0.4813827117484275
1,3,6,-1.1010330858836441,0.24114435973199458,0.07852718594157282
1,9,5,0.18010546746541492,0.06666417121803772,0.5605393524167709
1,7,5,-0.7313246069486086,0.8540052305727256,0.33207389082382044
1,5,4,0.50997691724033,0.9729390738429057,0.1549417853379359
1,7,4,-0.7263593079771473,0.7046982345650964,0.849034513283473
1,5,3,-0.34477744535889615,1.69882738577806,0.5215995129911216
1,6,1,-1.8719709055230525,1.9733448105128641,0.9332764123790667
1,3,1,-1.173245689947668,0.9561350708177128,0.8060165046030691
0,6,5,0.3548738029360466,0.012838542227578876,0.6929717937736674
1,3,6,-0.8688460783184304,1.188196755663473,0.005025503365311934
0,6,6,1.0637739837855766,0.5412834857539267,0.42782345663824994
0,6,3,-0.9538890884133123,0.8336916404427743,0.1974862816520323
1,6,6,0.45325450128577094,1.0471987172679496,0.9107979110488678
1,2,5,-0.7618756289717585,0.4311470044062177,0.17458398467636027
1,4,6,0.3854697750335259,2.4901021853001306,0.2860600516592855
1,4,1,-1.5347873290951395,0.14384134861194858,0.5168367677344992
0,4,3,-0.4531829756295582,1.1132543847202943,0.26336361899807925
1,3,3,-0.8462132852877351,0.0043691106352031035,0.20986467727912117
1,7,6,0.88323257530898,2.5856260242917055,0.5990993251027524
1,5,2,0.4622624644542042,0.1193514148130914,0.08892952275502386
1,4,9,-1.2325760546154823,0.09969242097472698,0.05816775872092472
0,5,4,-0.2031807366208805,0.40497667698843287,0.3722452951860714
1,5,3,-0.7723178427228345,0.4677123139771923,0.7206644545078623
1,5,5,0.9502571938685426,0.24118033084933907,0.554806758273948
0,5,5,1.2715241476539387,0.8797699605914391,0.42287646846677884
0,7,2,-1.4416451465108133,0.585035828400081,0.5657515642245824
1,5,3,0.8267029743814808,0.034773230485313375,0.3654514846532736
1,9,5,-0.8232960692577094,0.38515093851808674,0.9361463354321129
1,7,4,-0.25291677271931917,1.663012299025739,0.05490489091077433
1,4,3,0.032254229060957,1.170220653920534,0.6733914790298352
1,7,1,1.8166061635554727,1.2905146682082076,0.8912826648277505
1,3,4,-1.0038497270308853,1.1977155024147936,0.8038847087352534
1,6,2,0.8347497226433022,0.37247485254207713,0.18404103482144674
1,5,8,-1.1715044081696178,0.10498716544699718,0.29592634898028836
0,7,7,-1.2405935848407343,0.318096173095531,0.7170479387071047
1,7,5,0.02846344841915499,1.7825141404056315,0.08427055918076554
1,6,2,0.021729490989722763,3.935844384035481,0.811861699832584
1,6,4,-2.8323183184692535,0.6809163129829454,0.7189069446047903
0,4,6,1.1595962893754976,0.009747709854461797,0.7296066492353426
1,3,3,-2.139114124430851,0.1508749982250319,0.10024137026759139
1,5,2,-0.14593743611330154,0.3887268407534482,0.7177605448162309
0,4,5,1.3276154516053054,0.8641380098086475,0.67981812521997
0,6,5,2.209183966688679,0.07806278530314334,0.8309224908218505
0,4,5,-0.3630498636885798,2.8709921384648736,0.0415959562564695
1,8,5,-1.4329490836170877,0.4542620577235486,0.023110668467792195
1,6,6,1.290548225767958,2.4370794396794504,0.37300709987856073
0,6,4,0.8651565501202622,1.5165023805895468,0.14878828384915288
0,3,0,-0.48899228957847524,1.4082834488430904,0.5583844775702219
1,7,6,-0.6157374582092063,0.9332323841098996,0.9173489015067489
1,7,5,-0.7173921636594315,0.985597448279855,0.39147973033401573
1,5,6,-0.34458653573463344,1.0161200042577607,0.8449503772726041
0,5,6,0.3160681424016309,0.9908025198501565,0.00024087451786647396
1,6,2,-0.5660145827367716,0.8068271658979085,0.1685146434591842
1,4,2,-0.43958027556224044,4.29871678865035,0.03042353965408562
1,5,3,0.6412790194105756,1.317853093460961,0.32814718051506864
1,5,6,-1.4824141410588727,1.5003431256201936,0.9081895956965028
1,3,4,-0.3759357199135793,2.0593473105016455,0.09695212359898775
1,4,3,-1.6759410190991015,0.24288687784417234,0.6064097767438004
0,3,3,0.10841247335290131,0.0875251370454317,0.4514959391194442
1,2,3,-1.9394054081418746,0.659508240787709,0.9384682123658125
1,3,4,0.8900101268264297,0.7217127092367462,0.12251914253709384
1,8,2,-1.3146373957920054,1.767155328550726,0.21202785050222894
1,5,4,-1.7725785653614543,0.5865978145730056,0.029541968611493274
1,8,4,-0.3636132959016177,0.8459558209285406,0.43393524963137375
1,5,6,1.7111072916770502,0.748809877453243,0.2778328995646543
1,4,2,0.7111924534215757,0.03895164446319488,0.8699059338903209
1,5,1,-1.9223141054539656,0.9550702735098793,0.6049408131977551
1,5,5,-1.343125267644541,1.7605124953189584,0.6140907379757017
0,3,5,-0.3956003732457072,0.17138226729091058,0.5319106968813024
1,6,6,2.2383531617708616,0.9022195320080327,0.091850337229201
0,4,6,-0.938954147968868,0.900443329034818,0.44501868372535525
1,5,1,-0.9308852437031945,0.17934793924782017,0.9995051897085165
0,6,3,1.5274293868801814,0.1317770167059941,0.8352292908460148
0,3,3,0.19490720526237576,3.914623532694205,0.8934590541671159
1,3,7,1.0530000272987412,0.5004119838429175,0.8232263592464995
1,6,6,-0.7270995401759647,0.258021953302229,0.10304169343098268
1,5,3,-0.1016358477290527,0.1879266895872117,0.22744825406479963
1,3,4,1.3156318621882446,1.101421371198353,0.003121651356409627
0,9,1,-0.1448408767357999,0.940187235844257,0.30351012487811146
0,3,4,1.123053197526463,1.0315672573554884,0.10860740234649258
0,6,4,0.38726730043453017,0.09212189804308044,0.472793345301583
1,8,1,-1.0396290784189188,2.2399350742529625,0.6771274885739019
0,4,2,-0.01631721234602282,0.49309441621089356,0.8745052950380771
0,3,6,0.9813839922750334,0.37595884088300335,0.7492171650908982
1,3,4,0.6694161911868851,0.6205687796356122,0.9385855957785052
1,4,2,-0.04025289842082823,0.4944046321844451,0.053898290393788795
0,3,7,-1.8917143889714996,1.9919949490973228,0.01217983541654144
1,6,5,-1.7959914814097162,2.6487578809641183,0.6613381138362127
0,3,4,-1.5833055896271162,0.36162031852717186,0.2893524102222462
1,5,6,-0.5104422067665509,1.994628500633999,0.25350101610577314
0,9,7,-0.3771178736934479,1.5210751260362099,0.33088708769379427
1,6,3,-1.475411401094023,2.670865294539402,0.26979605789236416
1,5,5,1.022512793696016,0.2820318148454557,0.5114364063015873
1,4,6,-1.2637690772205423,0.8602865327806006,0.4401484472241325
0,6,2,-1.3705590420670095,0.32095566235803497,0.5124285513766563
0,5,5,0.08823575388594865,1.7378083058665754,0.6727136115004362
1,5,2,0.9739051199932285,0.0053384145837164065,0.3871305089711483
1,3,3,2.0548546198131667,0.8319936167774955,0.2513076871421568
0,7,1,0.5825450545031773,0.41430924939163183,0.16620053680874547
1,5,2,1.5798297187236194,0.3896169173556773,0.3494741195326255
0,4,3,-1.2120566517265619,1.035373647879131,0.741806475246172
1,4,3,2.1597392606609995,1.9070656077976909,0.7567049101114696
1,5,6,-1.8614844505554884,0.9395475661331104,0.6669053866842103
1,6,1,-0.5038392538876806,1.918500110576356,0.2340281753068746
1,6,5,0.560652519578775,0.3073367828464057,0.5880862458546977
0,6,6,-1.6052170156959435,0.7329319106520414,0.570689661576848
1,2,6,-0.9270500919253337,0.5988130024668771,0.4842661981097255
1,5,3,-1.0859225292896342,0.011713232349409703,0.5499789863838642
0,5,4,-0.31022100724973456,0.8137615427076749,0.49179063262366807
1,2,5,1.421582856672674,1.0833030478415258,0.5654563660741082
1,4,4,0.01682506628781065,0.8962783334909538,0.7155059546211288
0,6,4,-0.4630639442340176,1.332866960933917,0.10962819440343974
0,3,4,-2.8843243671782015,0.8470901150249457,0.7496257521490237
1,5,4,0.4667552048385791,0.06908243426624557,0.1358861501275942
0,4,5,0.7900154089781791,0.12380232990955455,0.0666279984103747
0,2,2,-1.7000197678102116,0.9075157884091539,0.9760796862214676
1,4,3,-0.06697235972252169,0.3215549238133067,0.9569917688704415
1,8,2,0.19300819033204694,0.08299595400343926,0.06043654494056405
0,6,1,0.9646017573036937,0.5614222195860207,0.44325344147496215
0,8,8,-0.724768458245474,0.8081599027688323,0.18624493829977473
1,5,1,-0.8753603610847972,0.39860765678899795,0.4853448971344181
0,3,10,-0.45649729846836173,1.2745158131758747,0.8301772429995874
0,5,5,1.2844370527773838,1.0321803963742358,0.9506117747428903
1,5,6,1.04384544217267,0.40469294793808225,0.6342526534515374
1,7,3,-0.021345302172413684,1.4059769135722702,0.35390566721181704
1,3,6,1.0197765271882882,1.0461006080337671,0.6033255656445984
0,5,4,-2.3686912068521586,1.014580136639517,0.31200130610845034
1,3,3,0.7916542060935255,0.8061539674448376,0.9098236408320604
1,4,0,-1.1187661628138466,0.0114550271104334,0.870400463105837
0,6,5,1.7670244943958617,1.1923973375498083,0.558231750279661
0,5,8,-1.0642447119332241,0.4716718857868368,0.32479891538036054
1,4,2,-0.8527621652336447,2.8578801564939877,0.29338967558297835
0,5,3,0.5624237301311782,1.7036649200059621,0.03341799470505946
1,5,6,0.6589541347810364,0.8859906256588144,0.8158208510252952
0,6,1,-0.4463320787671849,0.29059562180999726,0.45038321303900797
1,7,5,0.37140403442303066,0.22780112257648838,0.3251329284002644
1,8,5,0.4953798153284869,0.41609870141345445,0.4711103549977539
0,6,7,0.39311465605803403,0.6473480442579874,0.818737990454652
1,4,5,-0.4045549175583959,0.3510699811864851,0.12461420770752119
1,6,1,0.5052110240856904,0.7234610282851178,0.8576559882418273
0,5,4,1.4063704050164938,0.18076727593032493,0.897508835108354
0,4,6,-1.2254884792188265,3.8037433318083735,0.9467079150338882
0,7,1,-0.8400600355418061,0.11420457034312628,0.3974879924226278
0,2,1,0.02725563236057936,2.6874264353615005,0.21714040403767187
1,7,2,-1.056224040668033,2.448513137897167,0.3736408184666985
1,5,6,-1.8034037342272606,0.7451996721584612,0.3329120962314033
1,6,4,1.0931229758819565,1.2906579503022693,0.17615391250286005
1,6,5,-2.2287882660262497,0.5727866658541085,0.6072666701014879
0,7,8,-0.4023826975243354,0.994345730528254,0.4766241605086289
1,6,5,0.7589443197586707,0.4163884573832527,0.8657009923240037
1,5,6,0.26669978950207235,0.3583320587460106,0.03210958048205825
1,3,3,-0.3872493659789524,0.8632946302387082,0.6438679275551263
0,5,3,-1.0974395765349592,0.6894135077670325,0.7629488785115611
1,3,4,0.3438678131479371,0.8663972935592894,0.759486569188307
1,6,4,-0.9883944384668729,0.337797928764695,0.8860739670955251
1,5,5,0.26593258631826233,0.4572182426538838,0.7290337428294941
0,6,4,0.14091764823475636,0.08762752381882723,0.9278100616476963
1,2,5,0.15103290905513567,0.05369235116351659,0.33265659982089146
0,3,3,-0.6403187591794156,0.2923022352164982,0.5032094167515431
0,6,1,2.0350091093347893,0.0771476666265713,0.014079663282890675
1,3,3,0.35820663387037477,0.10956345635739147,0.006957587303291213
0,3,3,-0.27870892421964716,1.6762638765433495,0.2401266204515199
0,2,3,0.26427057306180435,0.03964944994512319,0.10080719713908526
0,8,6,-0.7744616439243102,1.0757050560465469,0.2602113679357536
1,6,7,-0.3863044984779063,0.31822066290221723,0.1770432945283974
1,4,5,2.3919199321195173,2.052181929741119,0.02852002483864824
0,4,4,-0.7673808064423085,0.6635733970277075,0.9093041464060494
1,4,2,-0.07777270026441621,0.3646732154730355,0.008223131388891525
0,6,0,-0.456104849749766,0.7290623492839554,0.7360821443370854
0,6,4,-1.0396339428247796,0.4811988934841464,0.15214788691951653
0,4,3,0.42108499021980617,0.830803789446372,0.9122296219996
1,4,5,0.03647217665420908,0.12163994082912218,0.8927959395898858
1,3,3,0.9110273089999276,5.8059822615344805,0.6539011463692573
0,6,4,0.810577920330005,0.5543524496033615,0.6722341498006051
0,6,6,0.9007077190419958,0.42806452151936997,0.005339141969688543
1,4,3,-0.9182033728509937,1.2385982328209073,0.984871566113602
0,2,3,0.640960799203096,0.45239856226107816,0.8778326035758144
0,3,4,0.6652715062900945,1.7914053621039296,0.895106225730092
1,8,5,-1.021062998206856,0.6056322583645979,0.6592445370508719
1,4,5,-0.31861624222723955,1.2713898226413867,0.34478692865453653
1,6,4,-1.4561120964789682,0.11367634814963916,0.8936486490904808
1,6,8,0.6696226323802841,1.8715769083846758,0.29151692815119234
1,5,6,0.6650224694439736,1.3307385140884176,0.5627115433422029
0,4,4,1.4303627991183554,0.23789783550403,0.0997309723438824
1,3,3,-0.2287985078143456,0.1569883803303308,0.9219556301327502
1,5,3,0.4514695865637963,0.3802248631430334,0.14077045777121333
1,6,4,0.9877351010253084,3.732646866785225,0.22489680573040727
1,6,4,-0.7538915285546915,0.2968325770016072,0.558134158128215
0,5,3,-0.9059651413176992,0.6090398994464532,0.7640930002129815
1,2,4,-0.7228852010761648,0.030480058957084874,0.619351305936299
1,8,3,-0.3492954682052211,0.5062154827587984,0.23213391280015616
0,6,5,-0.8705543556461532,0.847044595138794,0.0009430425274903342
1,4,2,-0.6798277099612238,3.060262528228985,0.7571505803074392
1,8,6,0.8809151690332453,0.7271922837939643,0.9852073259110937
1,5,5,-0.09634663149429264,1.7098513858956548,0.8099131203060904
1,5,1,0.3066983736594359,0.7921449648794774,0.46020661815661534
1,6,5,-0.5507167881185753,0.041640051366197146,0.9037672613991066
1,6,4,-0.6163654291823402,0.3783485213618956,0.40984767311835
1,6,0,0.2855558895403972,0.8569599062537819,0.5249340842434675
0,3,5,0.1260623280034051,3.007682715104383,0.47712976739568325
1,4,4,0.7779866783080691,1.9599203534949197,0.44762387266552495
1,7,6,1.3015929980039929,0.2592314752126579,0.7751907692939057
0,4,1,-0.6914122042764048,0.24860217692971318,0.526768907269492
1,4,2,0.8611845377637809,0.22461083614267038,0.31671712202521607
0,5,2,-1.0798061676931627,2.5574631014662175,0.2581581676584783
1,5,3,2.0737786828032836,1.9150541998436963,0.037747316967433386
0,5,3,-0.7863040531383287,1.4911369320584607,0.583195161883046
1,7,1,0.6906305697567595,0.4987901979778712,0.2299614154010342
1,4,3,-1.0872403387446656,0.7019471959632003,0.1481339220163831
1,3,3,-0.1520908861467986,0.624240236382258,0.6538299638276777
0,4,3,1.5457331421535163,0.2922231777598522,0.6812092578215488
1,7,2,-0.8177041519860727,0.70325417690502,0.752154892257666
1,6,3,2.2041861678862227,0.030971243555645685,0.5035768963385915
1,4,6,-0.005275597109045737,0.14134512446890418,0.8940546052038866
0,6,2,0.9757125379826657,2.1767421473548394,0.9363427533982278
1,7,4,0.4029445735036032,1.3930361038088541,0.8073709397924894
0,7,4,0.457040065596367,0.5496849779197179,0.6355934820081872
1,7,3,-1.4261137171431046,0.7280499828726442,0.30372095359118867
1,4,4,-0.47285279297804617,0.462033691280626,0.9829449216202212
1,6,3,1.1959764624837037,1.3500776445291751,0.27413616719193834
1,5,3,-0.34432120176999703,1.5333438175061476,0.20265692199043106
1,7,6,0.13883208271781333,1.440899196625477,0.44215411378658276
1,6,7,-1.5474221283691512,1.2823370388816606,0.05684057071238846
0,6,6,-0.5375769410007442,0.22878988526416674,0.9784944646717908
1,6,2,1.1230392976314654,0.41244437549400736,0.5884335564164248
1,4,1,-1.2826294319269402,0.6345866828460727,0.5569520916641753
1,5,5,0.717079036996164,0.40166183686342505,0.6557962798997199
1,8,2,0.17777813858498556,1.4062530172339154,0.49702364777720665
1,7,5,-0.23595548602317848,0.3995131426242929,0.03206351709454158
1,2,3,-0.27992454232200725,0.14876928678100304,0.6123112888403968
1,3,5,-0.49102969807798746,0.5092276546128802,0.7161738769564306
0,3,5,-0.40197097205696275,3.907753770712317,0.41674906062405315
0,6,5,0.9297402248111573,0.2560302038642495,0.7572955720711929
1,6,6,-0.4320438142447743,0.9471589377894568,0.22700129933842061
1,4,6,1.8075903221923073,0.5673484452370516,0.22127659106618403
0,5,5,0.29953250304321194,0.07367298578098028,0.16141698768757395
1,7,5,-0.5762619290282724,0.6691896790693663,0.37199475978916186
1,6,2,0.9733659524856143,1.2112133829919702,0.8470120353890835
1,5,4,0.6238959430765766,0.7199429536898081,0.8279120621490643
0,5,4,-1.6541764402276586,2.056553981580506,0.3828242079635038
0,5,2,-1.0344713570175377,0.34099426893569135,0.5891187359802366
1,4,3,-0.11542030120241245,0.0901973610008746,0.7208163164749156
1,5,3,-1.5836079344201974,2.7577491617156578,0.24120677462802298
1,6,4,2.0905299019716126,0.4751309105613025,0.16814108589474708
0,7,4,0.8222321820393413,0.8589787707553832,0.972095993212311
1,6,2,-0.013332847036461887,1.5702322288658588,0.6175573132096185
1,6,6,-0.3427065536132635,0.39202631043634584,0.9814157218336639
0,3,4,-0.5996636543589989,1.25936056849498,0.3377559871322291
1,5,4,-1.9640321579709097,0.14551010876492626,0.7030316999741315
0,1,4,-1.7328736516456296,0.34431415029741963,0.22260363654123771
1,4,6,1.9011207312676073,0.15631543003512235,0.26120017127391293
1,6,5,1.573599639232585,1.667228894310218,0.511902121269624
1,9,3,-0.5757777549240405,0.2518635957659223,0.3196181255080712
0,3,5,0.9079991561824573,1.2637353898625516,0.16762156384058446
0,5,5,0.5064207749970311,2.869952801375501,0.262880701989326
0,6,5,0.624287956648842,0.7502938019094004,0.03574839446586464
1,4,4,-1.4251777645007055,0.7765922529490361,0.7044236214774866
0,5,6,-1.80817792253016,0.6181019884871295,0.4921166570858616
1,6,2,1.182594359069889,0.3943621893540198,0.09424306640452562
1,5,9,-1.97929830303683,0.6456054733408992,0.1716939931284912
0,4,2,-0.14819354138251523,0.9233343104017012,0.10253453811264401
1,4,2,-0.3677023262177871,4.268096142678809,0.6125928082758765
1,6,2,-0.46015096167640857,2.7768306556227036,0.0942103636124938
1,5,3,0.31445082229065685,1.9816106019756252,0.7542823330352161
1,1,6,-0.6775924297784516,2.1994017670383434,0.020510919320391174
1,6,2,0.3957354624650479,0.630828339763654,0.2493757879958921
1,2,4,0.14115541469119494,1.0713210861024507,0.8906666758919072
1,6,3,2.098732354050425,2.254430587348065,0.718531318122246
0,4,9,-1.3854093918181294,0.499145379171438,0.07296833292568772
0,8,4,0.029268983904826695,3.2639380031886702,0.8211261044851798
1,4,0,0.4313450998777634,0.5374880311638045,0.4930351215402048
1,4,4,-0.2564025555322961,0.919001064993943,0.8467830271688292
1,3,4,-1.3370751078878382,1.2372011801262865,0.6007397744503934
1,4,3,1.2571027806551944,3.0076431892321103,0.6818330320328587
1,7,3,0.33693433014405205,0.2805294125581221,0.9935015603957081
0,9,1,-1.266896712926594,1.3709368073200168,0.23233554592401817
1,4,6,0.43866796255825996,0.7356697580522664,0.6239455747613883
1,5,8,1.7015660700528568,0.3127361758869717,0.46032139005739836
1,6,3,-0.03631593341592001,1.4988220096303808,0.039451952922691436
1,7,2,-0.002212669470562166,0.8034583307981371,0.014470641502865034
0,5,6,1.5680050310433193,1.0816779493612054,0.11922857781785867
0,5,2,-0.9703839817512533,0.38993788466029694,0.6490917405385481
1,5,6,1.7275520426206816,0.6563793807009906,0.5671630879133922
0,6,3,0.972911070368237,0.9606456551256061,0.5534295611637274
1,1,3,-0.9242189639800154,0.5190439926857328,0.031856762528260085
0,5,1,-0.6682689998441153,0.22111129256126394,0.46930299636000705
0,4,3,-0.5248128336822896,3.2607528631291323,0.9246228178425285
1,6,4,-1.83356421398709,0.7163493614829698,0.3975918693106466
1,3,4,0.26047174907088094,1.3239596551789738,0.6249224697884563
1,5,3,-0.8789470032478534,0.5294092234236712,0.7798186756231436
1,5,2,0.2965513214313054,0.4387092683666391,0.7839252791418876
0,6,8,-1.2909432503252167,0.5228379815558416,0.5192800823952713
1,3,3,0.9230132368944994,0.5262720475449237,0.8579519454023363
1,5,4,0.7376259301305024,0.7856575385980592,0.39137809336374696
0,5,4,-0.7058790140602151,0.7841005788937593,0.8886932147847983
0,5,7,0.3596491578821158,0.6874709526316699,0.2402271663955453
1,5,4,0.0829205593095799,0.1447781552155455,0.28021640699057104
1,6,2,1.4822994861529117,0.6853287810553819,0.0531206241990011
1,6,2,-1.0324789678948723,0.1852505225340997,0.7955818365422829
1,4,3,-0.15229797849414675,0.13483027729097902,0.4170552362327056
0,6,4,-0.6406836367077731,2.6977887900429884,0.22911661391139904
1,5,5,0.04481819710016778,0.9287429730945097,0.23179027761657967
1,3,6,0.5332736027835934,1.0773109559468204,0.9013999412292332
1,3,6,-0.651807378073709,0.5138195516543121,0.8339166004610369
1,4,6,-0.36410622138921245,2.3966858155502466,0.5535308853571833
0,6,2,0.9660407980573626,1.0159190678536811,0.6161108004157211
0,6,2,1.3573246619264427,1.4660732048774512,0.474325570550291
1,6,5,0.4935160352028785,0.4597562637437489,0.39166654287880887
1,5,4,-0.137963098743159,3.219172889465656,0.9154768812183315
1,5,3,-0.2330969210371493,1.7173644405896007,0.12561270352030207
0,3,3,0.5481263287272902,1.923795726510119,0.41844678971622795
0,4,5,0.22776700140487174,0.18897677461991313,0.34456190798787534
1,5,1,-1.648975837891303,0.31603107893455573,0.49815072025114837
0,3,3,0.5723852323079027,0.3363494837126674,0.45763187454517507
0,4,7,-0.8605697894225621,0.31595703243063505,0.5188895316510814
1,5,5,-1.4169364084756522,1.9338404169383583,0.1399189772269941
0,6,6,-1.6683448881087257,0.032404185572806415,0.5131415015132771
1,9,5,-0.21610437118331924,0.07915142637857794,0.24241881388721087
1,7,4,-1.0165243621826023,0.32008801294600087,0.18433134898819126
1,6,4,-2.3263615597391976,0.22298478223049234,0.06483421878619122
1,5,4,-0.35845550683681077,0.2637827681159553,0.7626525587561409
1,6,5,-0.49057083488586584,1.5992063798015619,0.42744192085655996
0,6,3,-0.14990111465838005,0.8281118143945304,0.6266436833117583
1,3,5,-0.6288979540423771,0.005787375892727676,0.7275933433047433
0,5,5,1.8293296635272782,0.5609314930783023,0.6793166653135535
1,7,0,0.5173372946836405,0.5240542826671984,0.4705007190896823
1,5,5,-0.4996133236214773,0.12097655764895143,0.3878985289517298
1,5,2,-0.06362683744736257,1.1274494781133089,0.3759599096406637
1,5,6,1.4146426674953478,1.2109879811721291,0.6400487969300563
0,4,4,0.9566228117354912,1.276160842970389,0.4947943549418734
1,4,3,-1.3962118143750324,1.3036861308166354,0.8491322479885106
1,4,5,-0.9742905608266295,5.282832768833213e-05,0.8747019843267121
1,2,7,-0.7818468740233404,3.077393707336985,0.17056037800651846
0,2,4,-0.43969995093580877,1.683131639155188,0.13623365154572564
0,7,2,-0.5954232028760423,2.343216445159431,0.6304009260359995
0,4,5,0.03400925486107758,0.01576694284999504,0.3012257480622794
1,5,3,0.7357213110188878,2.7159633645446357,0.01857071876509886
1,4,0,0.9026602893824857,1.6596188188499152,0.8886426693629551
1,7,3,-0.3267973428992907,1.8153504180688342,0.22690076724380825
1,4,9,-1.634693518754396,0.09792973102884549,0.9292806516858091
1,5,4,-1.0404099418717416,1.3423847691855457,0.7174344508782536
1,7,5,-0.5197747896300302,3.2167952318559996,0.7626534899114843
1,7,4,-1.2450344592513576,1.134904997836515,0.20146149579316042
1,4,2,1.140858986701614,0.8452765154727598,0.23419442561681292
0,6,3,-1.179541058580728,2.9119368208416327,0.5212677538240658
1,5,4,0.6170630447352031,0.5850771580553018,0.17209985264986216
1,5,5,-1.681880355022538,0.9145262053433529,0.3054316926830323
0,3,4,0.6572011012960537,0.6469094014210882,0.32146247794780447
1,3,5,-0.13926870666758576,2.7007700859698565,0.1596299332527641
0,6,4,1.5125307023025507,0.0791349071784204,0.20518283339516075
1,5,4,-1.13156260654633,0.6953890934202901,0.7885518420082566
1,5,5,-0.5641148006115946,1.1614001555289049,0.16719585454726837
0,6,5,-0.3704326014104395,1.5697679656928627,0.028457391843922486
0,6,3,-0.15250007015031203,0.8747137762746733,0.6293549426289384
0,3,3,-0.34598083090249077,2.3959922699933442,0.97598311939245
1,5,2,-0.3266785659089869,2.84716481178853,0.3312138146231214
1,3,1,-0.34306254338566294,0.0664809110959614,0.1186557031962523
1,6,6,-2.0711798825804664,0.5147843484224329,0.5703873253675308
1,6,3,0.993334501607768,0.02373856510262382,0.9063542110956462
0,8,3,2.861136567633684,0.39960728476707846,0.7840617798284788
1,3,3,0.29827110460098805,0.7697436389809298,0.622515868412716
0,3,5,-1.1357508478582938,2.4168174081629914,0.3150564966075994
1,4,4,-1.0345386308482871,1.8744086668722915,0.54188017327622
