lat,lon,2022-01,2022-02,2022-03,2022-04,2022-05,2022-06,2022-07,2022-08,2022-09,2022-10,2022-11,2022-12
29.0,72.5,1.0526081e-08,3.0857727e-08,5.470253e-08,9.3232906e-08,2.2496558e-07,2.2328604e-07,5.0131113e-08,4.841352e-08,4.5891344e-08,2.925604e-08,2.178537e-08,1.5425206e-08
29.0,73.125,9.553861e-09,2.8176666e-08,4.6600512e-08,8.319718e-08,2.081865e-07,1.8728703e-07,3.9041733e-08,4.127777e-08,4.2058915e-08,2.7301622e-08,1.8811928e-08,1.3961624e-08
29.0,73.75,9.173706e-09,2.628927e-08,3.7183547e-08,6.8289474e-08,1.6976311e-07,1.491484e-07,3.4756546e-08,3.7024122e-08,3.5487968e-08,2.4886004e-08,1.7642591e-08,1.364553e-08
29.0,74.375,8.4653715e-09,2.3932444e-08,3.2328842e-08,5.720576e-08,1.2783858e-07,1.18967726e-07,2.9525088e-08,3.1845634e-08,2.7937283e-08,2.3330768e-08,1.7654141e-08,1.32400135e-08
29.0,75.0,7.819344e-09,2.1648443e-08,3.043216e-08,5.105782e-08,1.03747645e-07,9.922903e-08,2.7820644e-08,2.7747333e-08,2.27233e-08,2.3979531e-08,1.797198e-08,1.3379489e-08
29.0,75.625,7.572556e-09,1.9414333e-08,2.8803814e-08,4.6496766e-08,9.0768275e-08,8.256757e-08,2.6290499e-08,2.4948026e-08,1.9836868e-08,2.439743e-08,1.8043588e-08,1.40227066e-08
29.0,76.25,7.196927e-09,1.849922e-08,2.6632998e-08,4.2518757e-08,8.138558e-08,6.8071195e-08,2.0337568e-08,2.2496424e-08,1.8302718e-08,2.4208974e-08,1.8563151e-08,1.5100547e-08
29.0,76.875,6.7817902e-09,1.8438024e-08,2.5700208e-08,3.9750496e-08,7.64844e-08,6.1306004e-08,1.8019122e-08,1.895163e-08,1.6923423e-08,2.2621606e-08,1.8379737e-08,1.5827437e-08
29.0,77.5,6.436083e-09,1.765732e-08,2.5639654e-08,3.767685e-08,7.408286e-08,5.9970624e-08,1.7436767e-08,1.7250372e-08,1.562004e-08,2.0707017e-08,1.7111477e-08,1.5867338e-08
29.0,78.125,5.7539915e-09,1.6895033e-08,2.5406235e-08,3.6439207e-08,7.2343674e-08,6.044768e-08,1.7360962e-08,1.696787e-08,1.4618763e-08,1.8147082e-08,1.4381356e-08,1.5160573e-08
29.0,78.75,4.878669e-09,1.6488555e-08,2.427993e-08,3.6526764e-08,6.9216654e-08,6.086047e-08,1.4121251e-08,1.6380257e-08,1.1898085e-08,1.3504122e-08,1.1938453e-08,1.3193717e-08
29.0,79.375,4.152342e-09,1.4915258e-08,2.2333317e-08,3.6745284e-08,6.6165214e-08,6.018818e-08,1.05979785e-08,1.5132958e-08,9.703382e-09,1.09034115e-08,9.454138e-09,9.31613e-09
29.0,80.0,4.4277138e-09,1.3533216e-08,2.0514504e-08,3.78847e-08,6.334566e-08,5.691933e-08,9.2704555e-09,1.357748e-08,9.075268e-09,8.928576e-09,7.840997e-09,6.6884387e-09
29.0,80.625,4.0376356e-09,1.061455e-08,1.6757292e-08,3.718936e-08,5.7185506e-08,5.3523035e-08,8.18426e-09,1.1034675e-08,7.3473303e-09,6.1297563e-09,5.2470424e-09,3.4998604e-09
29.0,81.25,3.3958663e-09,1.0353266e-08,1.3128087e-08,3.489804e-08,5.223457e-08,5.0102244e-08,7.0293784e-09,8.609244e-09,5.331209e-09,3.7803884e-09,2.9205114e-09,1.4496538e-09
29.5,72.5,8.512481e-09,2.4411488e-08,4.1996593e-08,6.601986e-08,1.7073434e-07,1.8551994e-07,4.835625e-08,3.6975067e-08,3.586932e-08,2.6932778e-08,1.726894e-08,1.40346765e-08
29.5,73.125,8.197811e-09,2.377848e-08,3.854685e-08,6.261859e-08,1.6013914e-07,1.5397818e-07,3.9004004e-08,3.449455e-08,3.3773723e-08,2.681918e-08,1.5967574e-08,1.3348449e-08
29.5,73.75,7.982063e-09,2.3346663e-08,3.376807e-08,5.738111e-08,1.345916e-07,1.2275511e-07,3.571043e-08,3.165426e-08,2.9767731e-08,2.456645e-08,1.632452e-08,1.3239075e-08
29.5,74.375,7.682832e-09,2.2173092e-08,3.0378885e-08,5.1693252e-08,1.1212908e-07,1.0275059e-07,3.0967e-08,2.688104e-08,2.4881592e-08,2.3002647e-08,1.6633203e-08,1.344949e-08
29.5,75.0,7.2964506e-09,2.0639552e-08,2.8428575e-08,4.71094e-08,9.87953e-08,8.9505434e-08,2.9121907e-08,2.4511865e-08,2.1897904e-08,2.3768676e-08,1.7288283e-08,1.4150799e-08
29.5,75.625,7.04759e-09,1.9226913e-08,2.6622319e-08,4.3566494e-08,8.781095e-08,7.748701e-08,2.625063e-08,2.2877357e-08,2.0266294e-08,2.411848e-08,1.7458236e-08,1.5066748e-08
29.5,76.25,6.772305e-09,1.9030542e-08,2.5071893e-08,4.1281357e-08,8.031672e-08,6.839546e-08,2.150796e-08,2.0808315e-08,1.8394136e-08,2.3448417e-08,1.7482005e-08,1.629527e-08
29.5,76.875,6.2099987e-09,1.8188464e-08,2.3646892e-08,3.9369723e-08,7.5213215e-08,6.425616e-08,1.9336019e-08,1.8682003e-08,1.6802677e-08,2.0736273e-08,1.5955873e-08,1.5632043e-08
29.5,77.5,5.617384e-09,1.622532e-08,2.3385017e-08,3.6501053e-08,7.130861e-08,6.102297e-08,1.627268e-08,1.6987373e-08,1.5501e-08,1.7040028e-08,1.393734e-08,1.4133899e-08
29.5,78.125,4.997842e-09,1.544598e-08,2.3197014e-08,3.4938665e-08,6.877188e-08,5.9098966e-08,1.505337e-08,1.6710322e-08,1.3249435e-08,1.4004201e-08,1.1193637e-08,1.1995296e-08
29.5,78.75,4.020128e-09,1.4139459e-08,2.1275957e-08,3.468158e-08,6.637293e-08,5.874972e-08,1.1369469e-08,1.4789653e-08,1.0392296e-08,1.1853848e-08,9.421881e-09,9.085442e-09
29.5,79.375,3.127217e-09,1.1318824e-08,1.8200398e-08,3.355308e-08,6.213433e-08,5.495385e-08,9.521933e-09,1.14073115e-08,7.310598e-09,9.227323e-09,7.095272e-09,6.1626113e-09
29.5,80.0,3.1983445e-09,9.587747e-09,1.544539e-08,3.386643e-08,5.7992903e-08,5.0287053e-08,8.501764e-09,9.367744e-09,5.935177e-09,6.1539422e-09,4.933464e-09,3.711846e-09
29.5,80.625,2.260208e-09,7.08727e-09,1.2962471e-08,3.363966e-08,5.329451e-08,4.6209365e-08,5.9235115e-09,6.2480243e-09,4.195281e-09,3.7204972e-09,2.778689e-09,1.6463028e-09
29.5,81.25,1.5917615e-09,5.513633e-09,9.420458e-09,3.0215233e-08,4.7262272e-08,3.76894e-08,3.4211616e-09,3.1605891e-09,2.1020796e-09,1.955198e-09,1.5028342e-09,7.1188316e-10
30.0,72.5,7.142714e-09,2.1523713e-08,3.6060115e-08,5.0483504e-08,1.2908723e-07,1.3930112e-07,4.510542e-08,3.076715e-08,2.717946e-08,2.4600364e-08,1.4894978e-08,1.3043914e-08
30.0,73.125,7.232144e-09,2.0928642e-08,3.4285954e-08,4.7529465e-08,1.2268251e-07,1.1977438e-07,3.8751338e-08,3.0024136e-08,2.611288e-08,2.53289e-08,1.5091185e-08,1.2999437e-08
30.0,73.75,7.127413e-09,2.106695e-08,3.194286e-08,4.5274888e-08,1.08336195e-07,1.0210545e-07,3.507927e-08,2.7713154e-08,2.5050046e-08,2.443824e-08,1.5913066e-08,1.3047141e-08
30.0,74.375,7.0216886e-09,2.0949235e-08,2.9761425e-08,4.445998e-08,9.765603e-08,9.064679e-08,3.1795075e-08,2.4936261e-08,2.337312e-08,2.311959e-08,1.6158932e-08,1.3474956e-08
30.0,75.0,6.586366e-09,1.9936774e-08,2.7617364e-08,4.368388e-08,8.8903754e-08,8.102264e-08,2.91292e-08,2.321868e-08,2.1721341e-08,2.312587e-08,1.67133e-08,1.469098e-08
30.0,75.625,6.3458203e-09,1.8804128e-08,2.5586198e-08,4.2171937e-08,8.3343046e-08,7.410999e-08,2.6368408e-08,2.110676e-08,1.9902034e-08,2.3786573e-08,1.6695413e-08,1.622961e-08
30.0,76.25,6.1687393e-09,1.8397325e-08,2.3567766e-08,4.0842377e-08,7.819448e-08,6.8161896e-08,2.3525951e-08,1.9441844e-08,1.7892186e-08,2.1870296e-08,1.5571883e-08,1.7321826e-08
30.0,76.875,5.4698477e-09,1.651493e-08,2.110305e-08,3.8659344e-08,7.1346165e-08,6.289216e-08,2.1441455e-08,1.8042964e-08,1.6412537e-08,1.5583575e-08,1.1993659e-08,1.3430186e-08
30.0,77.5,4.8859303e-09,1.3794079e-08,1.9316523e-08,3.304376e-08,6.599481e-08,5.774321e-08,1.5850299e-08,1.5641607e-08,1.3721637e-08,1.1196503e-08,9.020309e-09,9.759729e-09
30.0,78.125,4.5349973e-09,1.3292395e-08,1.8225276e-08,3.106737e-08,6.281592e-08,5.4651174e-08,1.3275645e-08,1.3859922e-08,1.1419077e-08,1.0334603e-08,8.3327e-09,8.192083e-09
30.0,78.75,3.4290224e-09,1.0970682e-08,1.6148812e-08,3.0747227e-08,6.0112555e-08,5.284043e-08,9.681645e-09,1.000867e-08,7.748903e-09,8.277223e-09,6.9135853e-09,5.817986e-09
30.0,79.375,2.2577693e-09,7.903883e-09,1.2572092e-08,2.9622486e-08,5.5100593e-08,4.7280384e-08,7.14934e-09,6.778252e-09,4.7104702e-09,4.9062585e-09,3.807934e-09,2.5286373e-09
30.0,80.0,1.4729615e-09,6.3968946e-09,9.150925e-09,2.8870879e-08,4.897623e-08,4.087318e-08,4.5205555e-09,5.164886e-09,2.642985e-09,2.3900442e-09,1.97995e-09,9.1154106e-10
30.0,80.625,1.1492804e-09,4.9655404e-09,8.01471e-09,2.652135e-08,3.9565837e-08,3.445354e-08,2.3656268e-09,2.1751103e-09,1.1983271e-09,1.6524824e-09,1.6375706e-09,8.214699e-10
30.0,81.25,9.606034e-10,3.5178442e-09,6.784783e-09,2.2046516e-08,2.6398759e-08,2.4098881e-08,1.7010154e-09,9.985905e-10,6.618292e-10,1.150759e-09,1.2636678e-09,6.056932e-10
30.5,72.5,6.3185532e-09,2.0538144e-08,3.258643e-08,4.4536623e-08,1.004176e-07,1.07308246e-07,4.116561e-08,2.9142615e-08,2.3351065e-08,2.4106422e-08,1.4161318e-08,1.3277977e-08
30.5,73.125,6.5733037e-09,1.9213205e-08,3.226805e-08,4.0355857e-08,9.675381e-08,9.907235e-08,3.9467448e-08,2.8063061e-08,2.3125361e-08,2.4944447e-08,1.4961916e-08,1.3418978e-08
30.5,73.75,6.70679e-09,1.897141e-08,3.1076905e-08,3.8170644e-08,9.153389e-08,9.0299e-08,3.6898303e-08,2.6665841e-08,2.2753378e-08,2.497848e-08,1.552932e-08,1.3334131e-08
30.5,74.375,6.5383885e-09,1.9437525e-08,2.9433126e-08,3.849491e-08,8.455109e-08,8.2667974e-08,3.437674e-08,2.5338434e-08,2.2298506e-08,2.4127779e-08,1.5696607e-08,1.3843507e-08
30.5,75.0,5.993364e-09,1.8540115e-08,2.7102649e-08,3.9457035e-08,7.7981134e-08,7.66396e-08,2.8941304e-08,2.392194e-08,2.1504942e-08,2.3704132e-08,1.581005e-08,1.5185922e-08
30.5,75.625,5.8692353e-09,1.6934987e-08,2.4662299e-08,3.9406586e-08,7.634475e-08,7.196941e-08,2.4610978e-08,2.1646311e-08,1.987343e-08,2.3086965e-08,1.5149212e-08,1.6874413e-08
30.5,76.25,5.658025e-09,1.5753487e-08,2.2132877e-08,3.8698637e-08,7.348107e-08,6.540722e-08,2.298281e-08,1.9695621e-08,1.8222272e-08,1.8639184e-08,1.2650708e-08,1.583401e-08
30.5,76.875,5.120411e-09,1.4485782e-08,1.9104156e-08,3.6384396e-08,6.51332e-08,5.752566e-08,2.0886636e-08,1.6545535e-08,1.5462335e-08,1.1802432e-08,8.385967e-09,9.5434745e-09
30.5,77.5,4.2291872e-09,1.174031e-08,1.4407569e-08,2.8541399e-08,5.869961e-08,5.1575626e-08,1.4421344e-08,1.1954671e-08,1.0974645e-08,7.237825e-09,4.9680096e-09,5.0070033e-09
30.5,78.125,3.499864e-09,9.431086e-09,1.15718235e-08,2.4979697e-08,5.097653e-08,4.3784166e-08,9.754866e-09,7.5757205e-09,7.125345e-09,5.6972143e-09,3.9782213e-09,3.6859107e-09
30.5,78.75,2.1688094e-09,7.3392648e-09,8.966913e-09,2.3805478e-08,4.4222332e-08,3.7706922e-08,6.3095755e-09,4.3161164e-09,3.863814e-09,3.1352339e-09,2.476212e-09,1.4381019e-09
30.5,79.375,1.2687176e-09,4.7542295e-09,7.560805e-09,2.0788928e-08,3.713332e-08,3.0540285e-08,3.838922e-09,3.295443e-09,2.1059425e-09,2.1076956e-09,1.9465867e-09,8.544611e-10
30.5,80.0,9.905763e-10,4.1441046e-09,6.342567e-09,1.8434973e-08,2.7288214e-08,2.2030145e-08,2.3548707e-09,2.1242703e-09,9.778978e-10,1.3810331e-09,1.5168883e-09,6.5212974e-10
30.5,80.625,9.363614e-10,3.9875334e-09,6.128227e-09,1.8081362e-08,2.2139506e-08,1.9913537e-08,2.330066e-09,1.6173234e-09,6.842269e-10,1.0551121e-09,1.2975053e-09,5.949315e-10
30.5,81.25,8.884773e-10,3.5325098e-09,5.94983e-09,1.6058767e-08,1.8969537e-08,1.8353058e-08,3.3182914e-09,1.3792968e-09,5.895013e-10,9.381858e-10,1.1531673e-09,5.176648e-10
31.0,72.5,5.7403127e-09,1.9707127e-08,3.0392673e-08,4.1154028e-08,7.887021e-08,8.828889e-08,3.9912162e-08,3.004243e-08,2.2667958e-08,2.563672e-08,1.3829535e-08,1.43977115e-08
31.0,73.125,5.9602194e-09,1.816313e-08,2.9988154e-08,3.828706e-08,7.875637e-08,8.531254e-08,4.1384904e-08,2.8400601e-08,2.2831765e-08,2.5755599e-08,1.4104384e-08,1.4480857e-08
31.0,73.75,6.2235364e-09,1.7061925e-08,2.8641779e-08,3.697375e-08,7.560072e-08,7.9641175e-08,4.1173667e-08,2.7250824e-08,2.2247006e-08,2.6096865e-08,1.4511231e-08,1.4286343e-08
31.0,74.375,6.3871504e-09,1.7286636e-08,2.7976819e-08,3.6345106e-08,7.19449e-08,7.354077e-08,3.9084508e-08,2.6873074e-08,2.2553346e-08,2.5719102e-08,1.4833344e-08,1.4828989e-08
31.0,75.0,6.0547998e-09,1.6525194e-08,2.5958474e-08,3.628981e-08,6.775536e-08,6.925693e-08,3.2248007e-08,2.5996387e-08,2.2711902e-08,2.4978245e-08,1.45762e-08,1.6090311e-08
31.0,75.625,5.7782326e-09,1.4698993e-08,2.3031744e-08,3.5910976e-08,6.771217e-08,6.574313e-08,2.6445726e-08,2.391696e-08,2.1566848e-08,2.2597305e-08,1.3124252e-08,1.6850414e-08
31.0,76.25,5.2676614e-09,1.37368135e-08,2.0123993e-08,3.4078646e-08,6.7890085e-08,5.928693e-08,2.4017844e-08,2.1066146e-08,1.9758742e-08,1.696017e-08,1.0473984e-08,1.3533633e-08
31.0,76.875,5.0138245e-09,1.2519032e-08,1.6019312e-08,3.0908268e-08,6.102299e-08,5.2172496e-08,2.0735662e-08,1.4240112e-08,1.40303955e-08,1.1791225e-08,6.805189e-09,7.3791413e-09
31.0,77.5,3.685993e-09,1.04670494e-08,1.0473594e-08,2.356719e-08,5.0399034e-08,4.3925926e-08,1.07575415e-08,5.682758e-09,6.0774936e-09,5.21047e-09,2.8479774e-09,2.7394786e-09
31.0,78.125,1.7658317e-09,6.5847905e-09,8.338468e-09,2.1189408e-08,3.9700677e-08,3.2966756e-08,5.0471933e-09,2.8306513e-09,3.4900798e-09,3.0515814e-09,2.0643132e-09,1.5541789e-09
31.0,78.75,1.1787528e-09,5.0976974e-09,6.8662596e-09,1.67535e-08,2.6084425e-08,2.2292868e-08,2.968611e-09,1.3074436e-09,1.399521e-09,1.6215852e-09,1.5645382e-09,7.7298434e-10
31.0,79.375,9.41591e-10,3.8721413e-09,6.017804e-09,1.3411591e-08,2.0293086e-08,1.848451e-08,3.621542e-09,1.2719507e-09,1.3039957e-09,1.4325571e-09,1.3529149e-09,6.5540556e-10
31.0,80.0,9.902436e-10,3.6261878e-09,5.722471e-09,1.5555452e-08,2.176368e-08,1.9300387e-08,4.457892e-09,1.7421392e-09,1.1579033e-09,1.3148508e-09,1.4118032e-09,6.302221e-10
31.0,80.625,9.581651e-10,3.632457e-09,5.624176e-09,1.6627927e-08,2.2812532e-08,1.9323883e-08,4.9019673e-09,1.7084801e-09,1.0435055e-09,1.0853666e-09,1.3050778e-09,5.705429e-10
31.0,81.25,8.767034e-10,3.5606067e-09,5.4946208e-09,1.44549634e-08,1.9065062e-08,1.743568e-08,4.680208e-09,1.5283015e-09,8.812794e-10,9.774622e-10,1.1535295e-09,5.1199417e-10
31.5,72.5,5.5008145e-09,1.7261105e-08,2.6952318e-08,3.727534e-08,6.3347535e-08,7.711351e-08,4.7072835e-08,3.166614e-08,2.3852909e-08,2.8751298e-08,1.3087569e-08,1.5481126e-08
31.5,73.125,5.5959375e-09,1.6642648e-08,2.5860228e-08,3.5154276e-08,6.4869624e-08,7.53064e-08,4.8255853e-08,3.13078e-08,2.3869234e-08,2.7833707e-08,1.3046581e-08,1.5040284e-08
31.5,73.75,5.7696106e-09,1.5374033e-08,2.542359e-08,3.4560557e-08,6.374771e-08,7.034202e-08,5.0015345e-08,3.055553e-08,2.4062562e-08,2.7478299e-08,1.379361e-08,1.5149189e-08
31.5,74.375,6.0258425e-09,1.5275257e-08,2.546763e-08,3.423338e-08,6.3703354e-08,6.4497e-08,4.8377725e-08,2.9743227e-08,2.5241237e-08,2.6967545e-08,1.4321147e-08,1.595952e-08
31.5,75.0,5.8656724e-09,1.434939e-08,2.4016535e-08,3.3712666e-08,6.33094e-08,6.120827e-08,3.932868e-08,2.8445239e-08,2.5165628e-08,2.5505225e-08,1.3469708e-08,1.6704366e-08
31.5,75.625,5.4486105e-09,1.2840993e-08,2.1088644e-08,3.3141745e-08,6.227211e-08,5.837525e-08,3.1660008e-08,2.5455114e-08,2.3488687e-08,2.2106354e-08,1.1643989e-08,1.580162e-08
31.5,76.25,5.011514e-09,1.1617918e-08,1.6259184e-08,2.9829486e-08,6.096102e-08,5.1941363e-08,2.9278453e-08,2.0595817e-08,1.9889589e-08,1.5553386e-08,7.994914e-09,1.0050855e-08
31.5,76.875,3.9714223e-09,9.726916e-09,1.1502321e-08,2.5274616e-08,5.5556395e-08,4.5191335e-08,2.2808004e-08,1.077448e-08,1.0401459e-08,1.1050955e-08,4.1879433e-09,3.7755767e-09
31.5,77.5,2.0390192e-09,7.945232e-09,8.553475e-09,2.1117133e-08,4.4372193e-08,3.506466e-08,9.206732e-09,3.3982739e-09,3.4190957e-09,4.252317e-09,2.163429e-09,1.8256052e-09
31.5,78.125,1.3062141e-09,5.0507327e-09,7.503441e-09,1.7484309e-08,2.984064e-08,2.349807e-08,3.3963319e-09,1.0562028e-09,1.5969345e-09,1.979841e-09,1.7098101e-09,1.195143e-09
31.5,78.75,1.04012e-09,4.089673e-09,6.519625e-09,1.2849402e-08,2.0582805e-08,1.8044435e-08,5.1537508e-09,9.437872e-10,1.2436365e-09,1.5757117e-09,1.4730904e-09,7.887648e-10
31.5,79.375,1.0586794e-09,3.8234345e-09,6.1852536e-09,1.3382124e-08,2.0905587e-08,1.8257015e-08,7.9451405e-09,1.4240292e-09,1.459434e-09,1.5086539e-09,1.4352365e-09,6.931716e-10
31.5,80.0,1.0320362e-09,3.5942256e-09,5.7826517e-09,1.4197516e-08,2.1272788e-08,1.8850248e-08,7.0986723e-09,1.6873506e-09,1.3653392e-09,1.3560513e-09,1.3890052e-09,6.146291e-10
31.5,80.625,8.9371427e-10,3.4420151e-09,5.446091e-09,1.2948234e-08,1.844203e-08,1.7130423e-08,5.8082974e-09,1.4947386e-09,1.183119e-09,1.1168367e-09,1.2434955e-09,5.3401045e-10
31.5,81.25,8.165429e-10,3.367258e-09,5.3503557e-09,1.2677023e-08,1.7600014e-08,1.6207316e-08,5.1268105e-09,1.3996267e-09,1.0870869e-09,9.523796e-10,1.1343192e-09,4.920055e-10
32.0,72.5,5.4166716e-09,1.5309979e-08,2.6048076e-08,3.4095137e-08,5.410238e-08,6.498837e-08,5.269363e-08,3.3898306e-08,2.716776e-08,3.2682603e-08,1.253981e-08,1.4691097e-08
32.0,73.125,5.631694e-09,1.5371265e-08,2.3344954e-08,3.2102133e-08,5.3846076e-08,6.374588e-08,5.543617e-08,3.5334164e-08,2.6542208e-08,3.250377e-08,1.2555303e-08,1.4483498e-08
32.0,73.75,5.6524874e-09,1.4001306e-08,2.2666582e-08,3.135586e-08,5.5172414e-08,5.9118126e-08,6.108413e-08,3.5529265e-08,2.6926774e-08,3.1318464e-08,1.3123706e-08,1.46980215e-08
32.0,74.375,5.5635296e-09,1.3399551e-08,2.2244595e-08,3.1469366e-08,5.8309173e-08,5.4982472e-08,6.025036e-08,3.3205975e-08,2.7521795e-08,2.9131277e-08,1.3502844e-08,1.556474e-08
32.0,75.0,5.385151e-09,1.2207287e-08,2.060677e-08,3.1184513e-08,5.9422042e-08,5.3135107e-08,5.1654897e-08,2.994778e-08,2.5907715e-08,2.4573872e-08,1.1627193e-08,1.4318322e-08
32.0,75.625,4.8559463e-09,1.11934115e-08,1.7678772e-08,3.0104516e-08,5.6841895e-08,5.0547776e-08,4.3641524e-08,2.5147228e-08,2.238891e-08,1.8989912e-08,8.874547e-09,1.06596e-08
32.0,76.25,4.2361257e-09,9.795518e-09,1.3084313e-08,2.6623821e-08,5.128001e-08,4.4148813e-08,2.9759645e-08,1.5613244e-08,1.530002e-08,1.1412515e-08,5.384005e-09,4.9232853e-09
32.0,76.875,2.2492537e-09,7.304363e-09,9.406149e-09,2.2507205e-08,4.3481062e-08,3.5265355e-08,1.583101e-08,5.9619203e-09,6.285266e-09,8.264168e-09,2.9248561e-09,1.8424529e-09
32.0,77.5,1.3201957e-09,5.3871156e-09,7.90209e-09,1.7349219e-08,3.1245662e-08,2.3157858e-08,7.129407e-09,1.4362814e-09,2.0924489e-09,2.8979945e-09,1.981012e-09,1.1894009e-09
32.0,78.125,1.1434861e-09,4.202523e-09,6.881413e-09,1.2284364e-08,2.1091768e-08,1.8004176e-08,5.5166525e-09,8.299531e-10,1.3918643e-09,1.7975207e-09,1.5067455e-09,1.0200002e-09
32.0,78.75,1.1143685e-09,3.843354e-09,6.4384413e-09,1.2315165e-08,2.0161385e-08,1.7010885e-08,7.548631e-09,1.1958469e-09,1.5402436e-09,1.630625e-09,1.3984446e-09,8.808094e-10
32.0,79.375,1.0760478e-09,3.818838e-09,6.20438e-09,1.25105855e-08,2.0024844e-08,1.7225709e-08,8.758146e-09,1.595256e-09,1.639999e-09,1.5662993e-09,1.3730483e-09,7.2281975e-10
32.0,80.0,1.0028747e-09,3.729529e-09,5.914006e-09,1.2334022e-08,1.890024e-08,1.7157982e-08,8.091352e-09,1.7488838e-09,1.4861958e-09,1.4879948e-09,1.3164854e-09,6.097502e-10
32.0,80.625,8.978097e-10,3.5588203e-09,5.724977e-09,1.1872848e-08,1.8635253e-08,1.6595731e-08,7.876675e-09,1.8078218e-09,1.5336905e-09,1.3767432e-09,1.2431777e-09,5.339623e-10
32.0,81.25,8.4697155e-10,3.4490637e-09,5.75282e-09,1.20699655e-08,2.0890683e-08,1.7007187e-08,7.960371e-09,1.8646498e-09,1.6704538e-09,1.2268829e-09,1.1793416e-09,4.930032e-10
32.5,72.5,5.1636855e-09,1.4476752e-08,2.5680434e-08,3.155231e-08,4.9548802e-08,5.5089426e-08,5.2522264e-08,3.7380847e-08,2.8486768e-08,3.1216675e-08,1.2149182e-08,1.3644768e-08
32.5,73.125,5.45135e-09,1.4466552e-08,2.2800295e-08,3.0087055e-08,4.7912533e-08,5.0235393e-08,6.0791756e-08,3.824877e-08,2.7808165e-08,3.1300115e-08,1.22541985e-08,1.35561065e-08
32.5,73.75,5.3777836e-09,1.3276671e-08,2.1591442e-08,2.9500491e-08,5.051791e-08,4.892839e-08,6.885629e-08,3.714922e-08,2.7297999e-08,2.9959914e-08,1.18733325e-08,1.2689563e-08
32.5,74.375,5.566496e-09,1.2479818e-08,2.005749e-08,2.9309497e-08,5.3532624e-08,4.6860563e-08,6.6890465e-08,3.3672602e-08,2.5934666e-08,2.5940917e-08,1.1217193e-08,1.1844995e-08
32.5,75.0,5.6579372e-09,1.1464392e-08,1.8017179e-08,2.8668971e-08,5.3388394e-08,4.5865697e-08,5.892964e-08,2.8462784e-08,2.2998453e-08,2.0427661e-08,9.128175e-09,9.486514e-09
32.5,75.625,4.9674105e-09,1.1086464e-08,1.4872292e-08,2.6927593e-08,4.9098396e-08,4.338047e-08,4.565668e-08,1.9652633e-08,1.6600765e-08,1.3627312e-08,6.1722942e-09,5.657717e-09
32.5,76.25,3.100948e-09,9.109223e-09,1.1548192e-08,2.3604844e-08,4.022654e-08,3.7049297e-08,1.9545928e-08,7.6746876e-09,7.811513e-09,6.621327e-09,3.8456704e-09,2.6336546e-09
32.5,76.875,1.691915e-09,5.228149e-09,8.4785885e-09,1.8758936e-08,2.7229596e-08,2.4006477e-08,8.589656e-09,2.0007327e-09,2.8689102e-09,3.1589449e-09,2.5011926e-09,1.3388624e-09
32.5,77.5,1.1011212e-09,4.0680397e-09,7.2520083e-09,1.2418787e-08,1.8425306e-08,1.733885e-08,7.856921e-09,1.2622001e-09,1.9231456e-09,2.2620603e-09,1.8101055e-09,9.584772e-10
32.5,78.125,9.902784e-10,3.8520023e-09,6.666442e-09,1.05332525e-08,1.7017937e-08,1.5051532e-08,8.467619e-09,1.1154593e-09,1.8230187e-09,1.7863482e-09,1.4379034e-09,8.9434044e-10
32.5,78.75,1.02666e-09,3.77312e-09,6.416838e-09,1.065088e-08,1.6981733e-08,1.3819439e-08,1.0048318e-08,1.2420446e-09,1.7750443e-09,1.6045377e-09,1.2932582e-09,8.072412e-10
32.5,79.375,1.0040253e-09,3.810044e-09,6.257658e-09,1.0716788e-08,1.7829441e-08,1.369702e-08,1.0776167e-08,1.6589248e-09,1.7988716e-09,1.5655266e-09,1.2392972e-09,7.1364914e-10
32.5,80.0,9.599103e-10,3.7829295e-09,6.103189e-09,1.0831021e-08,1.9495605e-08,1.4886852e-08,1.054437e-08,2.2576148e-09,1.9363957e-09,1.7129179e-09,1.2019243e-09,6.370709e-10
32.5,80.625,9.007729e-10,3.6207473e-09,6.159071e-09,1.0905115e-08,2.0862341e-08,1.588578e-08,1.1260091e-08,2.6562472e-09,2.1513824e-09,1.8216383e-09,1.1673985e-09,5.6861216e-10
32.5,81.25,8.583549e-10,3.4910141e-09,6.3847034e-09,1.0901265e-08,2.2684441e-08,1.720103e-08,1.3001406e-08,3.0496083e-09,2.4175715e-09,1.8213908e-09,1.1233598e-09,5.190101e-10
33.0,72.5,5.063773e-09,1.3837995e-08,2.3930463e-08,2.760947e-08,4.5945793e-08,4.8885948e-08,5.684661e-08,3.9419614e-08,2.8180027e-08,2.7641422e-08,1.2042256e-08,1.2994097e-08
33.0,73.125,5.2565126e-09,1.32011975e-08,2.2726923e-08,2.782387e-08,4.4882448e-08,4.3061785e-08,6.2490265e-08,3.54923e-08,2.539388e-08,2.4508315e-08,1.13840475e-08,1.17026735e-08
33.0,73.75,4.83106e-09,1.2073604e-08,2.1579654e-08,2.8085681e-08,4.7883017e-08,4.2957495e-08,6.678942e-08,3.0904513e-08,2.3908251e-08,2.288882e-08,9.746419e-09,9.180395e-09
33.0,74.375,4.74556e-09,1.1700146e-08,1.9080627e-08,2.7009689e-08,4.7532776e-08,4.099687e-08,6.022772e-08,2.657322e-08,2.152586e-08,1.9065093e-08,8.428136e-09,7.402311e-09
33.0,75.0,4.8114397e-09,1.059053e-08,1.675571e-08,2.4888262e-08,4.438968e-08,3.738363e-08,4.4779366e-08,1.9372706e-08,1.7042293e-08,1.3652836e-08,6.4276575e-09,5.5341287e-09
33.0,75.625,4.095715e-09,9.426109e-09,1.37060265e-08,2.2777021e-08,3.8813948e-08,3.400249e-08,2.891991e-08,1.0317675e-08,1.0985104e-08,8.178352e-09,4.607501e-09,3.8956154e-09
33.0,76.25,2.135919e-09,6.3589107e-09,1.05731255e-08,1.8746809e-08,2.9632922e-08,2.6893638e-08,1.2957803e-08,3.3181222e-09,4.5043937e-09,4.0270116e-09,2.9840264e-09,2.0512883e-09
33.0,76.875,1.2838508e-09,4.5141797e-09,8.216015e-09,1.3574512e-08,2.0058113e-08,1.7401423e-08,8.56488e-09,1.4760771e-09,2.3230997e-09,2.6696407e-09,2.0726805e-09,1.128749e-09
33.0,77.5,1.0410304e-09,4.081e-09,7.2386466e-09,1.1064519e-08,1.6079177e-08,1.4527434e-08,9.354651e-09,1.5596983e-09,2.2478068e-09,2.1135256e-09,1.7197757e-09,8.567917e-10
33.0,78.125,9.2848956e-10,3.8710204e-09,6.722398e-09,9.954579e-09,1.547002e-08,1.2344829e-08,1.0746911e-08,1.4005616e-09,2.400483e-09,1.8561312e-09,1.4434731e-09,8.0475154e-10
33.0,78.75,9.62669e-10,3.7657304e-09,6.363964e-09,9.471581e-09,1.7047217e-08,1.1633014e-08,1.333754e-08,1.3904166e-09,2.4610367e-09,1.7990798e-09,1.260159e-09,7.342484e-10
33.0,79.375,9.742137e-10,3.848202e-09,6.2446106e-09,9.479156e-09,1.9215921e-08,1.1738029e-08,1.4852761e-08,1.9947226e-09,2.477835e-09,1.9076896e-09,1.1556368e-09,6.6293904e-10
33.0,80.0,9.3004454e-10,3.7798356e-09,6.281894e-09,9.662836e-09,2.1157486e-08,1.3135529e-08,1.5806728e-08,3.1575869e-09,2.420595e-09,2.151884e-09,1.0840243e-09,6.084067e-10
33.0,80.625,8.876164e-10,3.5972303e-09,6.6210033e-09,9.885102e-09,2.235755e-08,1.6167663e-08,1.728481e-08,3.883829e-09,2.6861149e-09,2.2861433e-09,1.0421812e-09,5.646447e-10
33.0,81.25,8.6523755e-10,3.5214254e-09,6.881291e-09,1.0212413e-08,2.697614e-08,2.0828459e-08,2.2641375e-08,4.5298467e-09,3.65998e-09,2.4552236e-09,9.87595e-10,5.117645e-10
33.5,72.5,4.961719e-09,1.31899265e-08,2.3648433e-08,2.4697512e-08,4.088079e-08,4.1770786e-08,5.7079042e-08,3.384136e-08,2.5256002e-08,2.154948e-08,1.1427332e-08,1.1483926e-08
33.5,73.125,4.6516875e-09,1.2176112e-08,2.2971745e-08,2.7142354e-08,4.2773358e-08,4.031705e-08,5.8111812e-08,2.7972067e-08,2.1972362e-08,1.9733593e-08,9.492268e-09,8.619105e-09
33.5,73.75,3.9112344e-09,1.05773506e-08,2.1068056e-08,2.5598881e-08,4.2914536e-08,3.7770345e-08,5.4192828e-08,2.2073113e-08,1.9185048e-08,1.7046132e-08,8.1909715e-09,6.498523e-09
33.5,74.375,3.3043996e-09,9.412661e-09,1.733089e-08,2.350292e-08,4.0402337e-08,3.3417745e-08,3.8581014e-08,1.4711737e-08,1.46041055e-08,1.3491738e-08,6.7326793e-09,4.8450395e-09
33.5,75.0,3.2347058e-09,8.09866e-09,1.4633389e-08,2.1619297e-08,3.5688984e-08,2.9160098e-08,2.6080029e-08,9.288618e-09,1.1899101e-08,9.348667e-09,4.890353e-09,3.5757517e-09
33.5,75.625,2.6022882e-09,6.510805e-09,1.2866944e-08,2.0143428e-08,2.9802735e-08,2.4725887e-08,1.902188e-08,5.088246e-09,8.0813685e-09,6.1842047e-09,3.752247e-09,2.59241e-09
33.5,76.25,1.5251823e-09,4.5286987e-09,1.0354304e-08,1.5063627e-08,2.1864222e-08,1.7843103e-08,1.1311505e-08,1.9932929e-09,3.7190566e-09,3.9348262e-09,2.5594287e-09,1.5107826e-09
33.5,76.875,1.2126095e-09,4.2471453e-09,8.405125e-09,1.1969921e-08,1.7602977e-08,1.4069504e-08,1.0601422e-08,1.5009514e-09,2.8726996e-09,2.7016578e-09,1.968943e-09,1.0317337e-09
33.5,77.5,1.1115969e-09,4.311736e-09,7.419284e-09,1.0421465e-08,1.5791542e-08,1.27745805e-08,1.2559233e-08,1.626414e-09,3.0411953e-09,2.2070432e-09,1.6779683e-09,8.332778e-10
33.5,78.125,9.974608e-10,4.0438004e-09,6.888152e-09,9.465858e-09,1.4724191e-08,1.1636916e-08,1.5530306e-08,1.5408518e-09,2.9287013e-09,2.1337763e-09,1.4451808e-09,7.4599105e-10
33.5,78.75,9.602797e-10,3.786442e-09,6.66322e-09,9.0220285e-09,1.7192619e-08,1.12342e-08,2.0210454e-08,1.8843043e-09,3.5197227e-09,2.6408358e-09,1.2421207e-09,6.780386e-10
33.5,79.375,9.250258e-10,3.7424246e-09,6.674887e-09,9.354184e-09,2.0495433e-08,1.3133468e-08,2.2654355e-08,3.5906877e-09,4.055296e-09,2.9688505e-09,1.1045923e-09,6.151086e-10
33.5,80.0,8.9239766e-10,3.759697e-09,6.9050445e-09,9.755407e-09,2.3775012e-08,1.8762087e-08,2.537058e-08,6.5700467e-09,4.9184803e-09,3.0138065e-09,1.0076134e-09,5.6240973e-10
33.5,80.625,8.638604e-10,3.6937016e-09,7.2758937e-09,1.0200165e-08,2.6683459e-08,2.5494835e-08,2.9438272e-08,7.494248e-09,6.215862e-09,3.0611953e-09,9.575488e-10,5.308089e-10
33.5,81.25,8.307189e-10,3.5541754e-09,7.2253377e-09,1.0923729e-08,3.5461962e-08,2.9587802e-08,3.5339525e-08,7.131929e-09,8.020315e-09,3.2112184e-09,9.1276736e-10,4.9501475e-10
34.0,72.5,4.664362e-09,1.23870985e-08,2.2370914e-08,2.3726049e-08,3.5726888e-08,3.9034056e-08,5.8080595e-08,2.858536e-08,2.2608152e-08,1.8651734e-08,1.03250395e-08,8.587742e-09
34.0,73.125,3.8220156e-09,1.2838639e-08,2.1964254e-08,2.4980789e-08,3.764375e-08,3.893365e-08,5.1667982e-08,2.4515519e-08,1.9521682e-08,1.8444583e-08,9.53675e-09,6.731581e-09
34.0,73.75,3.0142269e-09,1.02530135e-08,1.9888638e-08,2.2537279e-08,3.694746e-08,3.2616786e-08,3.6976886e-08,1.5123636e-08,1.47279176e-08,1.4831526e-08,8.203842e-09,5.061114e-09
34.0,74.375,2.6305447e-09,8.070141e-09,1.607267e-08,2.0802206e-08,3.4887982e-08,2.7014055e-08,2.7541935e-08,9.674824e-09,1.0906517e-08,1.1554045e-08,6.2413843e-09,3.4756138e-09
34.0,75.0,2.355155e-09,6.6619714e-09,1.395781e-08,2.0466556e-08,3.159573e-08,2.5246724e-08,2.158181e-08,6.6013177e-09,8.1892795e-09,8.569347e-09,4.87429e-09,2.6929854e-09
34.0,75.625,1.8271236e-09,5.2149534e-09,1.2291792e-08,1.7397133e-08,2.4155534e-08,1.94031e-08,1.324964e-08,3.435862e-09,5.2065445e-09,6.075762e-09,3.442713e-09,1.9246797e-09
34.0,76.25,1.367572e-09,4.2187804e-09,1.0296155e-08,1.2971153e-08,1.8179303e-08,1.3751317e-08,1.1240407e-08,1.8615106e-09,3.4794976e-09,4.438536e-09,2.306935e-09,1.3431118e-09
34.0,76.875,1.2695849e-09,4.1716413e-09,8.8299466e-09,1.11003e-08,1.6574838e-08,1.2937002e-08,1.4452001e-08,2.056263e-09,3.8746357e-09,3.4428684e-09,1.9444886e-09,1.0524217e-09
34.0,77.5,1.1589475e-09,4.2679744e-09,7.740835e-09,1.0005439e-08,1.5074875e-08,1.2976595e-08,1.8598854e-08,2.1076425e-09,3.731338e-09,2.7317917e-09,1.6857168e-09,8.377439e-10
34.0,78.125,1.0306115e-09,4.061097e-09,7.2941386e-09,9.148403e-09,1.4904623e-08,1.1928561e-08,2.6314186e-08,1.7725565e-09,3.9298533e-09,3.0978597e-09,1.4532308e-09,7.4568984e-10
34.0,78.75,9.501268e-10,3.697291e-09,7.0281203e-09,9.303896e-09,1.7704634e-08,1.4452326e-08,3.2996496e-08,4.2803143e-09,5.8208247e-09,4.055074e-09,1.2384863e-09,6.963631e-10
34.0,79.375,9.0598873e-10,3.55044e-09,6.9661317e-09,9.81748e-09,2.129133e-08,2.0137788e-08,3.486162e-08,9.280772e-09,8.54728e-09,4.4906487e-09,1.0962355e-09,6.40607e-10
34.0,80.0,8.486924e-10,3.5945709e-09,7.139106e-09,1.0364208e-08,2.5728665e-08,2.8022926e-08,3.583505e-08,1.2205164e-08,1.2479859e-08,4.4792983e-09,9.881517e-10,5.723197e-10
34.0,80.625,8.059645e-10,3.5836325e-09,7.4783335e-09,1.07763904e-08,3.1361783e-08,3.4749185e-08,3.8744535e-08,1.359908e-08,1.5417342e-08,4.1766164e-09,9.377689e-10,5.297999e-10
34.0,81.25,7.828366e-10,3.4899057e-09,7.4495614e-09,1.1360953e-08,4.0600547e-08,3.610506e-08,4.4530047e-08,1.2862959e-08,1.6933829e-08,4.2204578e-09,9.0634406e-10,5.054833e-10
34.5,72.5,3.940936e-09,1.1627013e-08,1.9366693e-08,2.0888304e-08,2.9034679e-08,2.9647163e-08,5.3323205e-08,2.291733e-08,1.8073722e-08,1.49223e-08,9.394824e-09,5.657908e-09
34.5,73.125,3.1553269e-09,1.1440002e-08,1.8819202e-08,2.2122064e-08,2.9563214e-08,3.007793e-08,4.2005336e-08,1.861055e-08,1.5723034e-08,1.5027368e-08,9.881365e-09,5.0761173e-09
34.5,73.75,2.4979565e-09,1.0349871e-08,1.7504318e-08,1.9930486e-08,2.9204257e-08,2.6128813e-08,2.78641e-08,1.3209031e-08,1.1178539e-08,1.1785041e-08,6.7293633e-09,3.784347e-09
34.5,74.375,2.3414721e-09,7.49249e-09,1.7001815e-08,1.8490512e-08,3.000904e-08,2.3220128e-08,2.7042447e-08,9.908989e-09,9.2605354e-09,1.0302551e-08,6.814951e-09,3.3631646e-09
34.5,75.0,1.9848108e-09,5.7462524e-09,1.5058621e-08,1.7314862e-08,2.4883775e-08,1.95565e-08,1.7682147e-08,5.6870118e-09,6.591567e-09,8.024149e-09,5.260649e-09,2.3656892e-09
34.5,75.625,1.5736129e-09,4.880917e-09,1.2151187e-08,1.7577547e-08,1.9448283e-08,1.514724e-08,1.207938e-08,3.3295318e-09,4.9277467e-09,6.231359e-09,3.1721994e-09,1.7288962e-09
34.5,76.25,1.3583084e-09,4.5676773e-09,1.0404414e-08,1.3495788e-08,1.7230363e-08,1.3234512e-08,1.4111753e-08,2.7400564e-09,4.523566e-09,5.1251714e-09,2.283265e-09,1.3357516e-09
34.5,76.875,1.1809532e-09,4.256001e-09,9.187994e-09,1.0602506e-08,1.5015669e-08,1.1768619e-08,1.82318e-08,2.5954778e-09,4.5314716e-09,4.505826e-09,1.9535418e-09,1.0473529e-09
34.5,77.5,1.1013339e-09,4.0689168e-09,8.241298e-09,9.785231e-09,1.3641071e-08,1.1660461e-08,2.8888104e-08,2.2820772e-09,4.725257e-09,3.8258263e-09,1.7534094e-09,8.6283175e-10
34.5,78.125,9.831143e-10,3.7282097e-09,7.537658e-09,9.066458e-09,1.4494001e-08,1.3100467e-08,3.4301074e-08,2.6790627e-09,5.8184253e-09,4.1511603e-09,1.4320223e-09,7.948131e-10
34.5,78.75,9.320982e-10,3.5722556e-09,7.2065283e-09,9.253988e-09,1.8014685e-08,1.8586253e-08,4.072537e-08,8.36353e-09,9.52919e-09,5.002994e-09,1.2546469e-09,7.3810724e-10
34.5,79.375,9.161711e-10,3.4840428e-09,7.0210278e-09,9.323268e-09,2.3081215e-08,2.5697318e-08,4.5774915e-08,1.5638147e-08,1.5714866e-08,5.9431557e-09,1.1581839e-09,6.815036e-10
34.5,80.0,8.717232e-10,3.5766246e-09,7.2373427e-09,1.0152811e-08,2.7897196e-08,3.2345543e-08,4.6107097e-08,1.790077e-08,2.0898021e-08,6.356378e-09,1.0657609e-09,6.10513e-10
34.5,80.625,8.287147e-10,3.6223307e-09,7.621669e-09,1.0957396e-08,3.4943668e-08,3.651906e-08,4.6574755e-08,2.1111148e-08,2.3138712e-08,5.499636e-09,9.985558e-10,5.5717736e-10
34.5,81.25,8.072096e-10,3.4918264e-09,7.7105895e-09,1.1535531e-08,4.3372747e-08,3.6964956e-08,5.270428e-08,2.1904238e-08,2.4614163e-08,5.9267093e-09,9.568962e-10,5.4045945e-10
35.0,72.5,2.9927802e-09,9.530676e-09,1.7541513e-08,1.7610304e-08,2.3473179e-08,2.1696117e-08,3.693062e-08,1.4189966e-08,1.3050824e-08,1.0015686e-08,6.76483e-09,3.7074819e-09
35.0,73.125,2.1968956e-09,8.174494e-09,1.6528702e-08,1.762234e-08,2.239041e-08,2.0753653e-08,2.23851e-08,1.1828213e-08,1.1364561e-08,9.254549e-09,7.2923823e-09,3.6081562e-09
35.0,73.75,1.8379165e-09,6.705672e-09,1.3909049e-08,1.6195312e-08,2.0510104e-08,1.7246263e-08,1.516518e-08,7.416592e-09,8.177419e-09,7.2856396e-09,5.056727e-09,2.5798201e-09
35.0,74.375,1.8023728e-09,5.8632685e-09,1.4042078e-08,1.5628212e-08,2.2326129e-08,1.7135154e-08,1.5223987e-08,6.1480963e-09,7.163859e-09,7.3620736e-09,4.4160107e-09,2.7083469e-09
35.0,75.0,1.6951001e-09,5.3288596e-09,1.3369521e-08,1.4539789e-08,1.959075e-08,1.5672686e-08,1.335235e-08,4.7431064e-09,5.862118e-09,6.9082433e-09,4.0989874e-09,2.383208e-09
35.0,75.625,1.5054448e-09,4.9855253e-09,1.2108749e-08,1.46314205e-08,1.6244485e-08,1.3970172e-08,1.2649194e-08,4.014911e-09,5.1378075e-09,6.3133014e-09,3.3721153e-09,2.1457787e-09
35.0,76.25,1.2763548e-09,4.8672746e-09,1.1102348e-08,1.5006117e-08,1.603938e-08,1.2774308e-08,1.913901e-08,3.669956e-09,5.3814793e-09,5.5438103e-09,2.6437512e-09,1.5654852e-09
35.0,76.875,1.1157153e-09,4.2855635e-09,9.819463e-09,1.1320186e-08,1.3404691e-08,1.0612514e-08,3.017831e-08,2.924405e-09,6.5696906e-09,5.0969553e-09,2.0743023e-09,1.0777182e-09
35.0,77.5,1.0240471e-09,3.887501e-09,8.6639345e-09,9.994339e-09,1.2559535e-08,1.23751e-08,3.6768757e-08,3.7786796e-09,8.0315194e-09,5.195973e-09,1.7919523e-09,9.2163355e-10
35.0,78.125,9.537262e-10,3.5942866e-09,7.763271e-09,9.559177e-09,1.4354291e-08,1.5821236e-08,3.7831665e-08,7.14036e-09,8.675877e-09,5.3909264e-09,1.4966539e-09,8.2830215e-10
35.0,78.75,9.189546e-10,3.5493113e-09,7.4338873e-09,9.182092e-09,1.902346e-08,2.2357835e-08,4.2830774e-08,1.4237428e-08,1.4924884e-08,6.3371703e-09,1.3546955e-09,7.661787e-10
35.0,79.375,9.341116e-10,3.6975223e-09,7.3046946e-09,9.905686e-09,2.7823965e-08,3.2245286e-08,5.3474473e-08,2.2737837e-08,2.4572838e-08,7.561244e-09,1.3069251e-09,7.126863e-10
35.0,80.0,9.211476e-10,3.8438333e-09,7.615463e-09,1.1242204e-08,3.4593718e-08,3.997502e-08,5.6675603e-08,2.6514568e-08,2.7444216e-08,7.3866375e-09,1.2091573e-09,6.5179784e-10
35.0,80.625,8.827563e-10,3.806008e-09,7.77721e-09,1.1896343e-08,3.738199e-08,4.064271e-08,5.4181356e-08,2.7511637e-08,2.3860798e-08,6.140529e-09,1.0997814e-09,6.1728195e-10
35.0,81.25,8.686206e-10,3.6839813e-09,7.948393e-09,1.2680524e-08,4.0101323e-08,3.882081e-08,5.7174827e-08,2.8801662e-08,2.5583631e-08,6.158416e-09,1.0581632e-09,6.472146e-10
35.5,72.5,2.018176e-09,6.0991687e-09,1.4570751e-08,1.4458844e-08,1.9910114e-08,1.5998376e-08,2.1466319e-08,8.80195e-09,8.5297565e-09,7.517077e-09,4.0361905e-09,2.5385611e-09
35.5,73.125,2.015785e-09,6.7587638e-09,1.4221534e-08,1.4370047e-08,1.75607e-08,1.5256107e-08,2.0416337e-08,1.064301e-08,7.970584e-09,6.7013333e-09,4.302106e-09,2.7905644e-09
35.5,73.75,1.7160405e-09,6.3083183e-09,1.461536e-08,1.4516832e-08,1.9230942e-08,1.65041e-08,2.1323045e-08,1.063833e-08,9.279454e-09,7.1133415e-09,4.742129e-09,2.6538542e-09
35.5,74.375,1.6177674e-09,5.962615e-09,1.5273166e-08,1.4251919e-08,1.9065238e-08,1.6032452e-08,1.966885e-08,8.877842e-09,7.769116e-09,6.728332e-09,5.1132063e-09,2.5679987e-09
35.5,75.0,1.5357369e-09,5.708005e-09,1.453732e-08,1.3919635e-08,1.620608e-08,1.3304422e-08,1.8958035e-08,6.495406e-09,6.151731e-09,6.154859e-09,3.983618e-09,2.3451927e-09
35.5,75.625,1.4066692e-09,5.470708e-09,1.2688155e-08,1.40894985e-08,1.43659085e-08,1.1909409e-08,2.3065168e-08,5.058173e-09,6.353331e-09,5.9966947e-09,3.1425513e-09,1.8974609e-09
35.5,76.25,1.2104164e-09,4.846567e-09,1.0854907e-08,1.2551618e-08,1.33040885e-08,1.2251925e-08,3.015318e-08,3.3775847e-09,7.821937e-09,5.4653593e-09,2.2918705e-09,1.4219271e-09
35.5,76.875,1.083762e-09,4.1424806e-09,9.459405e-09,1.0985756e-08,1.0789424e-08,1.3893229e-08,3.5039807e-08,2.4844369e-09,9.055542e-09,5.621528e-09,1.8217513e-09,1.1257051e-09
35.5,77.5,9.984876e-10,3.663396e-09,8.70985e-09,1.04986535e-08,1.2713445e-08,1.6924757e-08,3.7873736e-08,6.2636287e-09,1.1096974e-08,6.5267907e-09,1.646638e-09,9.998335e-10
35.5,78.125,9.362111e-10,3.5563315e-09,8.062729e-09,1.0203492e-08,1.6052171e-08,2.2392365e-08,4.566203e-08,1.3996543e-08,1.5666041e-08,7.4968804e-09,1.551658e-09,8.5634794e-10
35.5,78.75,8.8638696e-10,3.5209586e-09,7.792873e-09,1.07724425e-08,2.4545326e-08,3.0761537e-08,5.5955574e-08,2.2744466e-08,2.4680068e-08,8.372691e-09,1.4399094e-09,7.889133e-10
35.5,79.375,8.949978e-10,3.81626e-09,7.996996e-09,1.238365e-08,3.5009855e-08,3.9671736e-08,6.546619e-08,3.0956038e-08,3.0728053e-08,9.022363e-09,1.3859295e-09,7.528095e-10
35.5,80.0,9.0209407e-10,3.9677803e-09,8.5527345e-09,1.3469101e-08,3.793913e-08,4.2850722e-08,6.280149e-08,3.2560425e-08,2.7280809e-08,8.43007e-09,1.266948e-09,7.2633194e-10
35.5,80.625,9.083065e-10,3.9425623e-09,8.9707575e-09,1.3877162e-08,3.9602625e-08,4.3166196e-08,6.2898685e-08,3.4066794e-08,2.5803107e-08,8.0672296e-09,1.2701632e-09,7.5069895e-10
35.5,81.25,9.343646e-10,3.9353103e-09,9.0475805e-09,1.6193054e-08,4.1345395e-08,4.2682224e-08,6.8980654e-08,4.0077495e-08,2.9539509e-08,1.0854119e-08,1.4183605e-09,8.108315e-10
36.0,72.5,1.6155487e-09,4.878026e-09,1.3421325e-08,1.32615545e-08,1.7446602e-08,1.536088e-08,2.2256186e-08,8.0493e-09,9.621242e-09,6.885154e-09,2.4934017e-09,1.9865125e-09
36.0,73.125,1.4960491e-09,4.9663527e-09,1.2608091e-08,1.19092425e-08,1.4074064e-08,1.119068e-08,1.5366185e-08,5.6894174e-09,6.270731e-09,5.318043e-09,2.6036042e-09,2.0815436e-09
36.0,73.75,1.4887365e-09,5.0294284e-09,1.27503235e-08,1.1955664e-08,1.4465785e-08,1.1259036e-08,1.855378e-08,8.20596e-09,6.6806516e-09,5.0850804e-09,3.3500147e-09,1.998268e-09
36.0,74.375,1.2926891e-09,5.120447e-09,1.4349509e-08,1.2229945e-08,1.5054821e-08,1.1776047e-08,2.1651196e-08,8.950587e-09,7.016551e-09,5.5355884e-09,4.3121253e-09,1.8579969e-09
36.0,75.0,1.3001117e-09,5.102972e-09,1.3316749e-08,1.2110468e-08,1.3597855e-08,1.14128245e-08,2.7384475e-08,5.73033e-09,7.87276e-09,5.8030163e-09,3.860188e-09,1.8684139e-09
36.0,75.625,1.3050149e-09,4.7860533e-09,1.1306721e-08,1.2168524e-08,1.1970828e-08,1.3544135e-08,3.3422374e-08,3.6614642e-09,1.0196221e-08,6.250429e-09,2.7855103e-09,1.6950927e-09
36.0,76.25,1.1944269e-09,4.4425894e-09,1.0258704e-08,1.2511343e-08,1.0777571e-08,1.708316e-08,3.6405137e-08,4.0172528e-09,1.3068442e-08,7.0736097e-09,2.0959428e-09,1.4628966e-09
36.0,76.875,1.0848035e-09,4.2772235e-09,9.374191e-09,1.2059187e-08,1.0406673e-08,1.8273386e-08,3.8812072e-08,4.8727573e-09,1.3394499e-08,6.4418484e-09,1.6716019e-09,1.2164492e-09
36.0,77.5,1.0151318e-09,4.0169783e-09,8.976992e-09,1.1968435e-08,1.3942495e-08,2.3187264e-08,4.831007e-08,1.2292783e-08,1.8120847e-08,7.579946e-09,1.6351017e-09,1.1030465e-09
36.0,78.125,9.485974e-10,3.92719e-09,8.67614e-09,1.3056525e-08,2.2215259e-08,3.350057e-08,6.4699925e-08,2.6016536e-08,2.5674293e-08,9.93733e-09,1.6240798e-09,9.707325e-10
36.0,78.75,8.9496294e-10,3.996791e-09,9.244221e-09,1.5569155e-08,3.4603048e-08,4.0933628e-08,8.042404e-08,3.6691496e-08,3.6133677e-08,1.2456484e-08,1.4668549e-09,9.256951e-10
36.0,79.375,9.460047e-10,4.3448347e-09,1.0083876e-08,1.8344084e-08,4.4670095e-08,4.501326e-08,8.806972e-08,4.8614428e-08,4.0194696e-08,1.759146e-08,1.6144325e-09,9.1651947e-10
36.0,80.0,1.3759353e-09,5.33672e-09,1.11231495e-08,2.4119345e-08,5.8281007e-08,5.0101757e-08,9.201428e-08,6.0640296e-08,4.3656957e-08,2.4379212e-08,2.3270206e-09,1.0205465e-09
36.0,80.625,2.2514908e-09,6.7167156e-09,1.2431179e-08,3.0217112e-08,6.965168e-08,5.4827616e-08,9.637549e-08,6.9586086e-08,4.6381803e-08,3.3380303e-08,3.5119767e-09,1.2914807e-09
36.0,81.25,2.3126103e-09,7.2554127e-09,1.2288741e-08,3.417784e-08,6.990165e-08,5.4848655e-08,9.7029e-08,7.883289e-08,4.5603247e-08,3.6035736e-08,4.5739745e-09,1.1852678e-09
36.5,72.5,1.5995445e-09,4.831333e-09,1.2910894e-08,1.4289208e-08,1.7651239e-08,1.6752164e-08,2.456152e-08,1.0135394e-08,1.1794842e-08,6.660494e-09,2.5589113e-09,1.6696415e-09
36.5,73.125,1.3479702e-09,4.667137e-09,1.2253431e-08,1.1615176e-08,1.4368021e-08,1.1552576e-08,1.6269071e-08,6.143622e-09,7.1590116e-09,4.9082645e-09,2.3071967e-09,1.7009127e-09
36.5,73.75,1.2873788e-09,4.5390283e-09,1.23316335e-08,1.1638243e-08,1.2839967e-08,9.969828e-09,2.1079858e-08,6.322235e-09,6.8100765e-09,4.575965e-09,2.8645637e-09,1.8274169e-09
36.5,74.375,1.2189576e-09,4.5272537e-09,1.27534046e-08,1.3205257e-08,1.3051366e-08,1.1119437e-08,2.995723e-08,7.4443167e-09,8.833444e-09,5.4023768e-09,3.1838177e-09,1.6686037e-09
36.5,75.0,1.204677e-09,4.572111e-09,1.25948e-08,1.3687047e-08,1.3033939e-08,1.3938431e-08,4.022261e-08,6.8355126e-09,1.2238077e-08,6.156869e-09,3.0123268e-09,1.6915941e-09
36.5,75.625,1.2479844e-09,4.57985e-09,1.1683398e-08,1.557058e-08,1.2681524e-08,1.9938671e-08,4.6896247e-08,7.3080098e-09,1.7366862e-08,8.043688e-09,2.6661466e-09,1.6952284e-09
36.5,76.25,1.2766225e-09,4.720505e-09,1.1464768e-08,1.739345e-08,1.5247737e-08,2.646002e-08,6.0411985e-08,1.8634996e-08,2.4981198e-08,1.327054e-08,2.4131934e-09,1.6148555e-09
36.5,76.875,1.2076146e-09,5.13815e-09,1.14414e-08,1.6653878e-08,1.9396031e-08,2.837587e-08,6.590586e-08,2.8386328e-08,2.6726138e-08,1.4630821e-08,2.1005129e-09,1.4663989e-09
36.5,77.5,1.1218654e-09,5.043993e-09,1.0673668e-08,1.7592114e-08,2.2429782e-08,3.373134e-08,7.336225e-08,3.2363854e-08,2.9347515e-08,1.4163473e-08,1.9057522e-09,1.3777964e-09
36.5,78.125,1.3122322e-09,5.9962253e-09,1.12649134e-08,2.4110463e-08,4.2523805e-08,4.3842313e-08,9.356435e-08,5.0767174e-08,4.28687e-08,2.3217874e-08,2.3940465e-09,1.615325e-09
36.5,78.75,2.3011022e-09,8.772157e-09,1.3700716e-08,3.4196333e-08,5.623981e-08,5.152912e-08,1.1264139e-07,7.242958e-08,5.3474164e-08,3.8629643e-08,5.004723e-09,2.786237e-09
36.5,79.375,3.9112895e-09,1.2631615e-08,1.5949897e-08,4.426147e-08,7.029913e-08,5.9734276e-08,1.2794466e-07,9.4379615e-08,5.912625e-08,5.198977e-08,8.848084e-09,4.3674158e-09
36.5,80.0,5.97607e-09,1.6542506e-08,1.934281e-08,4.9482576e-08,8.215073e-08,6.5080165e-08,1.382683e-07,9.59903e-08,6.200995e-08,6.0193294e-08,1.253399e-08,6.6121477e-09
36.5,80.625,1.0983909e-08,2.3998902e-08,3.8096328e-08,5.76867e-08,1.0221782e-07,6.9062416e-08,1.5434406e-07,1.1989557e-07,6.8758894e-08,7.8351974e-08,2.8798127e-08,1.9922306e-08
36.5,81.25,1.6752248e-08,3.2346765e-08,5.8093477e-08,6.772559e-08,1.171908e-07,7.516646e-08,1.5334784e-07,1.3694338e-07,7.082975e-08,9.258328e-08,4.527692e-08,3.4482877e-08
37.0,72.5,1.7107485e-09,4.4969966e-09,1.35111895e-08,1.4952404e-08,1.8740783e-08,1.6811766e-08,2.6157126e-08,1.2246551e-08,1.3628248e-08,7.751844e-09,2.7439255e-09,1.5279511e-09
37.0,73.125,1.4505194e-09,4.3943778e-09,1.22801005e-08,1.2409013e-08,1.6049722e-08,1.221706e-08,2.388198e-08,8.067027e-09,9.2957935e-09,5.791736e-09,2.2704272e-09,1.4487848e-09
37.0,73.75,1.2970641e-09,4.304756e-09,1.1981874e-08,1.32802525e-08,1.4314772e-08,1.1533839e-08,3.066834e-08,5.9607257e-09,1.0324993e-08,5.3345754e-09,2.410874e-09,1.6169129e-09
37.0,74.375,1.2592101e-09,4.2898995e-09,1.19894e-08,1.4947743e-08,1.3759085e-08,1.3630142e-08,4.0323297e-08,6.752353e-09,1.3878154e-08,6.6079044e-09,2.4715034e-09,1.5850695e-09
37.0,75.0,1.2391663e-09,4.570625e-09,1.2233203e-08,1.5834182e-08,1.4167845e-08,1.9542313e-08,5.6147275e-08,1.1846242e-08,1.915311e-08,1.0142693e-08,2.5196099e-09,1.5947916e-09
37.0,75.625,1.3123367e-09,5.1630877e-09,1.2065284e-08,1.9055248e-08,1.9414808e-08,2.8688707e-08,7.581501e-08,2.359329e-08,2.5771927e-08,1.8200339e-08,2.546658e-09,1.7119184e-09
37.0,76.25,1.5981729e-09,6.876121e-09,1.2798337e-08,2.5044391e-08,3.400507e-08,3.8484966e-08,9.5900056e-08,3.6769872e-08,3.4762675e-08,2.9722786e-08,3.00485e-09,1.9640318e-09
37.0,76.875,2.7485882e-09,1.2935053e-08,1.9676008e-08,3.5961722e-08,5.554701e-08,4.4723492e-08,1.0779472e-07,5.63449e-08,4.3618396e-08,4.756364e-08,7.493881e-09,4.514167e-09
37.0,77.5,3.3748195e-09,1.3942846e-08,2.207772e-08,3.8472898e-08,5.9628e-08,4.829138e-08,1.10990506e-07,7.087851e-08,4.6911676e-08,5.1157375e-08,9.323269e-09,6.1551226e-09
37.0,78.125,4.8946363e-09,1.8036546e-08,2.807393e-08,4.7678682e-08,7.464041e-08,5.7447323e-08,1.2319276e-07,8.8286114e-08,5.37056e-08,6.463269e-08,1.3809511e-08,9.907844e-09
37.0,78.75,8.453166e-09,2.5646386e-08,4.776449e-08,5.905531e-08,9.297665e-08,6.805021e-08,1.4254775e-07,1.1578314e-07,6.442315e-08,8.52795e-08,2.8779187e-08,2.0174411e-08
37.0,79.375,1.4100689e-08,3.2866865e-08,7.398217e-08,7.2455684e-08,1.09550335e-07,7.477016e-08,1.6034367e-07,1.3277895e-07,7.419585e-08,1.0151135e-07,4.7386404e-08,3.5802113e-08
37.0,80.0,1.8420671e-08,3.6689602e-08,9.381315e-08,8.448648e-08,1.2570554e-07,8.4149846e-08,1.7448157e-07,1.3031709e-07,8.1574036e-08,1.1001412e-07,5.9735974e-08,4.5046626e-08
37.0,80.625,2.5089497e-08,4.570497e-08,1.2622003e-07,1.0235623e-07,1.4893698e-07,9.469877e-08,1.8224067e-07,1.4141504e-07,9.00424e-08,1.2547976e-07,7.635493e-08,5.678392e-08
37.0,81.25,3.3101617e-08,5.7553866e-08,1.4602706e-07,1.0932636e-07,1.664495e-07,1.00899584e-07,1.8352289e-07,1.5255618e-07,9.316306e-08,1.4276485e-07,8.9439375e-08,6.8696544e-08
