lat,lon,2018-01,2018-02,2018-03,2018-04,2018-05,2018-06,2018-07,2018-08,2018-09,2018-10,2018-11,2018-12
29.0,72.5,-264.08559999999994,-259.65601999999996,-254.46999999999997,-249.28995999999995,-244.71899999999994,-242.04431999999997,-243.10623999999996,-244.10471999999993,-246.72419999999994,-251.89652999999993,-256.69319999999993,-263.4007399999999
29.0,73.125,-264.19249999999994,-259.78047,-254.70313999999996,-249.59049999999996,-245.05014999999997,-242.60056999999995,-243.97519999999997,-245.02559999999994,-246.72003999999993,-252.09459999999996,-256.84709999999995,-263.6111599999999
29.0,73.75,-264.08449999999993,-259.82553999999993,-254.73386999999997,-249.88162999999997,-245.16659999999996,-242.38859999999994,-244.08255999999994,-245.08103999999997,-247.33929999999998,-252.37634999999995,-257.11402999999996,-263.58629999999994
29.0,74.375,-264.27097999999995,-260.06784999999996,-255.08819999999997,-250.29829999999993,-245.40247999999997,-242.32556999999997,-244.44797999999997,-245.30079999999998,-247.80597999999998,-252.73749999999995,-257.47156999999993,-263.68674999999996
29.0,75.0,-264.85553999999996,-260.53491999999994,-255.63431999999995,-250.70689999999996,-245.74472999999995,-242.53754999999995,-244.84412999999995,-245.70249999999993,-248.40702999999996,-253.31159999999994,-257.91141999999996,-263.93947
29.0,75.625,-265.46969999999993,-261.07007999999996,-256.03679999999997,-250.91834999999998,-246.10559999999998,-242.95523999999995,-245.30279999999993,-246.31085999999993,-248.97733999999997,-253.91214999999994,-258.49826999999993,-264.34187
29.0,76.25,-265.96692999999993,-261.54175999999995,-256.24243999999993,-250.86209999999994,-246.36719999999997,-243.64325999999994,-245.66443999999996,-247.11981999999995,-249.60126999999994,-254.42777999999993,-259.01755999999995,-264.82435
29.0,76.875,-266.47946999999994,-261.68183999999997,-256.48386999999997,-250.69205999999997,-246.18976999999995,-243.80161999999996,-245.60901999999993,-247.72266999999994,-250.19242999999994,-254.90357999999998,-259.18537999999995,-265.2177
29.0,77.5,-266.86599999999993,-261.54344,-256.68296999999995,-250.46573999999998,-246.19632999999993,-243.49379999999996,-245.61606999999998,-247.93839999999994,-250.48669999999993,-255.20471999999995,-259.2280999999999,-265.46289999999993
29.0,78.125,-266.95005,-261.27559999999994,-256.48261999999994,-250.33319999999998,-246.44986999999998,-243.72399999999993,-245.53189999999995,-247.71409999999997,-250.36377999999996,-254.92299999999994,-259.15739999999994,-265.14115999999996
29.0,78.75,-265.8273,-260.47565999999995,-255.48664999999994,-250.17379999999997,-246.17313999999993,-243.62711999999993,-245.58606999999995,-247.50693999999993,-250.00439999999998,-254.31159999999994,-258.38809999999995,-263.47284999999994
29.0,79.375,-264.41765,-259.79999999999995,-254.90649999999994,-250.50949999999995,-246.78202999999996,-244.59119999999996,-246.42932999999994,-247.90006999999997,-249.89972999999998,-254.86801999999994,-257.82339999999994,-262.38908
29.0,80.0,-264.10654999999997,-259.66218,-255.50351999999998,-251.46912999999995,-248.29663999999997,-245.76096999999993,-247.28943999999996,-248.55985999999996,-250.11795999999998,-255.70874999999995,-258.77964,-263.0268
29.0,80.625,-264.56613999999996,-261.41815999999994,-258.56879999999995,-254.88761999999997,-252.38939999999997,-248.93335999999994,-249.79019999999997,-250.67804999999993,-251.87679999999995,-257.76294999999993,-260.47901999999993,-264.33802
29.0,81.25,-266.87152999999995,-264.18129999999996,-261.48789999999997,-257.1157299999999,-254.76409999999993,-250.86356999999998,-251.71057999999994,-252.40006999999997,-253.50751999999994,-259.97714999999994,-262.89762999999994,-266.41306999999995
29.5,72.5,-264.67142999999993,-260.38831999999996,-254.97882999999996,-249.97876999999994,-245.41205999999994,-242.75681999999995,-243.02959999999996,-243.74231999999995,-246.37992999999994,-252.15735999999998,-257.24499999999995,-263.72689999999994
29.5,73.125,-264.7434999999999,-260.43155999999993,-255.16355999999996,-250.17849999999993,-245.55622999999997,-243.04795999999993,-243.63899999999995,-244.51399999999995,-246.29919999999993,-252.11019999999996,-257.3341,-263.90637999999996
29.5,73.75,-264.74225999999993,-260.50562999999994,-255.17362999999995,-250.26184999999998,-245.57132999999993,-242.67346999999995,-244.07245999999998,-244.73019999999997,-246.82575999999995,-252.37482999999997,-257.5489299999999,-263.84824999999995
29.5,74.375,-265.04542,-260.87715,-255.57939999999996,-250.59359999999998,-245.73917999999998,-242.63077999999996,-244.75669999999997,-245.19141999999994,-247.41483999999997,-253.03336999999993,-257.99098,-263.97229999999996
29.5,75.0,-265.70822999999996,-261.38289999999995,-256.13584999999995,-250.94309999999996,-245.96899999999994,-242.89951999999994,-245.39429999999993,-246.03867999999994,-248.27783999999997,-253.88516999999996,-258.47729999999996,-264.25404
29.5,75.625,-266.15283999999997,-261.87996,-256.42463,-251.04489999999993,-246.22101999999995,-243.47241999999994,-245.72769999999997,-246.64252999999997,-249.11429999999996,-254.42447999999996,-259.0093499999999,-264.73609999999996
29.5,76.25,-266.43543999999997,-262.17569999999995,-256.69632999999993,-251.02954999999997,-246.48563999999993,-244.23545999999993,-245.92301999999995,-247.42579999999998,-249.84815999999995,-254.79621999999995,-259.32769999999994,-265.33179999999993
29.5,76.875,-266.64484999999996,-262.07581999999996,-256.80139999999994,-250.93527999999998,-246.46497999999997,-244.61774999999994,-246.07624999999996,-247.90159999999997,-250.42316999999997,-255.46076999999997,-259.54502999999994,-265.67963999999995
29.5,77.5,-266.60401999999993,-261.60439999999994,-256.76663999999994,-250.70844999999997,-246.70589999999993,-244.51619999999997,-246.14099999999996,-248.03717999999998,-250.65232999999995,-255.39449999999994,-259.44386,-265.42963999999995
29.5,78.125,-265.63325,-260.86557999999997,-255.86619999999994,-250.39959999999996,-246.62424999999996,-244.64169999999996,-246.04297999999994,-247.71559999999994,-250.19397999999995,-254.64879999999994,-258.59592999999995,-263.91999999999996
29.5,78.75,-264.49817999999993,-260.40351999999996,-255.93924999999996,-251.53034999999994,-247.81677999999994,-245.78599999999994,-247.21536999999995,-248.76853999999997,-250.65961999999996,-255.14475999999996,-258.42325999999997,-263.05866999999995
29.5,79.375,-266.85414,-263.30084999999997,-259.92515,-255.90402999999998,-252.58972999999997,-250.21253999999993,-250.87613999999996,-251.78439999999995,-253.40335999999996,-259.12609999999995,-261.5703,-265.96189999999996
29.5,80.0,-267.85684999999995,-265.03898,-262.25025999999997,-258.35038,-255.35913999999997,-252.65445999999997,-252.94217999999995,-253.54724999999996,-255.08069999999998,-261.10819999999995,-263.45777999999996,-267.36765999999994
29.5,80.625,-269.16336999999993,-267.0232,-264.39163999999994,-260.77747999999997,-257.87854999999996,-254.52009999999996,-254.67325999999997,-255.19492999999994,-256.8898,-262.98483999999996,-265.17497,-269.1978
29.5,81.25,-273.44539999999995,-272.23326,-269.71533999999997,-265.93539999999996,-263.64063999999996,-259.28702999999996,-258.58631999999994,-258.9945799999999,-261.27054999999996,-267.66364999999996,-270.08856999999995,-273.86839999999995
30.0,72.5,-265.14536999999996,-261.22729999999996,-255.32761999999997,-250.44516999999996,-245.91759999999994,-243.27555999999993,-242.94092999999998,-243.42829999999998,-246.02313999999996,-252.34082999999998,-257.6919,-263.95691999999997
30.0,73.125,-265.00864999999993,-261.03687999999994,-255.34299999999996,-250.53736999999995,-245.93976999999995,-243.08545999999996,-243.26752999999997,-244.02606999999995,-246.11689999999993,-252.34937999999994,-257.74216999999993,-264.07409999999993
30.0,73.75,-265.14169999999996,-261.12964999999997,-255.44556999999998,-250.73449999999997,-246.02143999999993,-243.10733999999997,-244.30783999999994,-244.54119999999995,-246.52783999999997,-252.62207999999998,-258.01469999999995,-264.05487999999997
30.0,74.375,-265.49983,-261.50593,-255.85306999999995,-250.87174999999996,-245.99573999999996,-243.12244999999996,-245.21106999999995,-245.25995999999998,-247.19034999999997,-253.34989999999993,-258.45609999999994,-264.1694499999999
30.0,75.0,-265.88874999999996,-261.90029999999996,-256.22907999999995,-250.97226999999998,-246.04813999999993,-243.38077999999996,-245.70755999999994,-246.23374999999993,-248.29399999999998,-254.23395999999997,-258.98017999999996,-264.46869999999996
30.0,75.625,-266.33045999999996,-262.34029999999996,-256.59324,-251.11679999999996,-246.13281999999998,-243.82609999999994,-245.91016999999994,-246.76901999999995,-249.27679999999998,-254.58124999999995,-259.32079999999996,-265.12904
30.0,76.25,-266.59677999999997,-262.54749999999996,-256.91455999999994,-251.22174999999993,-246.50781999999998,-244.51825999999994,-246.22391999999996,-247.53819999999996,-250.03824999999995,-255.00211999999993,-259.58849999999995,-265.68631999999997
30.0,76.875,-266.22529999999995,-261.79831999999993,-256.72049999999996,-251.15427999999997,-246.77445999999998,-245.12866999999994,-246.59109999999993,-247.95047999999997,-250.57782999999995,-255.56107999999995,-259.68629999999996,-265.50437999999997
30.0,77.5,-265.54151999999993,-261.25242,-256.42664999999994,-251.27643999999998,-247.19329999999997,-245.21723999999995,-246.79953999999998,-248.00995999999998,-250.63979999999998,-255.21933999999993,-259.33591999999993,-264.3453999999999
30.0,78.125,-264.58701999999994,-261.13523999999995,-256.17011999999994,-251.93814999999995,-248.49019999999996,-246.35681999999997,-247.91571999999996,-249.06589999999994,-251.00179999999995,-256.1901,-259.02209999999997,-263.77674999999994
30.0,78.75,-266.30607,-263.82679999999993,-260.87474,-256.88397999999995,-253.56174999999996,-250.88077999999996,-251.76526999999993,-252.53617999999994,-254.13617999999997,-259.86652999999995,-262.25974999999994,-266.69525999999996
30.0,79.375,-270.1423,-268.03766999999993,-265.10633999999993,-261.49519999999995,-258.39039999999994,-255.49796999999995,-255.09539999999993,-255.44315999999998,-257.55179999999996,-263.65671999999995,-265.87067999999994,-270.20269999999994
30.0,80.0,-272.50202999999993,-271.30812,-268.95563999999996,-264.9115699999999,-262.25302999999997,-258.40549999999996,-257.67099999999994,-257.77533999999997,-260.27106999999995,-266.51899999999995,-268.87534999999997,-273.07899999999995
30.0,80.625,-278.21442999999994,-277.16702999999995,-275.55872999999997,-271.70026999999993,-268.98389999999995,-264.01228,-262.62979999999993,-262.74107,-265.95832999999993,-272.50684999999993,-274.75219999999996,-279.1208
30.0,81.25,-286.10927,-284.70734999999996,-282.15394,-277.54294999999996,-275.86599999999993,-269.89129999999994,-268.02989999999994,-268.51676999999995,-272.22459999999995,-278.62269999999995,-282.01251999999994,-286.36911999999995
30.5,72.5,-265.49866999999995,-261.87073999999996,-255.82306999999997,-250.88474999999994,-246.38333999999998,-242.80161999999996,-242.69394999999997,-242.99936999999994,-245.94034999999997,-252.73749999999995,-257.96585999999996,-264.30841999999996
30.5,73.125,-265.38969999999995,-261.71029999999996,-255.72605999999996,-250.90845999999993,-246.24521999999996,-242.96201999999994,-243.21359999999993,-243.73929999999996,-246.13979999999998,-252.80326999999994,-257.92599999999993,-264.39411999999993
30.5,73.75,-265.47272999999996,-261.70613,-255.77896999999996,-251.03345999999993,-246.24723999999998,-243.32346999999993,-244.54825999999997,-244.42124999999993,-246.58879999999994,-253.05023999999997,-258.27887999999996,-264.29959999999994
30.5,74.375,-265.66437999999994,-261.9934999999999,-256.21622999999994,-251.04856999999993,-246.09199999999993,-243.31565999999998,-245.33985999999993,-245.23729999999995,-247.46793999999994,-253.73219999999998,-258.72327999999993,-264.34074
30.5,75.0,-265.90335999999996,-262.31409999999994,-256.47227,-251.16236999999995,-246.11719999999997,-243.58805999999993,-245.89026999999993,-246.35016999999993,-248.61429999999996,-254.43582999999995,-259.26572999999996,-264.72579999999994
30.5,75.625,-266.39354,-262.67722999999995,-256.89591999999993,-251.48215999999996,-246.33039999999994,-244.05472999999995,-246.23829999999998,-247.14856999999995,-249.55075999999997,-254.59232999999995,-259.45593999999994,-265.40205
30.5,76.25,-265.99307999999996,-262.03702999999996,-256.76057,-251.34491999999995,-246.61972999999995,-244.66359999999997,-246.52054999999996,-247.68739999999997,-250.05545999999998,-254.69489999999996,-259.23488,-265.294
30.5,76.875,-264.95622,-261.11109999999996,-256.74292999999994,-251.74231999999995,-247.74119999999994,-245.82919999999996,-247.42579999999998,-248.45603999999997,-250.78772999999995,-255.64374999999995,-259.0678,-264.3914
30.5,77.5,-265.27237999999994,-262.4467599999999,-259.45563999999996,-254.72617999999994,-251.02545999999995,-248.28336999999993,-249.41596999999996,-250.05959999999993,-252.69139999999993,-258.30603999999994,-260.70255999999995,-265.13239999999996
30.5,78.125,-268.23159999999996,-265.97284999999994,-262.78427999999997,-258.78552999999994,-255.35837999999995,-252.28153999999995,-252.70276999999993,-253.38672999999994,-255.40232999999995,-261.25461999999993,-263.59984,-267.91477999999995
30.5,78.75,-270.25759999999997,-269.2674999999999,-266.99445999999995,-263.6928199999999,-260.47983999999997,-257.2591699999999,-256.55683999999997,-256.83631999999994,-258.87809999999996,-264.83539999999994,-266.59372999999994,-270.73042
30.5,79.375,-277.04049999999995,-276.73841999999996,-274.64075999999994,-270.62278,-267.61353999999994,-263.73233999999997,-262.22354999999993,-261.92325999999997,-264.81143999999995,-271.77295999999996,-273.674,-278.20777999999996
30.5,80.0,-286.52783999999997,-286.09719999999993,-284.08662,-278.81427999999994,-276.88446999999996,-271.42047999999994,-269.23954,-268.60144999999994,-272.72302999999994,-279.96146999999996,-283.22455999999994,-287.74951999999996
30.5,80.625,-290.43384999999995,-289.59669999999994,-287.15129999999994,-280.63899999999995,-279.06711999999993,-273.40979999999996,-270.89304999999996,-270.70589999999993,-275.19971999999996,-282.35997,-287.04972999999995,-291.31548999999995
30.5,81.25,-291.53067999999996,-290.23199999999997,-286.95629999999994,-280.42493999999994,-278.77829999999994,-273.53162999999995,-270.93247999999994,-270.78529999999995,-275.28433999999993,-282.52207999999996,-287.24216999999993,-291.67314999999996
31.0,72.5,-265.71214,-262.37742,-256.41733999999997,-251.24749999999995,-246.85611999999998,-242.39795999999996,-242.66519999999997,-242.67023999999998,-245.97679999999997,-252.82392999999996,-258.15686999999997,-264.51929999999993
31.0,73.125,-265.76914999999997,-262.1647,-256.19532,-251.26105999999993,-246.66759999999994,-242.76773999999995,-243.34311999999994,-243.44995999999998,-246.41376999999994,-252.97891999999996,-258.1736599999999,-264.63874999999996
31.0,73.75,-265.73344,-262.2477999999999,-256.24622999999997,-251.21836999999994,-246.48212999999993,-243.15421999999995,-244.79119999999995,-244.35926999999998,-247.06116999999995,-253.38439999999997,-258.47391999999996,-264.52
31.0,74.375,-265.72889999999995,-262.40894999999995,-256.57057,-251.20664999999997,-246.33646999999996,-243.15159999999997,-245.39199999999994,-245.12689999999998,-247.97315999999995,-254.00537999999995,-259.05427,-264.56073999999995
31.0,75.0,-265.89359999999994,-262.54722,-256.68674999999996,-251.37199999999996,-246.35209999999995,-243.44013999999993,-245.86229999999995,-246.29369999999994,-248.93982999999997,-254.45673999999997,-259.42691999999994,-264.86643999999995
31.0,75.625,-266.07541999999995,-262.46475999999996,-256.89743999999996,-251.66104999999993,-246.63434999999993,-244.14014999999995,-246.29877999999997,-247.30731999999995,-249.70752999999996,-254.64145999999994,-259.36792999999994,-265.16299999999995
31.0,76.25,-264.45949999999993,-260.86949999999996,-256.24646999999993,-251.27252999999996,-246.89289999999994,-244.72867999999994,-246.53693999999996,-247.60874999999993,-249.94139999999993,-254.48017999999996,-258.23109999999997,-263.98465999999996
31.0,76.875,-266.30341999999996,-263.34687999999994,-259.47657,-254.94022999999993,-251.37199999999996,-248.43494999999996,-249.73627999999997,-250.63999999999993,-252.85649999999998,-258.50939999999997,-261.40232999999995,-266.19892999999996
31.0,77.5,-270.62345999999997,-269.16614999999996,-266.97493,-262.47745999999995,-259.20969999999994,-255.65732999999994,-255.33707999999996,-255.88369999999998,-258.71274999999997,-264.84256999999997,-267.28889999999996,-270.76316999999995
31.0,78.125,-273.51895999999994,-272.59421999999995,-271.07712999999995,-267.00636,-263.77872999999994,-260.00499999999994,-258.84288,-259.08856999999995,-261.9984299999999,-268.49353999999994,-270.44496,-274.30442999999997
31.0,78.75,-284.46547,-283.16414,-282.3461,-277.13145,-274.0486599999999,-269.82242999999994,-267.06375999999995,-266.67087999999995,-270.68735999999996,-278.02266,-280.08863999999994,-284.61629999999997
31.0,79.375,-292.3873,-291.10587999999996,-289.15079999999995,-282.70347,-279.83359999999993,-275.11659999999995,-271.96906999999993,-271.23427,-275.69919999999996,-284.46973999999994,-288.02419999999995,-292.11474
31.0,80.0,-291.42540999999994,-290.37991,-287.31669999999997,-281.03992999999997,-279.58145999999994,-273.98493999999994,-271.31415999999996,-270.61199999999997,-275.41587999999996,-283.04206999999997,-287.37555999999995,-291.58090999999996
31.0,80.625,-291.20224999999994,-290.1201,-286.44825,-280.34459999999996,-279.32149999999996,-273.55099999999993,-270.90601999999996,-270.48409999999996,-275.35895999999997,-282.20441999999997,-286.83554999999996,-291.4083499999999
31.0,81.25,-293.4219499999999,-291.74091999999996,-287.37706,-280.94172,-279.07743999999997,-273.86866,-270.89599999999996,-270.43219999999997,-275.09647999999993,-282.74451999999997,-288.45176,-293.16400999999996
31.5,72.5,-266.0404,-262.70276999999993,-256.91153999999995,-251.76939999999996,-247.37174999999996,-242.56879999999995,-243.08304999999996,-242.80683999999997,-246.16846999999996,-253.14221999999995,-258.67456999999996,-264.81327999999996
31.5,73.125,-266.23427,-262.77921999999995,-256.80039999999997,-251.70349999999996,-247.26135999999997,-242.74326999999994,-243.63092999999998,-243.51901999999995,-246.65543999999994,-253.35367999999994,-258.75139999999993,-264.91873999999996
31.5,73.75,-265.87192999999996,-262.8684999999999,-256.67011999999994,-251.62903999999997,-247.05066999999997,-243.08286999999996,-245.03214999999994,-244.63141999999993,-247.67523999999997,-253.82569999999993,-258.76519999999994,-264.68631999999997
31.5,74.375,-265.76782999999995,-262.79596999999995,-256.77243999999996,-251.60846999999995,-246.88129999999995,-243.15732999999994,-245.55457999999993,-245.47367999999994,-248.56429999999995,-254.31183999999996,-259.34385,-264.74237999999997
31.5,75.0,-265.8479,-262.54733999999996,-256.67591999999996,-251.68631999999997,-246.77344999999997,-243.49379999999996,-245.85044999999997,-246.45349999999996,-249.35022999999995,-254.65055999999993,-259.59839999999997,-265.01834999999994
31.5,75.625,-265.2673199999999,-261.56647999999996,-256.35507999999993,-251.62876999999997,-246.91861999999998,-244.29325999999998,-246.30582999999996,-247.26499999999993,-249.87003999999996,-254.75311999999997,-259.07559999999995,-264.69721999999996
31.5,76.25,-263.74112999999994,-260.58599999999996,-256.4274,-251.78319999999997,-247.90702999999996,-245.30472999999995,-246.96485999999993,-247.98325999999997,-250.29657999999995,-255.03134999999997,-258.25464999999997,-263.49189999999993
31.5,76.875,-266.89372,-264.86402999999996,-261.58946,-257.28867999999994,-253.87955999999997,-250.75366999999994,-251.55506999999994,-252.39502999999996,-254.33045999999996,-260.07041999999996,-262.82364999999993,-266.98609999999996
31.5,77.5,-275.0487499999999,-273.97403999999995,-271.66135999999995,-267.30661999999995,-264.29839999999996,-260.24039999999997,-259.05432999999994,-259.39075999999994,-262.87679999999995,-268.68091999999996,-272.1741999999999,-276.24992
31.5,78.125,-283.9695,-283.06209999999993,-282.58362999999997,-276.40565,-272.90209999999996,-268.57449999999994,-266.34351999999996,-266.06665999999996,-270.39881999999994,-277.02806,-281.61072999999993,-285.87949999999995
31.5,78.75,-291.16684,-290.33853999999997,-288.31845999999996,-281.17911999999995,-278.80199999999996,-274.41214999999994,-271.19816,-270.77066999999994,-275.18891999999994,-282.68449999999996,-287.7593499999999,-291.20529
31.5,79.375,-291.15828,-289.63025999999996,-285.8307,-279.78749999999997,-278.82246,-273.83793,-270.57769999999994,-270.10169999999994,-274.72432,-281.67627999999996,-286.8742,-290.3737
31.5,80.0,-290.68251999999995,-289.1389,-285.25609999999995,-279.54727999999994,-278.7278299999999,-273.4367,-270.28504999999996,-269.85797999999994,-274.72641999999996,-281.62512999999996,-286.23509999999993,-290.48938
31.5,80.625,-293.89775,-292.04036999999994,-288.75577999999996,-282.03929999999997,-280.06919999999997,-275.61826999999994,-271.87702999999993,-271.67414999999994,-276.65719999999993,-284.44965999999994,-289.04596999999995,-293.2819599999999
31.5,81.25,-296.01203999999996,-293.62979999999993,-290.27133999999995,-283.78961999999996,-280.8067,-276.37889999999993,-272.60565999999994,-272.68422,-277.52797,-285.72439999999995,-290.85796999999997,-295.07165
32.0,72.5,-265.80457999999993,-262.50507999999996,-256.68296999999995,-251.72043999999994,-247.58191999999997,-242.58909999999997,-243.41471999999993,-243.52707999999996,-246.33879999999994,-253.22639999999996,-258.74997999999994,-264.80362999999994
32.0,73.125,-266.29949999999997,-263.01973,-257.03806999999995,-251.93683999999996,-247.74169999999998,-242.72086999999993,-243.78919999999994,-243.88443999999993,-247.10699999999997,-253.86349999999993,-259.16702999999995,-265.17572999999993
32.0,73.75,-265.86857,-263.0909,-256.91101999999995,-252.30142999999998,-247.64389999999997,-243.17346999999995,-245.17429999999996,-245.28665999999993,-248.55283999999995,-254.30426999999997,-259.11677,-264.85776999999996
32.0,74.375,-265.50422,-262.59952999999996,-256.80844999999994,-252.12537999999995,-247.42919999999998,-243.34793999999994,-245.68585999999993,-246.13039999999995,-249.42939999999993,-254.64221999999995,-259.58799999999997,-264.81067999999993
32.0,75.0,-264.79877999999997,-261.55348,-256.30292999999995,-251.75559999999996,-247.18424999999996,-243.69275999999996,-245.98401999999993,-246.70954999999998,-249.70075999999995,-254.56989999999996,-259.04383999999993,-264.40021999999993
32.0,75.625,-263.40389999999996,-260.28229999999996,-255.80039999999997,-251.47956999999997,-247.48261999999994,-244.47763999999995,-246.47189999999995,-247.16319999999996,-249.63513999999998,-254.21631999999994,-258.08145999999994,-263.33122
32.0,76.25,-265.5576,-263.67276999999996,-260.21521999999993,-255.65036999999995,-252.54083999999995,-249.18649999999997,-250.34287999999998,-251.10749999999996,-253.09867999999994,-258.12131999999997,-261.33396999999997,-265.88589999999994
32.0,76.875,-273.41702999999995,-272.16504999999995,-269.2519,-264.86807999999996,-261.93625999999995,-257.96097999999995,-257.36179999999996,-257.85547999999994,-260.42966999999993,-265.76544999999993,-269.85988,-273.96012999999994
32.0,77.5,-286.81519999999995,-285.35617999999994,-284.30704999999995,-278.4283,-274.73841999999996,-270.09574999999995,-267.41079999999994,-267.02457999999996,-271.73774,-278.04373999999996,-283.15595999999994,-288.21099999999996
32.0,78.125,-292.9617599999999,-292.48909999999995,-292.22502,-282.72644999999994,-278.85002,-274.41059999999993,-271.3883799999999,-271.0189,-275.87003999999996,-282.94505,-291.2177899999999,-295.19501999999994
32.0,78.75,-290.87676999999996,-290.15889999999996,-286.0995,-280.05072999999993,-278.62631999999996,-273.80496999999997,-270.49332999999996,-270.5214399999999,-274.95334999999994,-281.53069999999997,-288.48297999999994,-291.4995799999999
32.0,79.375,-291.6724499999999,-290.12149999999997,-285.80299999999994,-279.97169999999994,-278.86771999999996,-274.10562999999996,-270.55155999999994,-270.43649999999997,-274.85179999999997,-281.90219999999994,-287.94352,-291.57706999999994
32.0,80.0,-292.93417,-291.0536599999999,-287.11493999999993,-280.43836999999996,-279.34003999999993,-274.8828,-271.01563999999996,-271.16394999999994,-275.61637999999994,-283.17447999999996,-288.36502999999993,-292.26885999999996
32.0,80.625,-294.34621999999996,-292.14264,-288.43989999999997,-281.2012,-279.5927,-275.49379999999996,-271.30209999999994,-271.79209999999995,-276.41783,-284.16709999999995,-289.42884999999995,-293.35718999999995
32.0,81.25,-294.39250999999996,-292.43942999999996,-288.72639999999996,-280.85489999999993,-279.56825,-275.47549999999995,-271.42704,-272.16279999999995,-276.95297999999997,-284.11884999999995,-289.82617999999997,-293.82392999999996
32.5,72.5,-266.9358,-264.06452999999993,-258.38329999999996,-253.34464999999994,-249.74271999999996,-244.40262999999993,-245.56717999999995,-246.26699999999994,-248.75336999999996,-254.80704999999995,-260.44449999999995,-266.32228
32.5,73.125,-266.6466199999999,-263.52209999999997,-257.7553,-253.01679999999993,-249.07535999999993,-243.56409999999994,-244.65311999999994,-245.38343999999995,-248.99399999999997,-255.23117999999994,-260.0093499999999,-266.04563999999993
32.5,73.75,-265.37091999999996,-262.46655999999996,-256.77669999999995,-252.65116999999998,-248.18424999999996,-243.35575999999998,-245.22869999999995,-245.83051999999998,-249.42523999999997,-254.55629999999996,-259.14917999999994,-264.86859999999996
32.5,74.375,-263.88904999999994,-261.06687999999997,-256.23713,-251.99802999999997,-247.80569999999994,-243.47815999999995,-245.61731999999995,-246.23119999999994,-249.44815999999997,-254.12836999999996,-258.38095999999996,-263.63114999999993
32.5,75.0,-263.78446999999994,-261.38062999999994,-257.28955999999994,-252.69751999999994,-248.87174999999996,-244.94013999999993,-246.76249999999993,-247.32245999999998,-250.16949999999997,-255.36325999999997,-258.67067,-263.58275
32.5,75.625,-265.67343999999997,-264.18379999999996,-260.72806999999995,-256.23969999999997,-253.06024999999994,-249.06879999999995,-250.13949999999994,-250.60749999999996,-253.05127999999996,-258.33451999999994,-261.59891999999996,-265.90784999999994
32.5,76.25,-273.69965999999994,-272.69999999999993,-269.5765999999999,-265.48502999999994,-262.90677999999997,-258.51176,-257.79801999999995,-257.9462,-260.78095999999994,-266.4881,-269.83985999999993,-274.22022999999996
32.5,76.875,-287.06649999999996,-285.43107,-283.83189999999996,-278.20941999999997,-274.39115999999996,-270.08519999999993,-267.14969999999994,-266.79889999999995,-271.27771999999993,-277.24381999999997,-283.51743999999997,-287.77979999999997
32.5,77.5,-295.32805999999994,-293.85517999999996,-294.00389999999993,-285.53452999999996,-280.8368,-276.1903,-272.85889999999995,-272.2519,-277.59719999999993,-285.50557,-291.37478,-296.20836999999995
32.5,78.125,-297.71025,-296.26901999999995,-294.44165999999996,-285.98816999999997,-281.1615699999999,-276.37934999999993,-273.12564999999995,-272.76361999999995,-278.11832999999996,-286.10877999999997,-293.50542999999993,-298.36386999999996
32.5,78.75,-295.54265999999996,-294.00919999999996,-290.17875,-281.97641999999996,-280.11951999999997,-275.8262,-272.27439999999996,-272.38419999999996,-276.99906999999996,-284.23776999999995,-292.48062,-296.22499999999997
32.5,79.375,-294.5252699999999,-292.6034399999999,-288.31244999999996,-280.83496999999994,-279.55339999999995,-275.36801999999994,-271.70111999999995,-271.95237,-276.35141999999996,-283.5610199999999,-290.38788999999997,-294.2669599999999
32.5,80.0,-293.49640999999997,-291.59540999999996,-287.17936,-280.12284999999997,-279.24899999999997,-274.87913,-271.24042999999995,-271.71295999999995,-275.97614999999996,-282.99906999999996,-288.80159999999995,-292.73609999999996
32.5,80.625,-293.8386499999999,-291.75794999999994,-287.60184999999996,-280.51379999999995,-279.31873999999993,-275.19789999999995,-271.17572999999993,-272.14905999999996,-276.28696999999994,-283.37579999999997,-288.93936999999994,-293.13881999999995
32.5,81.25,-293.68692999999996,-291.75354999999996,-287.67229999999995,-280.2904199999999,-279.12489999999997,-274.89449999999994,-270.92289999999997,-272.07611999999995,-276.37107999999995,-283.08295999999996,-289.00109999999995,-293.32165
33.0,72.5,-266.5601,-264.46002999999996,-259.13455999999996,-253.97876999999994,-251.19657999999993,-244.72349999999994,-245.79044999999996,-246.93637999999993,-249.92002999999994,-255.41516999999993,-260.97522999999995,-266.09961999999996
33.0,73.125,-266.33151999999995,-263.93296999999995,-258.7863,-254.32666999999998,-250.99019999999996,-244.98389999999995,-246.23374999999993,-247.18485999999996,-250.72733999999997,-255.96176999999994,-260.66739999999993,-266.31978
33.0,73.75,-263.54819999999995,-261.38761999999997,-256.65626,-252.70481999999993,-249.40399999999994,-244.23856999999998,-245.77255999999994,-246.08304999999996,-249.25647999999995,-254.06309999999996,-258.5105,-263.40167999999994
33.0,74.375,-264.7403699999999,-262.77851999999996,-258.77771999999993,-254.75324999999998,-251.56504999999993,-246.64221999999995,-247.78314999999998,-248.25995999999998,-251.00859999999994,-256.23269999999997,-259.99436999999995,-264.67572999999993
33.0,75.0,-267.62915999999996,-266.3727999999999,-262.84247999999997,-258.46027999999995,-255.37702999999993,-250.85837999999995,-251.17554999999993,-251.73729999999995,-254.56247999999994,-260.42447999999996,-263.5669,-267.80307999999997
33.0,75.625,-271.9194499999999,-271.38336999999996,-268.57346999999993,-263.9943999999999,-261.24774999999994,-256.87062,-256.11832999999996,-256.40006999999997,-259.54529999999994,-265.65381999999994,-269.08269999999993,-272.44999999999993
33.0,76.25,-283.14539999999994,-281.57869999999997,-279.15403,-273.61796,-270.9592999999999,-266.53468,-263.85257999999993,-263.84009999999995,-268.12654,-273.82941999999997,-279.24319999999994,-283.02854999999994
33.0,76.875,-294.39673999999997,-292.5319599999999,-291.72929999999997,-285.20453999999995,-279.7708999999999,-275.02009999999996,-271.53937999999994,-270.99344999999994,-275.95374999999996,-282.99637999999993,-290.13429999999994,-294.72249
33.0,77.5,-297.54454999999996,-296.32343999999995,-294.77664999999996,-285.82926999999995,-281.32239999999996,-276.71034,-273.31422,-273.00955999999996,-278.35249999999996,-285.8425,-293.13895999999994,-297.97375
33.0,78.125,-299.8018599999999,-298.23303999999996,-295.72315999999995,-286.53752,-281.2907799999999,-276.77946,-273.4881,-273.35419999999993,-278.44336999999996,-286.10355999999996,-295.36929999999995,-300.20673999999997
33.0,78.75,-297.04239999999993,-295.26442999999995,-290.99226,-282.0096,-279.87224,-275.74292999999994,-272.34836999999993,-272.50919999999996,-277.11177,-284.04509999999993,-293.68827999999996,-297.6267199999999
33.0,79.375,-294.75194999999997,-293.02356999999995,-288.29483999999997,-280.3185,-279.18454999999994,-274.76462999999995,-271.44834999999995,-271.92981999999995,-276.23619999999994,-283.01014,-290.9194299999999,-295.11096999999995
33.0,80.0,-293.58601,-291.72815999999995,-286.81659999999994,-279.95566999999994,-278.80729999999994,-274.27567999999997,-270.88654999999994,-271.64627999999993,-275.85974999999996,-282.38255,-289.06749999999994,-293.49452999999994
33.0,80.625,-294.02898999999996,-291.7136499999999,-287.30529999999993,-280.31569999999994,-278.87589999999994,-274.83774999999997,-271.01633999999996,-272.12512999999996,-276.12015999999994,-282.84358,-288.88721999999996,-293.46682
33.0,81.25,-293.47763999999995,-291.28981999999996,-287.15714999999994,-279.87131999999997,-278.67414999999994,-274.48677,-270.70905999999997,-272.06891999999993,-275.96833,-282.61011999999994,-288.44739999999996,-293.11879
33.5,72.5,-267.2089399999999,-264.82624999999996,-259.27696,-255.05637999999993,-252.26184999999998,-245.22189999999995,-246.05709999999993,-247.44544999999994,-250.71012999999994,-256.45775,-261.7639,-266.60202999999996
33.5,73.125,-265.65265999999997,-263.54413999999997,-259.05844999999994,-254.85065999999995,-251.95841999999993,-245.87763999999993,-246.90459999999996,-247.61276999999995,-250.86689999999993,-256.21583,-260.87796999999995,-265.30783999999994
33.5,73.75,-267.71176999999994,-265.48303999999996,-261.2195,-257.43085999999994,-254.26789999999994,-248.75992999999994,-249.24005999999997,-249.51399999999995,-252.76899999999995,-259.00461999999993,-262.84723999999994,-267.37192999999996
33.5,74.375,-272.01764999999995,-270.54695,-267.04499999999996,-263.4215,-260.4778299999999,-255.26486999999997,-254.83909999999997,-255.40839999999997,-258.50206,-264.46164999999996,-267.63141999999993,-271.86835999999994
33.5,75.0,-274.93503999999996,-274.21881999999994,-271.2209,-267.38776999999993,-264.74622999999997,-259.99769999999995,-258.49082999999996,-258.9280499999999,-262.16873999999996,-268.32883999999996,-271.45984999999996,-275.46099999999996
33.5,75.625,-279.08441999999997,-278.25061999999997,-274.97989999999993,-270.8255,-268.38043999999996,-264.1568,-261.6405,-261.8033,-265.79425999999995,-271.5097999999999,-275.71234999999996,-279.71574
33.5,76.25,-290.99640999999997,-288.63779999999997,-286.55121999999994,-280.45026999999993,-277.01059999999995,-272.62413,-269.0746,-268.89869999999996,-273.91104999999993,-280.2621,-286.47101999999995,-290.59162999999995
33.5,76.875,-296.08296999999993,-294.63489999999996,-292.70377999999994,-283.88129999999995,-280.07791999999995,-275.27464,-271.74195999999995,-271.50404,-276.70029999999997,-282.87645,-292.22992,-296.71239999999995
33.5,77.5,-297.43553999999995,-296.66132999999996,-294.91312999999997,-283.16187999999994,-279.87369999999993,-275.5671,-272.1036,-272.09464999999994,-277.07679999999993,-283.04837999999995,-294.45106,-299.34029999999996
33.5,78.125,-298.48987,-297.22159999999997,-294.52855,-283.96579999999994,-280.30945999999994,-276.40709999999996,-272.70874999999995,-272.95386999999994,-277.55134,-284.21867,-295.10396999999995,-300.02982999999995
33.5,78.75,-296.67911999999995,-295.19962999999996,-290.34105,-281.36441999999994,-279.39466999999996,-275.04909999999995,-271.46176999999994,-271.97504999999995,-276.1739299999999,-283.31199999999995,-293.71428999999995,-297.96858
33.5,79.375,-295.05828999999994,-293.27126999999996,-288.40854999999993,-280.21135,-278.87683999999996,-274.42009999999993,-270.7963,-271.71977,-275.70453999999995,-282.62314999999995,-291.24159999999995,-295.7569
33.5,80.0,-293.59923999999995,-291.69097999999997,-286.60389999999995,-279.41569999999996,-278.19879999999995,-273.46155999999996,-269.98686,-271.02205,-274.95322999999996,-281.5405999999999,-289.29193999999995,-294.02628999999996
33.5,80.625,-292.83039999999994,-290.75814999999994,-286.13806999999997,-279.3258799999999,-278.07706999999994,-273.63559999999995,-270.05332999999996,-271.3024,-274.99893999999995,-281.51489999999995,-287.9673599999999,-292.62589999999994
33.5,81.25,-293.87821999999994,-291.60921999999994,-287.85184999999996,-280.11659999999995,-278.7322,-274.8855,-271.16849999999994,-272.81489999999997,-275.9145,-283.08371999999997,-288.84909999999996,-293.53069999999997
34.0,72.5,-264.52576999999997,-262.91202999999996,-257.55341999999996,-253.63397999999995,-250.90903999999995,-245.59429999999998,-246.15714999999994,-246.87739999999997,-249.81169999999997,-254.94364999999993,-259.36089999999996,-263.92359999999996
34.0,73.125,-267.86418,-266.03311999999994,-261.41835,-257.222,-254.95365999999996,-249.66565999999995,-249.93057999999996,-250.39453999999995,-253.19034999999997,-259.11929999999995,-263.15283999999997,-267.10736999999995
34.0,73.75,-272.49177,-271.03021999999993,-267.06854999999996,-263.0532299999999,-260.26386999999994,-254.95133999999996,-254.51349999999996,-255.07825999999994,-258.1030999999999,-264.5438,-268.86625,-272.33609999999993
34.0,74.375,-274.49904,-273.73731999999995,-270.53351999999995,-266.9198999999999,-264.10031999999995,-258.99301999999994,-257.68992,-258.09939999999995,-261.32339999999994,-268.01154999999994,-271.89489999999995,-274.89859999999993
34.0,75.0,-276.73483999999996,-275.9464,-272.31816,-268.86796,-266.30316999999997,-261.57895999999994,-259.44922999999994,-259.77027999999996,-263.19321999999994,-269.20359999999994,-273.45009999999996,-277.07511999999997
34.0,75.625,-287.03815999999995,-285.50316,-282.60972,-276.98786999999993,-274.12274999999994,-270.2279199999999,-266.64543,-266.55442999999997,-271.21,-276.9779,-282.83389999999997,-287.50864999999993
34.0,76.25,-293.9999399999999,-292.62937999999997,-289.3958999999999,-281.73889999999994,-278.92087999999995,-274.84326999999996,-271.23439999999994,-270.78617999999994,-275.8436,-281.94019999999995,-289.92063999999993,-294.88767999999993
34.0,76.875,-294.41148,-292.34944999999993,-287.63172999999995,-279.90872999999993,-277.8421799999999,-273.56604999999996,-270.1738399999999,-269.69431999999995,-274.92316999999997,-279.97342999999995,-292.60189999999994,-297.69652999999994
34.0,77.5,-294.4228999999999,-292.81143999999995,-288.51654999999994,-279.77789999999993,-277.94437999999997,-273.31215,-269.5721,-269.55884999999995,-274.72914,-279.85144999999994,-293.05188999999996,-297.46732999999995
34.0,78.125,-295.66337,-294.8550399999999,-291.58997999999997,-281.81131999999997,-279.83723,-275.68116,-271.9703999999999,-272.38205999999997,-276.56272999999993,-282.87827999999996,-293.29482999999993,-298.52439999999996
34.0,78.75,-297.37607999999994,-295.75919999999996,-291.82066,-283.86643999999995,-280.66977999999995,-276.42841999999996,-273.61209999999994,-274.18069999999994,-277.22579999999994,-284.56623999999994,-293.87656999999996,-298.91754999999995
34.0,79.375,-296.8080299999999,-294.98499999999996,-290.83925999999997,-283.44473999999997,-280.48427,-276.22939999999994,-273.15076999999997,-274.20066999999995,-276.94275999999996,-284.63782999999995,-292.64059,-297.60076999999995
34.0,80.0,-296.45595999999995,-294.51142999999996,-290.41301999999996,-282.94187999999997,-280.19022999999993,-276.02497999999997,-272.80369999999994,-274.05753999999996,-276.69066,-284.45699999999994,-291.97015,-296.83878999999996
34.0,80.625,-295.92609999999996,-293.73987999999997,-289.98065999999994,-282.00873999999993,-279.59522999999996,-276.06226999999996,-272.66934999999995,-274.304,-276.8667,-284.08164999999997,-291.10182999999995,-295.82971999999995
34.0,81.25,-296.60489999999993,-294.14849999999996,-290.54886,-281.91065999999995,-279.45799999999997,-276.16839999999996,-272.76984999999996,-274.66223999999994,-276.99209999999994,-284.65225999999996,-291.51041999999995,-296.33502
34.5,72.5,-267.77149999999995,-266.8837,-261.95386999999994,-258.08423999999997,-255.29386999999997,-250.76929999999993,-249.49256999999994,-249.69242999999994,-252.75962999999996,-258.96833,-263.30307999999997,-266.89392999999995
34.5,73.125,-271.30889999999994,-269.66599999999994,-265.56868,-261.27304999999996,-259.03227,-253.85575999999998,-252.92479999999995,-253.33051999999998,-256.5718499999999,-262.53989999999993,-267.049,-270.38086999999996
34.5,73.75,-275.0718499999999,-274.58002999999997,-271.46659999999997,-267.03709999999995,-264.70841999999993,-259.76306999999997,-258.39099999999996,-258.67752999999993,-262.48929999999996,-268.11173999999994,-272.87979999999993,-274.89502999999996
34.5,74.375,-277.03067999999996,-276.35079999999994,-273.36699999999996,-269.46274999999997,-266.74243999999993,-261.81409999999994,-259.72745999999995,-259.84739999999994,-263.88175999999993,-269.9555,-274.88149999999996,-277.48224999999996
34.5,75.0,-284.26838,-282.10974999999996,-279.17749999999995,-274.38877999999994,-271.59529999999995,-267.43051999999994,-264.01526999999993,-264.07825999999994,-268.38109999999995,-274.24774999999994,-280.49686999999994,-285.07719999999995
34.5,75.625,-290.35119999999995,-288.04146,-283.41999999999996,-278.17755999999997,-275.86844999999994,-272.03727,-268.24161999999995,-268.15283999999997,-272.64124999999996,-278.02512999999993,-287.35645999999997,-292.20755999999994
34.5,76.25,-290.43003999999996,-288.68019999999996,-282.86493999999993,-278.05243999999993,-276.09015999999997,-271.8581,-268.41329999999994,-267.98539999999997,-272.74933999999996,-278.26197999999994,-289.46833,-292.65405999999996
34.5,76.875,-293.4808499999999,-291.6808,-287.06302999999997,-279.53705999999994,-277.99787999999995,-274.05927999999994,-270.46036999999995,-270.10507999999993,-274.81183999999996,-280.43411999999995,-291.82566999999995,-296.93431
34.5,77.5,-293.41582999999997,-291.37107999999995,-286.23472,-279.64534,-277.97309999999993,-273.69079999999997,-269.77049999999997,-270.01966999999996,-274.41612,-280.05204,-291.63242999999994,-296.16175999999996
34.5,78.125,-297.32793999999996,-296.03103,-293.1123799999999,-286.01269999999994,-282.9514,-277.98875,-274.96473,-275.33631999999994,-278.74724,-286.0094399999999,-293.9368099999999,-299.02426999999994
34.5,78.75,-299.21592,-297.65477,-294.6922599999999,-287.38767999999993,-283.48049999999995,-278.35645999999997,-276.56422,-277.2349,-279.56281999999993,-287.14441999999997,-296.77842,-301.59308
34.5,79.375,-298.45230999999995,-296.80922,-293.93393999999995,-286.50812999999994,-282.24896999999993,-278.1227999999999,-276.01487,-277.11379999999997,-279.06604999999996,-287.06409999999994,-295.32809,-300.42497999999995
34.5,80.0,-298.09533,-296.43965,-293.19552,-285.0379,-281.23317,-277.65399999999994,-274.91349999999994,-276.29594,-278.42024,-286.36371999999994,-294.26027999999997,-299.3027599999999
34.5,80.625,-298.29529999999994,-296.22522999999995,-292.56627999999995,-283.80879999999996,-280.45532999999995,-277.21424999999994,-274.32309999999995,-276.0157,-278.06645,-285.59736,-293.78514999999993,-298.85164999999995
34.5,81.25,-298.2668299999999,-295.9183,-292.2898799999999,-283.43909999999994,-280.10409999999996,-276.98454,-274.18107,-276.03784999999993,-278.00077999999996,-285.45732,-293.44361999999995,-298.81699999999995
35.0,72.5,-274.47327999999993,-274.52323999999993,-269.9633299999999,-265.57694999999995,-263.53177999999997,-259.00343,-256.53162999999995,-257.03186999999997,-260.27209999999997,-266.25336999999996,-270.39089999999993,-273.58701999999994
35.0,73.125,-276.92893999999995,-276.38181999999995,-273.13187999999997,-268.60416999999995,-266.48261999999994,-261.72349999999994,-259.17779999999993,-259.35369999999995,-263.20334999999994,-269.58917999999994,-273.67395999999997,-276.42081999999994
35.0,73.75,-287.68686999999994,-286.28842999999995,-280.92627999999996,-275.7843,-274.10446999999994,-269.82075,-265.63523999999995,-265.7854,-270.81429999999995,-276.24661999999995,-282.15946999999994,-285.80512999999996
35.0,74.375,-289.53149999999994,-287.88746,-283.56895,-277.16983999999997,-274.97189999999995,-270.52072999999996,-266.84085999999996,-266.82395999999994,-271.63214999999997,-277.16089999999997,-286.2238,-288.31934999999993
35.0,75.0,-291.89522999999997,-289.78617999999994,-285.95636999999994,-278.59069999999997,-276.09419999999994,-271.94782999999995,-268.28227,-268.31566,-272.81742999999994,-278.50272999999993,-288.1303,-292.74604
35.0,75.625,-292.41098,-289.80646999999993,-284.07681999999994,-278.67743999999993,-276.4739799999999,-272.71344999999997,-269.16553999999996,-268.9778299999999,-273.29409999999996,-278.55936999999994,-289.67407999999995,-294.5773899999999
35.0,76.25,-289.15167999999994,-286.47259999999994,-280.37964999999997,-277.37107999999995,-275.31452999999993,-271.26449999999994,-267.4428,-267.00492999999994,-271.79709999999994,-277.4822,-288.5069,-291.93978999999996
35.0,76.875,-293.50321999999994,-292.1510099999999,-288.2417,-281.98413999999997,-279.97502,-275.62549999999993,-271.87028,-271.91544999999996,-275.9857999999999,-282.64136999999994,-290.45842999999996,-295.19061
35.0,77.5,-297.16337,-295.30935,-292.16011999999995,-286.16895999999997,-283.42295999999993,-278.51404999999994,-274.92493999999994,-275.30173999999994,-278.53794999999997,-286.19584,-293.42473999999993,-298.38956999999994
35.0,78.125,-299.04416999999995,-297.79218999999995,-294.69861999999995,-287.98834999999997,-285.38649999999996,-278.67159999999996,-276.67465999999996,-277.21082999999993,-279.92127999999997,-287.47876999999994,-296.70822999999996,-301.7602999999999
35.0,78.75,-299.72335999999996,-298.19048999999995,-295.0641999999999,-288.06215,-285.34854999999993,-278.74449999999996,-277.25693999999993,-277.82409999999993,-280.00992999999994,-287.95047999999997,-298.08075999999994,-302.83147999999994
35.0,79.375,-298.60175999999996,-296.90477,-293.46840999999995,-285.09565,-281.71959999999996,-277.55701999999997,-275.49756999999994,-276.54706999999996,-278.62274999999994,-286.2199499999999,-295.7964099999999,-300.72096999999997
35.0,80.0,-297.72536999999994,-295.97857,-291.90915999999993,-282.49589999999995,-279.93769999999995,-276.61942999999997,-273.6903,-275.17243999999994,-277.51273999999995,-284.91419999999994,-294.13271999999995,-299.05477999999994
35.0,80.625,-299.10717,-297.13734,-292.99229999999994,-284.90959999999995,-281.82105999999993,-277.37602,-274.96788,-276.34067999999996,-278.38767999999993,-286.46034,-295.0001,-300.22173999999995
35.0,81.25,-299.91159999999996,-297.86487999999997,-293.50762999999995,-285.61881999999997,-281.65306,-277.47495999999995,-275.40379999999993,-276.83353999999997,-278.56513999999993,-287.22659999999996,-295.56708999999995,-301.02982999999995
35.5,72.5,-285.84955999999994,-285.64115999999996,-280.6384699999999,-275.60526999999996,-273.71219999999994,-270.53349999999995,-267.21119999999996,-267.80481999999995,-271.23889999999994,-276.32147999999995,-280.68503999999996,-284.4864299999999
35.5,73.125,-282.46784999999994,-282.48089999999996,-278.16471999999993,-272.8450399999999,-270.62161999999995,-266.65732999999994,-263.42465999999996,-264.05933999999996,-267.92081999999994,-273.4849,-278.03815999999995,-281.58786999999995
35.5,73.75,-281.0688999999999,-279.73419999999993,-275.20307999999994,-271.58723,-269.27959999999996,-264.5570799999999,-261.49319999999994,-261.9283,-266.25233,-272.52869999999996,-277.02854999999994,-279.9906
35.5,74.375,-281.93028,-279.5866,-275.0532299999999,-271.33527999999995,-269.30445999999995,-264.48337999999995,-260.95075999999995,-261.07093999999995,-265.9984299999999,-272.39059999999995,-279.06034999999997,-281.22956999999997
35.5,75.0,-287.14194999999995,-284.13892999999996,-278.34262999999993,-275.17283,-273.34162999999995,-268.52049999999997,-265.01474999999994,-264.96849999999995,-269.51404999999994,-275.52182999999997,-285.30436,-287.3452
35.5,75.625,-288.65299999999996,-285.9864299999999,-280.20697999999993,-276.80787,-274.75569999999993,-270.07541999999995,-266.81983999999994,-267.00955999999996,-271.02849999999995,-276.95176,-286.8282,-290.21428
35.5,76.25,-292.72069999999997,-290.70606999999995,-286.9686,-282.27009999999996,-280.05625999999995,-275.38071999999994,-272.12224,-272.31677999999994,-275.85623999999996,-282.59113999999994,-289.19992999999994,-293.54657999999995
35.5,76.875,-298.08045999999996,-296.69118999999995,-293.04618999999997,-289.07105999999993,-286.44544999999994,-281.2911,-277.17909999999995,-276.97367999999994,-280.69861999999995,-288.60053999999997,-293.88284,-298.50461999999993
35.5,77.5,-300.92647999999997,-299.73834,-295.90937999999994,-290.88951,-288.89694999999995,-281.94077999999996,-278.49936999999994,-278.48392999999993,-281.83635,-289.97702999999996,-297.86046,-303.3414399999999
35.5,78.125,-299.43857999999994,-298.10189999999994,-294.43582999999995,-287.80049999999994,-286.24708,-278.85189999999994,-277.09522999999996,-277.53862,-279.47979999999995,-287.30744999999996,-298.8859,-303.41678999999993
35.5,78.75,-298.52464,-297.4294699999999,-293.33196999999996,-286.03249999999997,-284.33264999999994,-278.258,-276.54103,-277.24866999999995,-279.38469999999995,-286.64363,-296.69413,-301.18985
35.5,79.375,-298.17296,-296.7704299999999,-292.24589999999995,-284.23274,-281.84937999999994,-277.69039999999995,-275.79679999999996,-276.75404,-278.70563999999996,-285.86639999999994,-295.2631799999999,-300.12659999999994
35.5,80.0,-299.07541999999995,-297.41452999999996,-293.1272399999999,-286.28086999999994,-283.11191999999994,-278.25249999999994,-276.51829999999995,-277.55066999999997,-279.07556999999997,-287.37586999999996,-296.00631,-301.38806
35.5,80.625,-299.43958999999995,-298.02977,-293.77336999999994,-287.83696,-284.39966999999996,-278.84995999999995,-277.1346,-278.09039999999993,-279.86359999999996,-288.63849999999996,-296.18408,-301.87407999999994
35.5,81.25,-299.25131999999996,-298.0260099999999,-293.41778,-287.5952,-283.59977,-278.60164,-276.94052999999997,-277.9512,-279.69345999999996,-288.56327999999996,-295.84540999999996,-301.4058299999999
36.0,72.5,-289.48747,-288.9157799999999,-284.5567,-278.38496,-276.30841999999996,-273.29807999999997,-270.45206999999994,-271.28149999999994,-274.28644999999995,-279.34177999999997,-284.61695999999995,-288.11348
36.0,73.125,-289.98123999999996,-289.93037,-285.69899999999996,-278.37199999999996,-276.65342,-273.85837999999995,-269.96,-270.49974,-274.50179999999995,-279.33122,-285.55109999999996,-289.23969999999997
36.0,73.75,-286.6878,-285.09635999999995,-279.60193999999996,-275.79843999999997,-274.0386,-269.75224,-265.74207999999993,-266.06399999999996,-270.41209999999995,-276.29715999999996,-282.1047,-285.93983
36.0,74.375,-285.55799999999994,-283.37476999999996,-278.58552,-275.19464999999997,-272.91004999999996,-268.29169999999993,-264.57749999999993,-264.98463,-269.30089999999996,-275.5136499999999,-281.65539999999993,-285.41007999999994
36.0,75.0,-290.56067999999993,-288.80445999999995,-284.16626999999994,-279.36716999999993,-277.02356999999995,-272.91669999999993,-269.71146999999996,-270.4326,-273.64386999999994,-279.53272999999996,-287.19066,-291.4830099999999
36.0,75.625,-295.64019999999994,-293.93343999999996,-290.22257999999994,-285.29413999999997,-282.76597,-278.00141999999994,-275.28729999999996,-275.79599999999994,-278.34763999999996,-285.37789999999995,-291.31442999999996,-296.2279
36.0,76.25,-298.40254,-296.86292999999995,-292.51757999999995,-288.1381999999999,-285.94728,-280.8726,-277.3841699999999,-277.45509999999996,-280.41687999999994,-287.59137999999996,-294.17715,-298.89788999999996
36.0,76.875,-298.70559999999995,-297.73331999999994,-293.0351999999999,-288.17463,-285.90891999999997,-280.02903,-277.16074999999995,-277.21363999999994,-280.09367,-287.22302999999994,-296.61841999999996,-301.45926
36.0,77.5,-297.9200599999999,-296.81282999999996,-291.92634,-285.27369999999996,-284.14133999999996,-278.21129999999994,-276.19334,-276.53961999999996,-279.15836999999993,-285.73233999999997,-297.2933,-301.0589299999999
36.0,78.125,-297.76064999999994,-296.55222999999995,-292.05036999999993,-284.65538,-284.10932999999994,-277.85636999999997,-276.0602999999999,-276.50729999999993,-278.95505999999995,-285.42731999999995,-297.00746999999996,-301.04871999999995
36.0,78.75,-296.70507999999995,-295.58878999999996,-290.68080999999995,-282.92969999999997,-282.25666999999993,-277.37999999999994,-275.47119999999995,-276.14649999999995,-278.5722999999999,-284.95219999999995,-294.46327999999994,-298.54178999999993
36.0,79.375,-295.49262999999996,-294.40190999999993,-289.42799999999994,-282.59543999999994,-280.59727,-277.25134999999995,-275.54486999999995,-276.26126999999997,-278.50446999999997,-284.68619999999993,-292.6799,-297.30791999999997
36.0,80.0,-292.32269999999994,-291.04337999999996,-285.31229999999994,-280.07743999999997,-277.91815999999994,-275.32449999999994,-273.25766999999996,-274.29404999999997,-276.73734999999994,-281.65995,-288.73465999999996,-293.61247999999995
36.0,80.625,-289.0365699999999,-287.1389,-280.90889999999996,-278.15247999999997,-275.86826999999994,-273.01944999999995,-270.53989999999993,-271.86769999999996,-274.82419999999996,-278.90459999999996,-285.04733999999996,-290.2152
36.0,81.25,-288.9222,-287.26872,-280.51149999999996,-278.03729999999996,-275.6346,-272.97569999999996,-270.42819999999995,-271.65876,-274.29839999999996,-279.08482,-284.99066999999997,-290.00794999999994
36.5,72.5,-289.66294999999997,-288.88834999999995,-283.33919999999995,-278.91031999999996,-277.12399999999997,-273.76865999999995,-270.7677699999999,-271.98261999999994,-274.64973,-279.28239999999994,-284.91909999999996,-288.95413999999994
36.5,73.125,-289.55778,-288.93823999999995,-283.25687999999997,-278.77669999999995,-277.08696,-273.28101999999996,-270.13931999999994,-270.98664999999994,-274.29047999999995,-279.06195999999994,-284.94577999999996,-289.42441999999994
36.5,73.75,-287.49405999999993,-286.52223,-281.01264999999995,-277.28599999999994,-275.39163999999994,-270.88791999999995,-267.61265,-268.57169999999996,-272.15036999999995,-277.6448,-283.11844999999994,-287.34052999999994
36.5,74.375,-288.89964,-287.75492999999994,-282.859,-278.90302999999994,-276.74262999999996,-272.5208999999999,-269.45194999999995,-270.2365199999999,-273.64514999999994,-278.89054999999996,-284.78211999999996,-289.11637999999994
36.5,75.0,-291.3981299999999,-290.4616,-285.43656999999996,-281.27603999999997,-279.1261999999999,-274.60407999999995,-271.84387999999996,-272.65732999999994,-275.56483,-281.30307999999997,-287.73119999999994,-292.0361899999999
36.5,75.625,-294.89383999999995,-294.0838299999999,-289.02512999999993,-284.11629999999997,-282.36259999999993,-277.45511999999997,-274.79747,-275.63159999999993,-278.27019999999993,-284.2715299999999,-291.97914999999995,-296.29216999999994
36.5,76.25,-294.45949999999993,-293.19313999999997,-287.57852999999994,-281.73792999999995,-280.60972,-276.37354999999997,-274.0241,-274.74709999999993,-277.46885,-282.99969999999996,-291.7138299999999,-296.18657999999994
36.5,76.875,-293.79416999999995,-292.5949999999999,-287.16757999999993,-280.77442999999994,-279.8966,-275.97986999999995,-273.88651999999996,-274.47586999999993,-277.29409999999996,-282.27626,-291.49748,-295.24742999999995
36.5,77.5,-295.81444999999997,-294.5168699999999,-289.6116999999999,-283.75061999999997,-281.9258,-277.59403999999995,-275.85312999999996,-276.38141999999993,-278.8803199999999,-284.56519999999995,-293.5264399999999,-297.89070999999996
36.5,78.125,-293.16159999999996,-291.83612999999997,-286.12445999999994,-279.79257999999993,-279.19361999999995,-275.75003999999996,-273.49582999999996,-274.25749999999994,-277.41742999999997,-281.70294999999993,-290.77835999999996,-294.99390999999997
36.5,78.75,-289.3443,-287.58705,-281.93372999999997,-277.81287999999995,-276.38496,-273.56969999999995,-270.89511999999996,-271.81539999999995,-275.34984,-278.81499999999994,-286.15815,-290.48873999999995
36.5,79.375,-282.65806,-281.07649999999995,-275.30493999999993,-273.31015999999994,-270.56174999999996,-267.44873999999993,-264.06693999999993,-265.63181999999995,-269.84919999999994,-273.99057999999997,-278.8083,-283.13093
36.5,80.0,-281.07359999999994,-280.46219999999994,-273.57453999999996,-271.9006499999999,-268.8991,-265.68387999999993,-262.2519,-264.04877999999997,-268.32511999999997,-272.8150499999999,-277.40225999999996,-281.48441999999994
36.5,80.625,-279.57331999999997,-278.49915999999996,-270.07584999999995,-267.89699999999993,-265.02497999999997,-260.94145,-257.43359999999996,-259.44846999999993,-264.22263999999996,-269.37961999999993,-274.16389999999996,-278.2714399999999
36.5,81.25,-278.08304999999996,-276.73374999999993,-268.05959999999993,-265.13812999999993,-262.01361999999995,-257.26383999999996,-254.17731999999995,-256.45149999999995,-261.30075999999997,-267.25247999999993,-272.1574499999999,-276.21747999999997
37.0,72.5,-290.68390999999997,-290.49289,-285.15894999999995,-279.75711999999993,-278.37369999999993,-275.46162,-272.15952999999996,-273.7315,-276.41288,-280.76261999999997,-286.40489999999994,-290.49775
37.0,73.125,-292.05481999999995,-291.64836999999994,-286.40199999999993,-280.91477999999995,-279.18467,-276.21196,-273.21097999999995,-274.61707999999993,-276.96247999999997,-281.70865999999995,-287.4671799999999,-292.16628999999995
37.0,73.75,-292.40518,-291.95908999999995,-286.71059999999994,-281.08302,-279.44461999999993,-276.15043,-273.30269999999996,-274.79594,-277.0035,-281.94812999999994,-287.88089999999994,-292.68291999999997
37.0,74.375,-293.08763999999996,-292.5665399999999,-287.33173999999997,-281.6547699999999,-280.08646999999996,-276.49521999999996,-273.74679999999995,-275.16362,-277.39835999999997,-282.55454999999995,-288.42136999999997,-293.43607999999995
37.0,75.0,-293.19725999999997,-292.56352999999996,-287.03006999999997,-281.48105999999996,-280.11304999999993,-276.28604999999993,-273.87552999999997,-275.06559999999996,-277.43799999999993,-282.59223999999995,-288.80686999999995,-294.11627
37.0,75.625,-292.38608999999997,-291.68267999999995,-285.5052299999999,-280.34241999999995,-279.38043999999996,-275.41553999999996,-273.0446299999999,-273.96214,-276.91651999999993,-281.43098,-288.45543,-293.7366599999999
37.0,76.25,-290.53364,-289.46419999999995,-283.21082999999993,-278.66876999999994,-277.65259999999995,-274.07114999999993,-271.8110199999999,-272.56931999999995,-276.04581999999994,-279.77619999999996,-287.34912999999995,-292.34099999999995
37.0,76.875,-285.85883999999993,-283.5977,-277.54367999999994,-275.23619999999994,-273.24899999999997,-269.97763999999995,-267.5337999999999,-268.18976999999995,-272.44139999999993,-275.6385599999999,-282.04117999999994,-286.38251999999994
37.0,77.5,-284.52849999999995,-282.7535,-276.59085999999996,-274.46326999999997,-272.45465999999993,-269.26331999999996,-266.9035999999999,-267.70185999999995,-271.54151999999993,-274.89841999999993,-280.54825999999997,-284.99319999999994
37.0,78.125,-283.30432999999994,-281.9591,-275.28049999999996,-272.79047999999995,-270.57057,-267.56852,-264.54083999999995,-265.4249,-269.73331999999994,-273.501,-279.22132999999997,-283.72425999999996
37.0,78.75,-280.55539999999996,-279.67035999999996,-271.41205999999994,-268.72211999999996,-265.91986999999995,-262.4549999999999,-259.1448,-260.20502999999997,-264.8169,-269.66641999999996,-275.58234999999996,-279.93552999999997
37.0,79.375,-280.53074,-279.41009999999994,-268.33304999999996,-265.26392999999996,-261.98639999999995,-257.81749999999994,-254.57196999999996,-255.80379999999997,-261.00571999999994,-266.66025999999994,-272.81015999999994,-278.02442999999994
37.0,80.0,-279.94284999999996,-278.06943999999993,-266.89804999999996,-263.11445,-259.54434999999995,-254.90134999999998,-251.68814999999995,-253.43585999999993,-258.6575399999999,-264.84183999999993,-271.41114999999996,-277.0859
37.0,80.625,-281.12715,-278.4864299999999,-266.58088,-262.62641999999994,-258.49344999999994,-253.78049999999996,-250.78971999999993,-252.62589999999994,-257.58982999999995,-263.92009999999993,-272.77185999999995,-278.99229999999994
37.0,81.25,-281.93161999999995,-279.2089399999999,-266.9695,-262.64752999999996,-258.01084999999995,-253.33676999999994,-250.36379999999997,-252.02634999999998,-257.42105999999995,-264.31272999999993,-273.94575,-280.70432999999997
