lat,lon,2024-01,2024-02,2024-03,2024-04,2024-05,2024-06,2024-07,2024-08,2024-09,2024-10,2024-11
29.0,72.5,1.098718e-08,3.9587484e-08,3.0565126e-08,3.9645844e-08,7.2024e-08,1.4792604e-07,1.2251773e-07,5.5177694e-08,4.3544667e-08,3.1145266e-08,8.84905e-09
29.0,73.125,9.750854e-09,3.3603758e-08,2.9432657e-08,3.5456832e-08,6.002219e-08,1.13494025e-07,9.34855e-08,4.1812346e-08,3.603139e-08,2.8126093e-08,7.7736635e-09
29.0,73.75,9.26781e-09,3.1318358e-08,3.0245452e-08,3.3532707e-08,5.2187158e-08,8.6717044e-08,6.536931e-08,3.3531837e-08,2.964686e-08,2.4523146e-08,7.120995e-09
29.0,74.375,8.4906615e-09,3.0584363e-08,2.9392288e-08,2.9234554e-08,4.7512003e-08,7.155492e-08,4.722519e-08,2.8164175e-08,2.2926148e-08,2.2266484e-08,6.861198e-09
29.0,75.0,7.707645e-09,3.1137837e-08,2.7362999e-08,2.4680048e-08,4.3465633e-08,6.635273e-08,3.6699344e-08,2.3246157e-08,1.8396955e-08,2.0153934e-08,6.855832e-09
29.0,75.625,7.0172796e-09,3.069601e-08,2.4609987e-08,2.223866e-08,3.903598e-08,6.306436e-08,3.1702402e-08,2.0280588e-08,1.5649304e-08,1.816126e-08,6.6158767e-09
29.0,76.25,6.60833e-09,2.8859333e-08,2.1675664e-08,2.0306349e-08,3.3989167e-08,5.8730073e-08,2.822438e-08,1.9673779e-08,1.5548983e-08,1.6232896e-08,6.0090617e-09
29.0,76.875,6.2900654e-09,2.6823695e-08,1.7205586e-08,1.826611e-08,3.171895e-08,5.1263367e-08,2.7262544e-08,1.6930082e-08,1.6888212e-08,1.5369581e-08,5.7783534e-09
29.0,77.5,5.7782694e-09,2.4480274e-08,1.5521143e-08,1.7311747e-08,2.9685907e-08,4.4530193e-08,2.812583e-08,1.38891725e-08,1.6899016e-08,1.5312311e-08,5.9051977e-09
29.0,78.125,5.335712e-09,2.408367e-08,1.4654042e-08,1.6559898e-08,2.8686637e-08,4.1416932e-08,2.5896695e-08,1.3645281e-08,1.5121156e-08,1.5216608e-08,6.0321934e-09
29.0,78.75,4.9715623e-09,2.28376e-08,1.4110429e-08,1.6187915e-08,3.011871e-08,3.9832717e-08,2.7251314e-08,1.3409099e-08,1.2776721e-08,1.5071207e-08,5.9526126e-09
29.0,79.375,4.386772e-09,2.0057307e-08,1.3318083e-08,1.6202648e-08,3.0726603e-08,3.70687e-08,1.6979477e-08,1.1242359e-08,1.0392822e-08,1.3674517e-08,5.3913025e-09
29.0,80.0,3.9067345e-09,1.6912336e-08,1.2009709e-08,1.6020325e-08,3.2015034e-08,3.4249265e-08,1.3781306e-08,9.2933945e-09,8.037469e-09,1.3124478e-08,4.811924e-09
29.0,80.625,2.993455e-09,1.2467667e-08,1.0395569e-08,1.4977498e-08,3.357127e-08,3.2577372e-08,1.1131261e-08,6.1930647e-09,5.476418e-09,1.11565805e-08,3.837916e-09
29.0,81.25,2.0949458e-09,9.788484e-09,8.78874e-09,1.4083647e-08,3.1328867e-08,3.1009645e-08,8.300989e-09,4.3358033e-09,3.470557e-09,8.925121e-09,2.9001663e-09
29.5,72.5,9.987344e-09,3.548936e-08,2.5609141e-08,3.607347e-08,5.698084e-08,1.3096651e-07,1.0820546e-07,4.455996e-08,3.8594287e-08,2.3289754e-08,8.318269e-09
29.5,73.125,9.1751e-09,3.0390797e-08,2.4705631e-08,3.3342438e-08,4.9763326e-08,1.02737005e-07,8.1814626e-08,3.616057e-08,3.286441e-08,2.2877078e-08,7.3184006e-09
29.5,73.75,8.757554e-09,2.9428614e-08,2.6274774e-08,3.1382054e-08,4.3441926e-08,8.162145e-08,5.9503954e-08,3.104962e-08,2.7944528e-08,2.1875225e-08,6.7362484e-09
29.5,74.375,8.1964835e-09,2.98037e-08,2.5555861e-08,2.7320372e-08,4.0572147e-08,7.10935e-08,4.397096e-08,2.5651447e-08,2.3322658e-08,2.0215133e-08,6.4689023e-09
29.5,75.0,7.569211e-09,2.982666e-08,2.4516105e-08,2.2525091e-08,3.7019603e-08,6.6235835e-08,3.479844e-08,2.0934925e-08,1.9830411e-08,1.863584e-08,6.4033583e-09
29.5,75.625,6.9667e-09,2.8379747e-08,2.2381608e-08,1.9619316e-08,3.4405186e-08,6.072454e-08,3.0689403e-08,1.9212372e-08,1.7966666e-08,1.746664e-08,6.1804104e-09
29.5,76.25,6.6009513e-09,2.664669e-08,1.99062e-08,1.8509127e-08,3.379389e-08,5.5116228e-08,2.8086253e-08,1.832359e-08,1.8094761e-08,1.6431752e-08,5.8211906e-09
29.5,76.875,6.052042e-09,2.5195638e-08,1.5981348e-08,1.7519232e-08,3.1994265e-08,4.796093e-08,2.7111772e-08,1.6583066e-08,1.8115754e-08,1.5364359e-08,5.820554e-09
29.5,77.5,5.394499e-09,2.3554847e-08,1.447452e-08,1.647016e-08,2.8899517e-08,4.3347125e-08,2.5966514e-08,1.4912075e-08,1.6674456e-08,1.4438668e-08,5.9139285e-09
29.5,78.125,4.8662736e-09,2.3263809e-08,1.3470966e-08,1.5840609e-08,2.859686e-08,4.1350965e-08,2.3533351e-08,1.4197095e-08,1.2772597e-08,1.2829919e-08,5.9127463e-09
29.5,78.75,4.3773025e-09,2.1462444e-08,1.272612e-08,1.575827e-08,2.9026847e-08,4.005184e-08,2.667075e-08,1.2138783e-08,1.0144492e-08,1.18534444e-08,5.6268314e-09
29.5,79.375,3.769687e-09,1.7560462e-08,1.0949612e-08,1.4976044e-08,2.8825232e-08,3.578534e-08,1.9949237e-08,7.83181e-09,7.569745e-09,1.0034939e-08,4.771027e-09
29.5,80.0,3.2469034e-09,1.3153551e-08,9.21657e-09,1.4091166e-08,3.1496683e-08,3.2523893e-08,1.1909287e-08,5.0732845e-09,4.9411333e-09,8.886878e-09,3.8052805e-09
29.5,80.625,2.4413844e-09,9.264207e-09,8.290425e-09,1.2920646e-08,3.3096452e-08,3.0430783e-08,7.635387e-09,3.0744158e-09,2.6312104e-09,6.243285e-09,2.7461435e-09
29.5,81.25,1.5993245e-09,7.628042e-09,6.971754e-09,1.1623949e-08,2.8661757e-08,2.5038116e-08,4.042735e-09,1.5704243e-09,1.2128644e-09,3.752612e-09,1.8497682e-09
30.0,72.5,9.305579e-09,3.245165e-08,2.368911e-08,2.7393737e-08,4.4675552e-08,1.052962e-07,8.740702e-08,3.633795e-08,3.190371e-08,2.0306963e-08,7.2893425e-09
30.0,73.125,8.825826e-09,2.9038597e-08,2.2246944e-08,2.8580205e-08,4.2333163e-08,9.0809046e-08,7.081243e-08,3.1201594e-08,2.8443417e-08,1.9895872e-08,6.795911e-09
30.0,73.75,8.455088e-09,2.8195213e-08,2.312534e-08,2.7630085e-08,3.9360582e-08,7.7213436e-08,5.225147e-08,2.7713213e-08,2.5461183e-08,1.9135769e-08,6.445589e-09
30.0,74.375,8.070827e-09,2.9123651e-08,2.3984255e-08,2.4502576e-08,3.839781e-08,6.8932664e-08,4.0159296e-08,2.362923e-08,2.3146306e-08,1.8075943e-08,6.1906578e-09
30.0,75.0,7.526465e-09,2.8799244e-08,2.311114e-08,2.0532024e-08,3.6246004e-08,6.0875024e-08,3.443781e-08,2.0490623e-08,2.0601115e-08,1.7395994e-08,6.0947363e-09
30.0,75.625,7.0399877e-09,2.6856187e-08,2.1180988e-08,1.8156062e-08,3.564832e-08,5.363545e-08,3.1092867e-08,1.8429002e-08,1.9261703e-08,1.6851235e-08,5.9232357e-09
30.0,76.25,6.5708794e-09,2.4450856e-08,1.897288e-08,1.6575965e-08,3.553214e-08,4.8866543e-08,2.7868971e-08,1.6694083e-08,1.852853e-08,1.5402263e-08,5.683023e-09
30.0,76.875,5.5101004e-09,2.2929177e-08,1.501027e-08,1.6059797e-08,3.188313e-08,4.5458062e-08,2.5984615e-08,1.609169e-08,1.5734e-08,1.2569627e-08,5.6656972e-09
30.0,77.5,4.7192725e-09,2.2940656e-08,1.277356e-08,1.5680174e-08,2.8220741e-08,4.037138e-08,2.5799071e-08,1.5064533e-08,1.0903538e-08,9.908387e-09,5.423923e-09
30.0,78.125,4.3492037e-09,2.1806734e-08,1.211576e-08,1.5056624e-08,2.8468005e-08,3.6746375e-08,2.5245054e-08,1.30803235e-08,9.388176e-09,9.661797e-09,5.2204085e-09
30.0,78.75,3.788588e-09,1.7635417e-08,1.0693487e-08,1.4340973e-08,2.7950943e-08,3.390972e-08,2.4232133e-08,8.858115e-09,7.990745e-09,8.858699e-09,4.655976e-09
30.0,79.375,2.8886284e-09,1.1911339e-08,8.708529e-09,1.2774096e-08,2.7911748e-08,2.9718043e-08,1.7309176e-08,5.3486393e-09,4.4642756e-09,6.4728445e-09,3.4568681e-09
30.0,80.0,2.1093198e-09,7.9142195e-09,7.1062414e-09,1.133103e-08,2.916157e-08,2.5423226e-08,6.2350227e-09,3.984942e-09,1.9773079e-09,4.051843e-09,2.0529494e-09
30.0,80.625,1.7090854e-09,6.292684e-09,6.3345205e-09,9.995044e-09,2.7665537e-08,2.1113388e-08,2.8436093e-09,2.1859041e-09,8.9036356e-10,2.6455624e-09,1.4713123e-09
30.0,81.25,1.3951117e-09,4.6285207e-09,4.959005e-09,8.380599e-09,2.1027166e-08,1.6102028e-08,1.3445266e-09,9.292592e-10,4.246432e-10,1.7352962e-09,1.1396158e-09
30.5,72.5,9.102113e-09,2.8380626e-08,2.3285528e-08,2.2024688e-08,3.893283e-08,7.657824e-08,6.875193e-08,2.9665399e-08,2.9473714e-08,1.8815626e-08,6.605099e-09
30.5,73.125,8.618207e-09,2.7236418e-08,2.0764643e-08,2.3216307e-08,3.6349864e-08,7.486451e-08,6.123446e-08,2.782514e-08,2.7470652e-08,1.8109859e-08,6.6036896e-09
30.5,73.75,8.35478e-09,2.636782e-08,2.0459993e-08,2.3971916e-08,3.5027046e-08,6.8323665e-08,4.908408e-08,2.5229676e-08,2.5329943e-08,1.7773639e-08,6.432477e-09
30.5,74.375,8.082269e-09,2.7167548e-08,2.2219366e-08,2.1789674e-08,3.5260463e-08,6.055804e-08,4.0409027e-08,2.228039e-08,2.3672131e-08,1.7489759e-08,6.269238e-09
30.5,75.0,7.540621e-09,2.6936787e-08,2.1460144e-08,1.8819629e-08,3.6337774e-08,5.2570854e-08,3.6201644e-08,2.055546e-08,2.1231472e-08,1.7038415e-08,6.1552026e-09
30.5,75.625,7.0947923e-09,2.5153613e-08,1.9822378e-08,1.676514e-08,3.8070745e-08,4.7834572e-08,3.3207176e-08,1.8310343e-08,1.903333e-08,1.6055457e-08,5.920568e-09
30.5,76.25,6.3112626e-09,2.2397655e-08,1.7191152e-08,1.5800227e-08,3.793297e-08,4.549438e-08,3.1574164e-08,1.6396429e-08,1.6618923e-08,1.3686839e-08,5.6398677e-09
30.5,76.875,4.903159e-09,2.1115017e-08,1.3577934e-08,1.5559635e-08,3.2748734e-08,4.186689e-08,3.1885182e-08,1.537662e-08,1.1848564e-08,1.0194335e-08,5.1895466e-09
30.5,77.5,4.149599e-09,1.9878874e-08,1.1290086e-08,1.47130175e-08,2.8368724e-08,3.477471e-08,3.2325328e-08,1.2115892e-08,6.4421006e-09,6.3713625e-09,4.088906e-09
30.5,78.125,3.4223113e-09,1.6240707e-08,9.575703e-09,1.3222719e-08,2.7342345e-08,2.8231444e-08,2.6232135e-08,7.907e-09,4.8276037e-09,5.4102025e-09,3.3198526e-09
30.5,78.75,2.431391e-09,9.6818065e-09,7.552869e-09,1.1531483e-08,2.602211e-08,2.4099124e-08,1.21711885e-08,4.8059534e-09,2.884042e-09,4.118353e-09,2.0558977e-09
30.5,79.375,1.8752093e-09,6.6748838e-09,6.30395e-09,9.370706e-09,2.3185779e-08,1.9307937e-08,6.2141594e-09,3.2597685e-09,1.8251985e-09,2.72756e-09,1.2814174e-09
30.5,80.0,1.5165008e-09,4.4192503e-09,4.8007016e-09,7.492235e-09,1.9286041e-08,1.4504849e-08,2.8992233e-09,1.877911e-09,7.739871e-10,1.9616884e-09,9.016456e-10
30.5,80.625,1.4153828e-09,4.2516133e-09,4.5528865e-09,7.340107e-09,1.677566e-08,1.3611725e-08,2.4995024e-09,1.4490529e-09,4.549636e-10,1.6735501e-09,9.0087726e-10
30.5,81.25,1.3006233e-09,3.7156231e-09,4.3502086e-09,6.818482e-09,1.5660442e-08,1.2258367e-08,2.504928e-09,1.3778753e-09,3.8095951e-10,1.2682891e-09,8.626368e-10
31.0,72.5,9.2288195e-09,2.4735872e-08,2.2458535e-08,2.08267e-08,3.6173947e-08,5.8349055e-08,5.7206865e-08,2.650649e-08,3.028872e-08,1.8119247e-08,6.309574e-09
31.0,73.125,8.633778e-09,2.392523e-08,1.9453093e-08,2.088891e-08,3.1516397e-08,5.76348e-08,5.432981e-08,2.6119396e-08,2.830487e-08,1.7955186e-08,6.347515e-09
31.0,73.75,8.429021e-09,2.4453113e-08,1.8974465e-08,2.1131685e-08,3.093397e-08,5.3369636e-08,4.9818247e-08,2.3332236e-08,2.6529506e-08,1.7828091e-08,6.3259296e-09
31.0,74.375,8.303657e-09,2.5134295e-08,2.0377728e-08,1.9567354e-08,3.2269224e-08,4.874746e-08,4.4426645e-08,2.0930642e-08,2.5162809e-08,1.7529308e-08,6.385547e-09
31.0,75.0,7.824735e-09,2.4750047e-08,2.0042945e-08,1.7723142e-08,3.4550823e-08,4.4736954e-08,3.9110443e-08,1.985955e-08,2.1998964e-08,1.6730596e-08,6.2818497e-09
31.0,75.625,7.2044304e-09,2.2988765e-08,1.8473392e-08,1.6062646e-08,3.775987e-08,4.2886676e-08,3.5956432e-08,1.8224425e-08,1.8412205e-08,1.5131057e-08,6.0382566e-09
31.0,76.25,6.1130074e-09,2.0083274e-08,1.5046094e-08,1.5329594e-08,3.8266375e-08,4.0655202e-08,3.496165e-08,1.6501842e-08,1.5176845e-08,1.2870876e-08,5.6171303e-09
31.0,76.875,4.5087467e-09,1.7247972e-08,1.19210695e-08,1.4572349e-08,3.18958e-08,3.608014e-08,3.5569077e-08,1.2798527e-08,9.407154e-09,9.872389e-09,4.84412e-09
31.0,77.5,3.3269902e-09,1.3368365e-08,9.0018855e-09,1.2231673e-08,2.4251353e-08,2.7348385e-08,2.7674677e-08,6.366617e-09,3.5975574e-09,4.684866e-09,2.736988e-09
31.0,78.125,2.6051998e-09,1.0426525e-08,7.136592e-09,1.0612409e-08,2.0629393e-08,2.073363e-08,1.7872447e-08,3.3748342e-09,1.8890944e-09,2.6930396e-09,1.5927147e-09
31.0,78.75,1.7674792e-09,5.4312124e-09,4.9197575e-09,8.138037e-09,1.5678632e-08,1.4451719e-08,4.5459223e-09,1.683724e-09,7.7452583e-10,1.790069e-09,8.604123e-10
31.0,79.375,1.46546e-09,4.557823e-09,4.1149355e-09,6.756545e-09,1.2987614e-08,1.2097629e-08,3.15979e-09,1.5708037e-09,6.538309e-10,1.4335103e-09,6.811926e-10
31.0,80.0,1.5035708e-09,4.0321666e-09,4.21626e-09,6.8844503e-09,1.5546199e-08,1.3244789e-08,3.928544e-09,2.2025197e-09,6.597997e-10,1.5837549e-09,7.696618e-10
31.0,80.625,1.4205941e-09,3.953895e-09,4.290549e-09,7.325919e-09,1.6780177e-08,1.4604848e-08,4.235194e-09,2.692265e-09,5.867046e-10,1.587535e-09,8.4344454e-10
31.0,81.25,1.2754306e-09,3.6336902e-09,4.0134096e-09,6.677965e-09,1.5010476e-08,1.2963832e-08,3.84878e-09,2.1780813e-09,5.635275e-10,1.2228033e-09,7.7069445e-10
31.5,72.5,9.44145e-09,2.1382785e-08,2.1602318e-08,2.0230315e-08,3.2833462e-08,4.788817e-08,5.2867343e-08,2.5659075e-08,3.0477775e-08,1.8603215e-08,6.1374066e-09
31.5,73.125,8.797528e-09,2.0545423e-08,1.8531043e-08,2.0177929e-08,2.8435029e-08,4.5553072e-08,5.2659157e-08,2.4682645e-08,2.8706017e-08,1.8722213e-08,5.821145e-09
31.5,73.75,8.607986e-09,2.1868017e-08,1.8046663e-08,1.9479376e-08,2.7552408e-08,4.3349427e-08,5.079698e-08,2.237269e-08,2.6991044e-08,1.7998959e-08,5.8849916e-09
31.5,74.375,8.491189e-09,2.2984624e-08,1.9336298e-08,1.8330441e-08,2.9095263e-08,4.0973465e-08,4.6443375e-08,2.0422615e-08,2.6060842e-08,1.7245663e-08,6.1610685e-09
31.5,75.0,8.046182e-09,2.2710648e-08,1.8641003e-08,1.6929455e-08,3.183255e-08,3.8923098e-08,4.0682167e-08,1.8883604e-08,2.3119052e-08,1.5979177e-08,6.2015717e-09
31.5,75.625,7.229309e-09,2.101582e-08,1.6451526e-08,1.5407446e-08,3.3581127e-08,3.7467423e-08,3.8571788e-08,1.7287558e-08,1.9175529e-08,1.37289105e-08,5.950824e-09
31.5,76.25,5.7072844e-09,1.6641495e-08,1.2853566e-08,1.4192301e-08,3.1415944e-08,3.4516415e-08,3.7741213e-08,1.5527158e-08,1.479469e-08,1.0580181e-08,5.071039e-09
31.5,76.875,3.8000962e-09,1.2663773e-08,9.815179e-09,1.2514525e-08,2.4883716e-08,3.100722e-08,3.50548e-08,9.610154e-09,6.9675594e-09,6.8079786e-09,3.5392682e-09
31.5,77.5,2.6660592e-09,8.802239e-09,7.1803727e-09,1.0025603e-08,1.777933e-08,2.1852369e-08,1.7432505e-08,3.4874905e-09,1.8844142e-09,3.178508e-09,1.6902353e-09
31.5,78.125,2.2112456e-09,6.171737e-09,5.6546368e-09,8.064672e-09,1.2394389e-08,1.45006505e-08,5.912222e-09,1.3831233e-09,7.357268e-10,2.0616044e-09,1.1708001e-09
31.5,78.75,1.7925114e-09,4.4371427e-09,4.1440025e-09,6.5828014e-09,1.0327283e-08,1.10998375e-08,4.000354e-09,1.4878967e-09,4.9745635e-10,1.5481709e-09,8.3677304e-10
31.5,79.375,1.7353581e-09,4.246376e-09,3.9175676e-09,6.5585177e-09,1.2067234e-08,1.1997387e-08,5.2172284e-09,2.2752404e-09,6.6154066e-10,1.5534124e-09,8.0516427e-10
31.5,80.0,1.6413813e-09,4.100418e-09,3.9392893e-09,6.7828902e-09,1.440622e-08,1.3081565e-08,6.0272067e-09,2.84691e-09,8.56523e-10,1.5320741e-09,8.1153834e-10
31.5,80.625,1.4264544e-09,3.6181502e-09,3.804761e-09,6.408239e-09,1.3765819e-08,1.2566594e-08,5.331062e-09,2.9104357e-09,7.871258e-10,1.3548519e-09,7.0542117e-10
31.5,81.25,1.252664e-09,3.3414287e-09,3.65611e-09,6.375376e-09,1.3225696e-08,1.2188533e-08,4.6363655e-09,2.667305e-09,7.211476e-10,1.1735031e-09,6.554596e-10
32.0,72.5,9.457777e-09,1.9368223e-08,2.099718e-08,2.0591264e-08,2.9194545e-08,3.837728e-08,4.9355403e-08,2.6894051e-08,2.9485879e-08,1.9990107e-08,6.040894e-09
32.0,73.125,9.0936565e-09,1.9161108e-08,1.8443203e-08,1.9701535e-08,2.505969e-08,3.669872e-08,5.0475666e-08,2.4793339e-08,2.8389058e-08,1.9008088e-08,5.617676e-09
32.0,73.75,8.828289e-09,1.9456852e-08,1.8055744e-08,1.871825e-08,2.3894362e-08,3.6441875e-08,5.023556e-08,2.294664e-08,2.6898821e-08,1.7483774e-08,5.6126055e-09
32.0,74.375,8.552067e-09,2.041502e-08,1.8562742e-08,1.7600602e-08,2.5990778e-08,3.6662822e-08,4.6517545e-08,2.0432546e-08,2.5941123e-08,1.626869e-08,5.8857497e-09
32.0,75.0,7.844538e-09,1.9361606e-08,1.6517964e-08,1.6393338e-08,2.7785942e-08,3.630412e-08,4.2795893e-08,1.8405723e-08,2.2541736e-08,1.4123983e-08,5.902257e-09
32.0,75.625,6.5521757e-09,1.6827236e-08,1.3828896e-08,1.5298854e-08,2.6367484e-08,3.5714766e-08,4.1748976e-08,1.6800156e-08,1.8077996e-08,1.1477002e-08,5.460394e-09
32.0,76.25,4.4754915e-09,1.2732408e-08,1.1049818e-08,1.3032695e-08,2.2021213e-08,3.1886643e-08,3.6320994e-08,1.2480431e-08,1.14093e-08,7.891627e-09,3.922378e-09
32.0,76.875,2.8525275e-09,9.933673e-09,7.882664e-09,9.984645e-09,1.6484622e-08,2.3492369e-08,2.2480274e-08,6.1965433e-09,3.6916845e-09,4.18537e-09,2.0582926e-09
32.0,77.5,2.1127946e-09,5.6649525e-09,5.285822e-09,7.296785e-09,1.1853151e-08,1.4724477e-08,7.94363e-09,2.191124e-09,1.0276001e-09,2.4392575e-09,1.201505e-09
32.0,78.125,1.9087507e-09,4.3282773e-09,4.074756e-09,6.1172614e-09,8.848181e-09,1.0313215e-08,4.6142627e-09,1.7292818e-09,5.241632e-10,1.724931e-09,1.0291672e-09
32.0,78.75,1.892776e-09,4.1314423e-09,3.759191e-09,6.3866232e-09,9.276465e-09,1.0685805e-08,5.5664304e-09,2.5390483e-09,5.9328603e-10,1.4527565e-09,9.324178e-10
32.0,79.375,1.7890586e-09,3.9191383e-09,3.7507415e-09,6.354124e-09,1.0268019e-08,1.1223225e-08,6.3252275e-09,3.190737e-09,7.2216877e-10,1.4841862e-09,8.560808e-10
32.0,80.0,1.6584892e-09,3.919781e-09,3.7619197e-09,6.253413e-09,1.16638885e-08,1.1419266e-08,6.207639e-09,3.5602636e-09,9.159637e-10,1.3942357e-09,7.9199275e-10
32.0,80.625,1.5330505e-09,3.6025556e-09,3.6884924e-09,5.978988e-09,1.227014e-08,1.1571592e-08,5.6041376e-09,3.844947e-09,1.0244321e-09,1.2123674e-09,7.1304856e-10
32.0,81.25,1.4045642e-09,3.3765697e-09,3.5569825e-09,6.1804712e-09,1.368367e-08,1.2386044e-08,5.7993783e-09,4.3020787e-09,1.0582832e-09,1.0895785e-09,6.5978106e-10
32.5,72.5,9.421192e-09,1.864414e-08,1.9535419e-08,2.0788624e-08,2.6979368e-08,3.4821277e-08,4.7316256e-08,2.8933623e-08,2.8090366e-08,2.0650928e-08,5.9136256e-09
32.5,73.125,9.097088e-09,1.8263531e-08,1.7575076e-08,1.9735065e-08,2.145011e-08,3.3643907e-08,4.840448e-08,2.790337e-08,2.7544878e-08,1.7762607e-08,5.5814477e-09
32.5,73.75,8.591146e-09,1.7485883e-08,1.7324892e-08,1.8356392e-08,2.0129816e-08,3.3937976e-08,4.8500596e-08,2.5733684e-08,2.5733073e-08,1.5121552e-08,5.489104e-09
32.5,74.375,8.19443e-09,1.7159248e-08,1.735244e-08,1.7452475e-08,2.1812852e-08,3.5863437e-08,4.5272888e-08,2.2287622e-08,2.3319656e-08,1.387085e-08,5.4899525e-09
32.5,75.0,7.1963915e-09,1.5818795e-08,1.5562232e-08,1.6647785e-08,2.2268654e-08,3.6510755e-08,4.310418e-08,1.9329901e-08,1.9786103e-08,1.1893667e-08,5.2731592e-09
32.5,75.625,5.862867e-09,1.248211e-08,1.3445735e-08,1.5835576e-08,2.0132633e-08,3.53888e-08,3.9161083e-08,1.4869784e-08,1.315932e-08,8.920999e-09,4.3828248e-09
32.5,76.25,3.6130117e-09,8.401238e-09,1.0017732e-08,1.1895191e-08,1.5401618e-08,2.8107753e-08,2.4068516e-08,8.216801e-09,5.3208633e-09,5.357437e-09,2.7018359e-09
32.5,76.875,2.284537e-09,5.7910587e-09,6.0014327e-09,7.892928e-09,1.1194002e-08,1.6018687e-08,8.401502e-09,3.6632173e-09,1.4601971e-09,2.7056615e-09,1.5386017e-09
32.5,77.5,1.8384391e-09,4.368899e-09,4.2451984e-09,5.6085505e-09,8.589708e-09,9.900183e-09,5.124181e-09,3.2158765e-09,8.4851637e-10,1.8298878e-09,1.132462e-09
32.5,78.125,1.7422159e-09,3.6478423e-09,3.5990027e-09,5.3067195e-09,7.065219e-09,8.139023e-09,5.5377667e-09,3.9896966e-09,6.3251443e-10,1.4443734e-09,1.0186838e-09
32.5,78.75,1.6812524e-09,3.4867598e-09,3.5065422e-09,5.5659863e-09,6.8145942e-09,8.176827e-09,5.7738245e-09,4.6798636e-09,5.930739e-10,1.2705521e-09,9.205621e-10
32.5,79.375,1.5843508e-09,3.279736e-09,3.5350078e-09,5.644597e-09,7.870782e-09,8.908228e-09,5.5839893e-09,4.677937e-09,6.4964467e-10,1.2526187e-09,8.418638e-10
32.5,80.0,1.5152916e-09,3.3823873e-09,3.6229355e-09,5.66309e-09,1.0219787e-08,1.0130983e-08,5.5852802e-09,5.392799e-09,1.0145083e-09,1.2083744e-09,7.715978e-10
32.5,80.625,1.4257668e-09,3.377644e-09,3.632133e-09,5.5374887e-09,1.1856437e-08,1.0850757e-08,6.037827e-09,6.1885013e-09,1.4582808e-09,1.1144847e-09,7.212179e-10
32.5,81.25,1.3409692e-09,3.2820058e-09,3.5510268e-09,5.5134177e-09,1.5454223e-08,1.1478308e-08,8.209745e-09,7.681031e-09,1.9203132e-09,1.1332827e-09,6.659576e-10
33.0,72.5,9.6280575e-09,1.7517056e-08,1.7870809e-08,2.0452111e-08,2.3209836e-08,3.2303554e-08,4.871406e-08,3.2098722e-08,2.6801857e-08,1.9930901e-08,5.619859e-09
33.0,73.125,8.746435e-09,1.4877953e-08,1.6193832e-08,1.970111e-08,1.7030963e-08,3.1919264e-08,4.7104667e-08,3.2106115e-08,2.4097455e-08,1.490122e-08,5.3064166e-09
33.0,73.75,7.86e-09,1.3896593e-08,1.6814797e-08,1.8959206e-08,1.6885092e-08,3.285386e-08,4.5664613e-08,2.9857002e-08,2.0628187e-08,1.2851043e-08,5.1114513e-09
33.0,74.375,7.193458e-09,1.4073756e-08,1.653077e-08,1.792905e-08,1.7431038e-08,3.260308e-08,4.2317556e-08,2.5020192e-08,1.7203536e-08,1.1616712e-08,4.727826e-09
33.0,75.0,6.069953e-09,1.2918118e-08,1.5014951e-08,1.711766e-08,1.6609837e-08,3.036354e-08,3.7641815e-08,1.7630812e-08,1.2956309e-08,9.470568e-09,4.1852823e-09
33.0,75.625,5.186584e-09,1.0502892e-08,1.373271e-08,1.5280724e-08,1.508347e-08,2.7587884e-08,2.8495585e-08,1.332284e-08,7.2549513e-09,6.5292185e-09,3.2602354e-09
33.0,76.25,3.2212872e-09,6.4491683e-09,8.663347e-09,1.0051433e-08,1.1370591e-08,2.0002517e-08,1.268748e-08,7.152253e-09,2.2812394e-09,3.7007157e-09,2.1081255e-09
33.0,76.875,2.2057705e-09,4.4968083e-09,5.0789706e-09,6.332296e-09,9.403207e-09,1.2489121e-08,6.1254615e-09,3.1939258e-09,1.0751239e-09,2.336842e-09,1.5129937e-09
33.0,77.5,1.8537776e-09,3.91492e-09,4.0172234e-09,5.164096e-09,7.95843e-09,9.366189e-09,5.909427e-09,4.11506e-09,8.9013436e-10,1.8146219e-09,1.2135217e-09
33.0,78.125,1.6826606e-09,3.4483454e-09,3.5641925e-09,4.845394e-09,6.549154e-09,7.3399105e-09,6.4611236e-09,6.2359575e-09,7.7801693e-10,1.4464446e-09,1.0928745e-09
33.0,78.75,1.540464e-09,3.2850342e-09,3.5240206e-09,4.9473936e-09,7.068534e-09,7.00796e-09,6.5207835e-09,8.5438865e-09,7.263071e-10,1.2580688e-09,9.968829e-10
33.0,79.375,1.4006732e-09,2.9749896e-09,3.5235805e-09,5.1267914e-09,8.502411e-09,8.1364915e-09,5.9716396e-09,8.088741e-09,8.220099e-10,1.1853286e-09,8.8521596e-10
33.0,80.0,1.3159288e-09,2.9250664e-09,3.569378e-09,5.2548783e-09,1.0733974e-08,9.664897e-09,6.184329e-09,9.102406e-09,1.3407588e-09,1.1265193e-09,7.8824863e-10
33.0,80.625,1.2421094e-09,2.9195957e-09,3.593069e-09,5.100204e-09,1.28841515e-08,1.040421e-08,8.597512e-09,9.949872e-09,2.4287306e-09,1.1866674e-09,7.37991e-10
33.0,81.25,1.1626826e-09,2.8870655e-09,3.559447e-09,5.1083893e-09,1.8772177e-08,1.1789083e-08,1.490964e-08,1.2260114e-08,3.8269916e-09,1.5201743e-09,6.838988e-10
33.5,72.5,8.696764e-09,1.5639294e-08,1.7450578e-08,1.9229265e-08,1.839855e-08,2.6609207e-08,4.7696133e-08,3.473922e-08,2.3487207e-08,1.5139742e-08,4.975997e-09
33.5,73.125,7.877485e-09,1.2860271e-08,1.7131507e-08,1.9829107e-08,1.4517237e-08,2.8664301e-08,4.6236362e-08,3.2884923e-08,1.9496358e-08,1.292439e-08,4.8652207e-09
33.5,73.75,7.339094e-09,1.1418957e-08,1.744622e-08,1.8178131e-08,1.4429251e-08,2.9030586e-08,4.1729614e-08,2.808398e-08,1.5827009e-08,1.1162728e-08,4.417037e-09
33.5,74.375,5.940071e-09,9.717261e-09,1.5576065e-08,1.5720252e-08,1.403951e-08,2.6459869e-08,3.3971094e-08,1.7918644e-08,1.1286832e-08,9.358847e-09,3.766657e-09
33.5,75.0,4.4994244e-09,8.889198e-09,1.1850041e-08,1.4533725e-08,1.2777901e-08,2.2530973e-08,2.7508635e-08,1.1321003e-08,6.965752e-09,7.220977e-09,3.1608125e-09
33.5,75.625,3.74044e-09,7.659654e-09,1.0554011e-08,1.20770896e-08,1.1660558e-08,1.922593e-08,1.8392681e-08,9.292658e-09,4.0108863e-09,5.2354587e-09,2.5743248e-09
33.5,76.25,2.5863096e-09,5.204399e-09,6.6344263e-09,7.482868e-09,9.448389e-09,1.3728035e-08,8.072059e-09,5.161796e-09,1.7726175e-09,3.428619e-09,1.9139634e-09
33.5,76.875,2.2116546e-09,4.144438e-09,4.6615125e-09,5.5971214e-09,8.075755e-09,1.061441e-08,6.0800307e-09,3.124053e-09,1.1203389e-09,2.5353315e-09,1.5892586e-09
33.5,77.5,1.9577826e-09,3.7864303e-09,4.1478754e-09,5.107101e-09,7.340077e-09,8.907167e-09,6.902126e-09,4.116418e-09,1.0079224e-09,1.9806734e-09,1.3643974e-09
33.5,78.125,1.6337862e-09,3.4000793e-09,3.7396517e-09,4.608546e-09,6.981472e-09,7.094256e-09,7.9901605e-09,8.581826e-09,9.2076213e-10,1.5060886e-09,1.2052472e-09
33.5,78.75,1.4322451e-09,3.1617446e-09,3.6724224e-09,4.6667235e-09,8.743207e-09,7.1917685e-09,8.162583e-09,1.2821925e-08,1.0692923e-09,1.3091196e-09,1.1100458e-09
33.5,79.375,1.2927092e-09,2.846197e-09,3.6619263e-09,5.1248206e-09,1.0914582e-08,8.388406e-09,8.9629495e-09,1.3459091e-08,1.5090293e-09,1.2117818e-09,9.96431e-10
33.5,80.0,1.2068297e-09,2.7784162e-09,3.6686083e-09,5.5642735e-09,1.3464761e-08,1.0545349e-08,1.0543787e-08,1.469775e-08,2.3539803e-09,1.2650162e-09,8.864428e-10
33.5,80.625,1.1317561e-09,2.793266e-09,3.6106647e-09,5.5649556e-09,1.7060081e-08,1.2710294e-08,1.6939705e-08,1.551861e-08,4.0572843e-09,1.5959963e-09,7.9230633e-10
33.5,81.25,1.0856341e-09,2.7362796e-09,3.5479681e-09,6.08073e-09,2.3088639e-08,1.6033118e-08,2.5300809e-08,1.6411136e-08,5.784296e-09,1.9689037e-09,7.0983786e-10
34.0,72.5,8.656893e-09,1.4790642e-08,1.792089e-08,1.7510805e-08,1.4073111e-08,2.384004e-08,4.5776687e-08,3.523523e-08,2.0079169e-08,1.2938413e-08,4.636513e-09
34.0,73.125,8.400445e-09,1.1682287e-08,1.5458975e-08,1.871393e-08,1.2903382e-08,2.4784276e-08,4.7428095e-08,3.0768177e-08,1.8777374e-08,1.2181391e-08,4.4480353e-09
34.0,73.75,6.438078e-09,9.351832e-09,1.483066e-08,1.7859263e-08,1.2208001e-08,2.3859805e-08,3.9768505e-08,2.1252662e-08,1.332908e-08,9.966302e-09,3.9723695e-09
34.0,74.375,4.911125e-09,7.986665e-09,1.2996841e-08,1.5187956e-08,1.1801002e-08,2.2967045e-08,2.8853925e-08,1.2365314e-08,8.590201e-09,7.928652e-09,3.3903158e-09
34.0,75.0,3.74981e-09,7.084462e-09,9.8032675e-09,1.3388944e-08,1.0784304e-08,2.1634605e-08,2.2412884e-08,9.2586045e-09,5.169441e-09,5.866886e-09,2.729947e-09
34.0,75.625,2.9051719e-09,5.6524785e-09,7.2363506e-09,9.297916e-09,9.43856e-09,1.5818236e-08,1.215792e-08,5.614393e-09,2.9727616e-09,4.2615476e-09,2.1396014e-09
34.0,76.25,2.4063709e-09,4.753764e-09,5.4095866e-09,5.9723484e-09,8.621746e-09,1.085291e-08,7.1994135e-09,4.179322e-09,1.9104203e-09,3.2740646e-09,1.8684205e-09
34.0,76.875,2.1569841e-09,4.1367114e-09,4.6082045e-09,5.310297e-09,8.14385e-09,9.654923e-09,7.7237665e-09,4.4236264e-09,1.689346e-09,2.7305085e-09,1.852186e-09
34.0,77.5,1.8818875e-09,3.6510175e-09,4.3208335e-09,4.9218367e-09,7.41467e-09,7.960125e-09,8.748107e-09,6.3115495e-09,1.2975274e-09,2.0757254e-09,1.5658809e-09
34.0,78.125,1.5852126e-09,3.3237328e-09,3.957094e-09,4.709212e-09,8.313779e-09,6.715436e-09,9.917805e-09,1.3566861e-08,1.2701485e-09,1.6325944e-09,1.4162235e-09
34.0,78.75,1.3810274e-09,3.0449412e-09,3.8292662e-09,5.376872e-09,1.1447472e-08,9.102708e-09,1.1270069e-08,1.9447338e-08,1.7226369e-09,1.4816668e-09,1.2478192e-09
34.0,79.375,1.2692842e-09,2.826541e-09,3.802656e-09,6.4750867e-09,1.4252662e-08,1.1225089e-08,1.3061939e-08,2.0106638e-08,2.3993298e-09,1.4705536e-09,1.1018415e-09
34.0,80.0,1.1953603e-09,2.7106803e-09,3.738654e-09,6.6315353e-09,1.6822263e-08,1.4116434e-08,1.5348647e-08,1.9993998e-08,3.3231127e-09,1.5279027e-09,9.914477e-10
34.0,80.625,1.1312923e-09,2.7303502e-09,3.5794925e-09,6.683058e-09,2.1164118e-08,1.9245453e-08,2.5519874e-08,2.1638023e-08,5.189249e-09,1.8449532e-09,8.9307073e-10
34.0,81.25,1.1180825e-09,2.6691043e-09,3.5325067e-09,7.683108e-09,2.587398e-08,2.4888944e-08,3.2992475e-08,2.2517803e-08,7.4124027e-09,2.099771e-09,8.142175e-10
34.5,72.5,1.0642614e-08,1.4356311e-08,1.8807192e-08,1.6125492e-08,1.1173993e-08,1.9163235e-08,4.247399e-08,3.1237725e-08,1.5883794e-08,1.230269e-08,3.7564933e-09
34.5,73.125,6.925758e-09,1.1371381e-08,1.4862097e-08,1.6643542e-08,1.0993004e-08,2.0038472e-08,3.9545768e-08,2.2739714e-08,1.4761977e-08,1.0287823e-08,3.8246677e-09
34.5,73.75,5.190061e-09,8.8360395e-09,1.1407477e-08,1.5936545e-08,1.0016031e-08,1.8724677e-08,2.8360743e-08,1.5294155e-08,9.182816e-09,8.236794e-09,3.415577e-09
34.5,74.375,4.565399e-09,7.436562e-09,1.1403692e-08,1.4106612e-08,1.0127546e-08,1.8784279e-08,2.599688e-08,1.200976e-08,6.0212892e-09,7.0437283e-09,3.2824876e-09
34.5,75.0,3.401855e-09,5.851658e-09,8.664837e-09,1.0325433e-08,9.366739e-09,1.6683225e-08,1.7289787e-08,7.738846e-09,3.914311e-09,5.1621307e-09,2.66535e-09
34.5,75.625,2.787143e-09,4.831134e-09,6.321032e-09,7.167167e-09,8.52267e-09,1.362135e-08,1.1060336e-08,5.527188e-09,2.8729998e-09,4.1101385e-09,2.219349e-09
34.5,76.25,2.3983082e-09,4.3486392e-09,5.2718567e-09,5.4772196e-09,8.210419e-09,1.16175825e-08,9.624537e-09,5.3423976e-09,2.3720501e-09,3.448173e-09,2.1109752e-09
34.5,76.875,1.8623811e-09,3.728748e-09,4.6559085e-09,4.7789097e-09,7.902365e-09,7.942345e-09,1.0319743e-08,6.3570864e-09,2.229624e-09,2.7489258e-09,2.0425963e-09
34.5,77.5,1.6315198e-09,3.392137e-09,4.4420236e-09,4.922716e-09,8.57454e-09,6.383501e-09,1.1010343e-08,1.4548006e-08,1.8129446e-09,2.1745614e-09,1.7759892e-09
34.5,78.125,1.4490341e-09,3.1489529e-09,4.0574757e-09,5.0224873e-09,1.0374019e-08,7.644743e-09,1.1335443e-08,1.9536438e-08,1.6709472e-09,1.7798555e-09,1.4806574e-09
34.5,78.75,1.3458799e-09,2.9729794e-09,3.919878e-09,6.673766e-09,1.3647804e-08,1.2224518e-08,1.34612845e-08,2.471277e-08,2.0654158e-09,1.680231e-09,1.3515243e-09
34.5,79.375,1.3313151e-09,2.856664e-09,3.8854053e-09,7.970736e-09,1.629524e-08,1.6317381e-08,1.5136585e-08,2.647561e-08,3.0184248e-09,1.8091432e-09,1.2536095e-09
34.5,80.0,1.301454e-09,2.7003328e-09,3.798754e-09,7.767645e-09,1.9441448e-08,2.078469e-08,1.8875564e-08,2.604435e-08,4.359135e-09,1.8195573e-09,1.1552667e-09
34.5,80.625,1.2374519e-09,2.5820281e-09,3.6398637e-09,8.037584e-09,2.255098e-08,2.6813344e-08,2.9126378e-08,2.7121631e-08,6.42776e-09,1.8670665e-09,1.0534033e-09
34.5,81.25,1.2409267e-09,2.4886129e-09,3.6868275e-09,8.780444e-09,2.5753486e-08,3.2786648e-08,3.673666e-08,2.7817528e-08,9.037479e-09,2.140975e-09,1.0042261e-09
35.0,72.5,6.333853e-09,1.1188102e-08,1.3967308e-08,1.32339055e-08,9.9700275e-09,1.3352595e-08,2.9408834e-08,1.9919137e-08,1.40640966e-08,1.3726446e-08,2.942314e-09
35.0,73.125,5.540583e-09,8.612005e-09,1.0597784e-08,1.21478285e-08,9.83972e-09,1.323906e-08,2.8280768e-08,1.508741e-08,9.001402e-09,7.0731585e-09,3.036007e-09
35.0,73.75,4.1032733e-09,6.449227e-09,7.044777e-09,1.0683082e-08,7.959238e-09,1.2207056e-08,1.4565528e-08,9.528504e-09,5.9137637e-09,5.9922867e-09,2.6050315e-09
35.0,74.375,3.797023e-09,5.819919e-09,7.685018e-09,1.0631385e-08,7.890864e-09,1.2744234e-08,1.4976443e-08,8.546771e-09,4.1647588e-09,5.4484306e-09,2.6584757e-09
35.0,75.0,3.1358132e-09,5.2105578e-09,7.315462e-09,8.309341e-09,8.004609e-09,1.14224346e-08,1.3776468e-08,7.0578694e-09,3.080655e-09,4.555864e-09,2.4945697e-09
35.0,75.625,2.7056588e-09,4.738342e-09,6.6345143e-09,6.49693e-09,8.13009e-09,1.0643225e-08,1.2370389e-08,6.6138712e-09,2.9216733e-09,4.0690793e-09,2.4120974e-09
35.0,76.25,2.1096682e-09,4.0068966e-09,6.030713e-09,5.7261635e-09,9.059828e-09,9.601823e-09,1.2618007e-08,9.503897e-09,3.0365002e-09,3.4356529e-09,2.3567301e-09
35.0,76.875,1.6839258e-09,3.4534102e-09,4.971181e-09,5.0671587e-09,9.286263e-09,6.8964594e-09,1.22526025e-08,1.6530667e-08,2.5057538e-09,2.7019769e-09,2.0447903e-09
35.0,77.5,1.4833712e-09,3.2267147e-09,4.4322905e-09,5.5479026e-09,1.0007904e-08,7.02067e-09,1.2595328e-08,2.355822e-08,2.1645075e-09,2.3116642e-09,1.8043541e-09
35.0,78.125,1.3674326e-09,3.1249396e-09,4.1430126e-09,6.2254304e-09,1.2149807e-08,9.85605e-09,1.2856089e-08,2.4934698e-08,1.8699982e-09,1.9141673e-09,1.517867e-09
35.0,78.75,1.3383508e-09,3.0188816e-09,4.0332715e-09,7.720973e-09,1.4708686e-08,1.586133e-08,1.4640943e-08,2.8213995e-08,2.5432723e-09,1.9669006e-09,1.4499278e-09
35.0,79.375,1.4125919e-09,3.0111627e-09,4.0397112e-09,8.7722585e-09,1.8815744e-08,2.4202413e-08,1.9363803e-08,3.2531233e-08,4.980158e-09,2.287895e-09,1.4355995e-09
35.0,80.0,1.4139984e-09,2.7975704e-09,4.000427e-09,8.9791685e-09,2.4702933e-08,3.0432634e-08,2.7240862e-08,3.210854e-08,6.9276975e-09,2.2026687e-09,1.3758722e-09
35.0,80.625,1.3539204e-09,2.4998128e-09,3.9059422e-09,9.551423e-09,2.4271245e-08,3.0859336e-08,3.149982e-08,2.9945586e-08,7.092648e-09,2.1097304e-09,1.2324374e-09
35.0,81.25,1.3654577e-09,2.3536744e-09,3.973465e-09,9.817723e-09,2.5237716e-08,3.328414e-08,3.6075768e-08,2.8903415e-08,8.706891e-09,2.3101694e-09,1.161618e-09
35.5,72.5,3.3160616e-09,7.238653e-09,7.799658e-09,9.090672e-09,8.689533e-09,1.0090934e-08,1.6006403e-08,1.312087e-08,1.1115458e-08,6.8306134e-09,1.955298e-09
35.5,73.125,3.8710737e-09,7.50221e-09,8.644597e-09,7.207933e-09,8.538366e-09,8.7025e-09,1.6975102e-08,1.1061113e-08,7.1090955e-09,5.2168616e-09,2.0283475e-09
35.5,73.75,4.099958e-09,6.883777e-09,8.052871e-09,8.0376275e-09,8.320292e-09,1.0063377e-08,1.8497538e-08,1.2374321e-08,7.0914665e-09,5.890291e-09,2.3562052e-09
35.5,74.375,3.4138763e-09,5.834989e-09,7.795367e-09,8.316096e-09,7.898462e-09,1.0446774e-08,1.6956326e-08,1.1915305e-08,5.5726566e-09,5.206344e-09,2.3552578e-09
35.5,75.0,2.6878209e-09,5.0079993e-09,7.338478e-09,7.1193824e-09,8.085525e-09,8.547492e-09,1.4514156e-08,1.0385417e-08,3.8504564e-09,4.168867e-09,2.3597844e-09
35.5,75.625,2.2556201e-09,4.419917e-09,7.1751356e-09,6.3461965e-09,8.9244905e-09,7.95003e-09,1.4018291e-08,1.34960505e-08,3.4839627e-09,3.803492e-09,2.343889e-09
35.5,76.25,1.814277e-09,3.5904775e-09,6.049284e-09,5.7059273e-09,9.223685e-09,7.285932e-09,1.3589303e-08,2.207896e-08,3.0810925e-09,3.1525653e-09,2.1045972e-09
35.5,76.875,1.5579827e-09,3.0984486e-09,4.8465507e-09,5.1577143e-09,9.613858e-09,7.269985e-09,1.2622202e-08,2.4317822e-08,2.392017e-09,2.514078e-09,1.8318151e-09
35.5,77.5,1.4003725e-09,2.897264e-09,4.2878128e-09,6.116534e-09,1.1415962e-08,9.338449e-09,1.3324413e-08,2.4601318e-08,2.204417e-09,2.2416184e-09,1.6994742e-09
35.5,78.125,1.3979777e-09,3.0186031e-09,4.2123394e-09,7.814333e-09,1.5074493e-08,1.3583273e-08,1.5174193e-08,3.128771e-08,2.6962739e-09,2.252085e-09,1.596652e-09
35.5,78.75,1.420418e-09,2.9737066e-09,4.216359e-09,8.8853085e-09,1.9184295e-08,2.0517382e-08,1.9430386e-08,3.5264762e-08,5.2232734e-09,2.5879379e-09,1.5260715e-09
35.5,79.375,1.4671782e-09,3.0096945e-09,4.2519686e-09,1.01315285e-08,2.648214e-08,2.96451e-08,2.8095846e-08,3.7398905e-08,8.400912e-09,2.9662064e-09,1.5927829e-09
35.5,80.0,1.4422844e-09,2.7991014e-09,4.2092663e-09,1.0938175e-08,2.9049291e-08,3.3272286e-08,3.1788247e-08,3.3829593e-08,7.575887e-09,2.8689406e-09,1.5918847e-09
35.5,80.625,1.423042e-09,2.5121851e-09,4.1617305e-09,1.0884045e-08,2.8392664e-08,3.3130405e-08,3.5493528e-08,3.2070307e-08,8.426103e-09,2.733799e-09,1.4475632e-09
35.5,81.25,1.4584646e-09,2.3889664e-09,4.3191464e-09,1.2778203e-08,3.1239793e-08,3.5124412e-08,4.2041364e-08,3.3012483e-08,1.3684587e-08,3.5198233e-09,1.412415e-09
36.0,72.5,2.6280802e-09,5.7182596e-09,5.6547758e-09,6.5260184e-09,8.413523e-09,9.443556e-09,1.4557665e-08,1.5618518e-08,7.948726e-09,5.3969784e-09,1.6368873e-09
36.0,73.125,2.6147533e-09,5.679826e-09,6.259502e-09,6.083549e-09,7.1915434e-09,6.5046075e-09,1.1819323e-08,9.78408e-09,5.5131295e-09,4.35136e-09,1.661861e-09
36.0,73.75,2.954875e-09,5.610571e-09,7.1291257e-09,6.3499765e-09,7.265396e-09,6.8737185e-09,1.2829567e-08,1.0240895e-08,5.405413e-09,4.2412234e-09,1.959082e-09
36.0,74.375,2.5972309e-09,5.2832e-09,7.868398e-09,6.995615e-09,7.1398416e-09,7.428389e-09,1.385335e-08,1.2418344e-08,5.4245732e-09,4.1152948e-09,1.9380346e-09
36.0,75.0,2.1596063e-09,4.4896815e-09,6.9286332e-09,6.5767893e-09,7.461612e-09,7.227239e-09,1.4382456e-08,1.7176903e-08,3.9600265e-09,3.6807288e-09,1.9677373e-09
36.0,75.625,1.9063302e-09,3.945051e-09,5.795623e-09,6.023417e-09,8.268437e-09,7.536399e-09,1.3879197e-08,2.4306562e-08,3.0965892e-09,3.2136922e-09,1.8870197e-09
36.0,76.25,1.6820976e-09,3.505318e-09,5.398027e-09,6.2128036e-09,1.0463971e-08,8.184437e-09,1.3804846e-08,2.8512e-08,2.9738896e-09,2.853624e-09,1.7796538e-09
36.0,76.875,1.485247e-09,3.031781e-09,4.7982742e-09,5.9666947e-09,1.1472586e-08,8.411098e-09,1.3811469e-08,2.8933103e-08,2.5134586e-09,2.3953963e-09,1.6999783e-09
36.0,77.5,1.4051583e-09,2.9313878e-09,4.505798e-09,7.0949984e-09,1.3911338e-08,1.1224438e-08,1.6501879e-08,3.3034688e-08,3.2539564e-09,2.3617377e-09,1.7362595e-09
36.0,78.125,1.4967312e-09,3.0062624e-09,4.4941655e-09,1.0101758e-08,2.0619623e-08,1.84856e-08,2.083004e-08,3.9994603e-08,5.1227063e-09,3.317778e-09,1.7746307e-09
36.0,78.75,1.5148129e-09,3.0386866e-09,4.547855e-09,1.1255057e-08,2.972302e-08,2.721002e-08,3.0961548e-08,4.53928e-08,1.0587318e-08,4.277207e-09,1.8621525e-09
36.0,79.375,1.508617e-09,2.9204423e-09,4.4895665e-09,1.4024711e-08,3.9739813e-08,3.549867e-08,4.1867473e-08,4.9365024e-08,1.987258e-08,5.3621387e-09,2.034983e-09
36.0,80.0,1.6542205e-09,3.2880312e-09,5.1022213e-09,1.9366992e-08,4.8285425e-08,4.652999e-08,5.0314185e-08,5.7047323e-08,2.9490456e-08,8.962498e-09,2.9718044e-09
36.0,80.625,1.9884379e-09,5.3770974e-09,6.949082e-09,2.8070524e-08,5.4332332e-08,5.3469495e-08,5.91364e-08,6.104687e-08,4.0796035e-08,1.249078e-08,4.674644e-09
36.0,81.25,1.9851776e-09,6.0195418e-09,8.143843e-09,3.250546e-08,5.395868e-08,5.2964605e-08,6.174448e-08,5.7511457e-08,4.2848736e-08,1.3842979e-08,4.849236e-09
36.5,72.5,2.313329e-09,4.8662203e-09,5.55801e-09,6.1793797e-09,9.751719e-09,1.0033879e-08,1.5193784e-08,1.8957156e-08,8.609914e-09,4.8763584e-09,1.6734442e-09
36.5,73.125,2.1551283e-09,4.8337605e-09,5.883976e-09,5.9248957e-09,7.333366e-09,6.985162e-09,1.1162287e-08,1.1833817e-08,5.7008758e-09,3.8479953e-09,1.5780908e-09
36.5,73.75,2.3379625e-09,5.032681e-09,6.479079e-09,5.9162857e-09,7.0490827e-09,6.0953274e-09,1.0967788e-08,1.2491572e-08,4.6172204e-09,3.6161216e-09,1.572505e-09
36.5,74.375,2.2701465e-09,4.959702e-09,6.975487e-09,6.027805e-09,7.1330204e-09,6.886739e-09,1.3103295e-08,1.7985991e-08,4.6392783e-09,3.6149994e-09,1.659464e-09
36.5,75.0,1.9768969e-09,4.4884545e-09,6.363067e-09,6.552345e-09,7.536631e-09,7.9911695e-09,1.4827199e-08,2.6200881e-08,4.409635e-09,3.3889094e-09,1.6313871e-09
36.5,75.625,1.7728216e-09,4.0135255e-09,5.3593294e-09,7.08081e-09,1.0245502e-08,9.867199e-09,1.6537372e-08,3.4100605e-08,4.9000906e-09,3.3612284e-09,1.574449e-09
36.5,76.25,1.666429e-09,3.8118215e-09,5.41142e-09,9.171383e-09,1.7772333e-08,1.30880835e-08,2.0316616e-08,4.4897412e-08,9.2852925e-09,4.1273824e-09,1.8388202e-09
36.5,76.875,1.5616812e-09,3.5831935e-09,5.1964566e-09,1.1749762e-08,2.3911525e-08,1.5934498e-08,2.2197128e-08,4.7759737e-08,1.1024622e-08,4.3877177e-09,1.9782684e-09
36.5,77.5,1.4975362e-09,3.5520669e-09,4.7811843e-09,1.3788607e-08,2.6718784e-08,1.8668562e-08,2.5963228e-08,4.8030298e-08,1.1325695e-08,4.4738413e-09,2.0307804e-09
36.5,78.125,1.7370212e-09,4.7445967e-09,5.458626e-09,2.2771383e-08,3.9511267e-08,2.8676974e-08,4.1705437e-08,6.056824e-08,2.1347736e-08,7.788282e-09,2.8568707e-09
36.5,78.75,2.4823925e-09,9.647218e-09,7.7159035e-09,3.8898392e-08,5.228251e-08,4.0807997e-08,5.4415008e-08,6.9827486e-08,4.619836e-08,1.394361e-08,5.2292912e-09
36.5,79.375,3.6166057e-09,1.9599243e-08,1.1273172e-08,5.683284e-08,6.252688e-08,5.3969295e-08,6.354634e-08,7.990668e-08,6.488156e-08,2.0053243e-08,9.773855e-09
36.5,80.0,5.514655e-09,2.9242528e-08,1.6077108e-08,6.5037696e-08,7.241197e-08,6.8224594e-08,6.7579215e-08,8.889002e-08,7.4025834e-08,2.6172705e-08,1.5381723e-08
36.5,80.625,1.3210998e-08,5.2271403e-08,2.7011406e-08,8.199568e-08,8.179068e-08,7.473524e-08,7.6110275e-08,1.09168234e-07,1.05001526e-07,3.3960355e-08,2.4622175e-08
36.5,81.25,2.364968e-08,6.9074524e-08,3.9793854e-08,9.7140585e-08,8.755488e-08,7.660068e-08,8.4698954e-08,1.11685125e-07,1.0821265e-07,3.9109974e-08,3.387298e-08
37.0,72.5,2.2793185e-09,4.111669e-09,5.4014375e-09,6.3060117e-09,1.1368904e-08,1.0157199e-08,1.6170171e-08,2.1310811e-08,9.420986e-09,5.592116e-09,1.9954334e-09
37.0,73.125,1.9605717e-09,3.902861e-09,5.356909e-09,5.355408e-09,8.7119325e-09,7.550284e-09,1.3502593e-08,1.6087993e-08,6.494853e-09,4.1981614e-09,1.6183492e-09
37.0,73.75,2.0560704e-09,4.2145163e-09,5.5825518e-09,5.3235527e-09,7.749144e-09,6.8175114e-09,1.3829277e-08,2.015945e-08,5.0553544e-09,3.5192715e-09,1.4832987e-09
37.0,74.375,2.068334e-09,4.3404302e-09,5.75361e-09,6.3244214e-09,7.2619044e-09,7.8711615e-09,1.5845833e-08,2.8250284e-08,5.239472e-09,3.400927e-09,1.5040844e-09
37.0,75.0,1.9096016e-09,4.359553e-09,5.706192e-09,9.024727e-09,8.356966e-09,9.596306e-09,1.8872955e-08,3.851622e-08,7.3800965e-09,4.083272e-09,1.5141874e-09
37.0,75.625,1.77932e-09,4.2653223e-09,5.386981e-09,1.3858001e-08,1.6698454e-08,1.3659094e-08,2.3195959e-08,5.3595056e-08,1.438832e-08,5.738574e-09,1.5297891e-09
37.0,76.25,1.8319717e-09,5.4844236e-09,6.674415e-09,2.2229445e-08,3.4053727e-08,1.959946e-08,3.1366714e-08,6.6235216e-08,3.1159168e-08,8.0413045e-09,2.3550304e-09
37.0,76.875,3.4443812e-09,1.3151391e-08,1.07949685e-08,4.370025e-08,5.4165984e-08,2.9305982e-08,3.946972e-08,7.7927034e-08,5.7571256e-08,1.4140527e-08,5.550146e-09
37.0,77.5,4.3426907e-09,1.8509436e-08,1.1866794e-08,5.717205e-08,5.8670622e-08,3.681004e-08,4.4239346e-08,7.965953e-08,5.629087e-08,1.6025377e-08,7.254827e-09
37.0,78.125,6.3193597e-09,3.350116e-08,1.5728508e-08,7.003349e-08,6.796038e-08,4.636919e-08,5.453964e-08,8.504245e-08,6.321146e-08,2.2067494e-08,1.2098493e-08
37.0,78.75,1.2190427e-08,5.6584323e-08,2.3726312e-08,8.8120636e-08,8.266262e-08,5.5586618e-08,6.5624796e-08,9.408987e-08,9.2700795e-08,3.104798e-08,2.0379048e-08
37.0,79.375,2.2689957e-08,7.872837e-08,3.506108e-08,1.0391686e-07,9.643648e-08,6.30908e-08,7.5382914e-08,1.0792428e-07,1.1134653e-07,3.9811987e-08,2.9429673e-08
37.0,80.0,3.1223834e-08,8.8522874e-08,4.4825295e-08,1.12008514e-07,1.10327456e-07,7.24666e-08,8.348199e-08,1.17599896e-07,1.08364716e-07,4.607547e-08,3.5405417e-08
37.0,80.625,4.5152834e-08,9.9670395e-08,6.156939e-08,1.3277362e-07,1.2900226e-07,8.576293e-08,8.9359084e-08,1.3272943e-07,1.2130525e-07,5.6333633e-08,4.5558046e-08
37.0,81.25,5.975814e-08,1.1053414e-07,7.908004e-08,1.5082308e-07,1.3881213e-07,9.8975576e-08,9.4107236e-08,1.3821668e-07,1.3084646e-07,6.339941e-08,5.644288e-08
