lat,lon,2011-01,2011-02,2011-03,2011-04,2011-05,2011-06,2011-07,2011-08,2011-09,2011-10,2011-11,2011-12
29.0,72.5,1.4738513e-08,4.8466933e-09,2.495036e-09,3.3191123e-09,2.5598383e-09,2.460945e-09,4.2993515e-09,2.8632452e-09,3.6802503e-09,5.985918e-09,1.8810846e-08,2.3967361e-08
29.0,73.125,1.48043044e-08,4.8919e-09,2.5160791e-09,3.2964431e-09,2.5361035e-09,2.4327507e-09,4.599155e-09,2.7203226e-09,3.5055212e-09,5.9584573e-09,2.0299264e-08,2.4422931e-08
29.0,73.75,1.4980804e-08,5.2412092e-09,2.5633509e-09,3.3703018e-09,2.6103886e-09,2.5670601e-09,4.772964e-09,2.9670963e-09,3.3418122e-09,6.814145e-09,2.0394065e-08,2.8353472e-08
29.0,74.375,1.6352734e-08,5.5034826e-09,2.7513924e-09,3.6917627e-09,2.6011324e-09,2.9097502e-09,4.8853304e-09,3.3202223e-09,3.2970044e-09,8.168617e-09,2.015317e-08,3.1500267e-08
29.0,75.0,1.7602146e-08,6.0452976e-09,3.1656233e-09,4.209447e-09,2.5464673e-09,3.5224352e-09,5.036776e-09,3.5846506e-09,3.4308367e-09,9.576955e-09,2.0978446e-08,3.0936498e-08
29.0,75.625,1.7652255e-08,6.751979e-09,3.537911e-09,4.4969837e-09,2.62142e-09,4.1288217e-09,5.3024216e-09,4.087623e-09,3.8162957e-09,1.06083515e-08,2.4067695e-08,2.9773751e-08
29.0,76.25,1.7633537e-08,7.416779e-09,3.9740873e-09,4.8230073e-09,2.8713403e-09,5.122687e-09,6.1488237e-09,4.7450044e-09,4.3935824e-09,1.0864843e-08,2.7662745e-08,2.8271149e-08
29.0,76.875,1.8174893e-08,9.0688115e-09,5.0548237e-09,5.9534333e-09,3.7380006e-09,6.040731e-09,9.403333e-09,5.017589e-09,5.264469e-09,1.165917e-08,2.8728431e-08,2.675024e-08
29.0,77.5,1.5804337e-08,1.0254695e-08,4.950261e-09,5.464792e-09,4.3192707e-09,5.7451452e-09,6.3382775e-09,4.5993387e-09,5.302334e-09,1.08946665e-08,2.5161697e-08,2.336645e-08
29.0,78.125,1.2353495e-08,9.701479e-09,4.4220205e-09,4.803506e-09,4.69187e-09,5.1386184e-09,5.308524e-09,4.146645e-09,4.9863607e-09,9.493428e-09,2.194439e-08,1.7518985e-08
29.0,78.75,9.788691e-09,8.132763e-09,3.6648955e-09,4.6183484e-09,4.9437707e-09,4.6068673e-09,4.847278e-09,3.8106602e-09,4.9421893e-09,7.970817e-09,1.7555045e-08,1.0845737e-08
29.0,79.375,6.2612298e-09,6.1909793e-09,3.232519e-09,4.689757e-09,5.098458e-09,4.4727395e-09,4.723213e-09,3.5583558e-09,4.720667e-09,7.2780164e-09,1.3785918e-08,6.353691e-09
29.0,80.0,4.4564183e-09,5.016257e-09,3.1799083e-09,4.590476e-09,5.4560068e-09,4.4444315e-09,4.9271742e-09,3.1833947e-09,4.640169e-09,7.0703e-09,1.2205474e-08,4.975605e-09
29.0,80.625,3.6048526e-09,3.6965542e-09,2.6632834e-09,4.303828e-09,5.495438e-09,4.198785e-09,3.966975e-09,2.3830724e-09,4.245653e-09,5.8395333e-09,8.081734e-09,2.6040534e-09
29.0,81.25,2.9230818e-09,2.8608185e-09,2.1559632e-09,4.272604e-09,5.113934e-09,3.6481576e-09,2.0222684e-09,1.5253162e-09,2.7408522e-09,4.3229105e-09,5.5352483e-09,1.1766941e-09
29.5,72.5,1.5499745e-08,4.9651714e-09,2.604953e-09,3.3401824e-09,2.8220808e-09,2.994864e-09,4.8353375e-09,3.3819065e-09,3.887494e-09,6.1289724e-09,2.3246953e-08,2.6845647e-08
29.5,73.125,1.5347126e-08,4.8840314e-09,2.6061338e-09,3.352468e-09,2.7413412e-09,3.0116896e-09,5.0274607e-09,3.0438312e-09,3.7006609e-09,6.164267e-09,2.4032044e-08,2.6872522e-08
29.5,73.75,1.5207885e-08,5.093621e-09,2.6545204e-09,3.4797973e-09,2.8108296e-09,3.2969374e-09,5.057063e-09,3.3053844e-09,3.550814e-09,7.1294317e-09,2.4339544e-08,2.8582196e-08
29.5,74.375,1.6145545e-08,5.4392415e-09,2.9165355e-09,3.8832417e-09,2.858798e-09,3.820882e-09,5.1003965e-09,3.5639303e-09,3.5550736e-09,8.622191e-09,2.4452776e-08,3.1773585e-08
29.5,75.0,1.6547776e-08,6.230912e-09,3.3991507e-09,4.3806594e-09,2.8929041e-09,4.423445e-09,5.317267e-09,3.880053e-09,3.8958006e-09,9.913219e-09,2.5046736e-08,3.156704e-08
29.5,75.625,1.5557426e-08,6.959076e-09,3.876863e-09,4.5922532e-09,3.0123266e-09,4.994858e-09,5.716007e-09,4.494468e-09,4.6890314e-09,1.0253194e-08,2.7290216e-08,2.9150954e-08
29.5,76.25,1.4765988e-08,7.944839e-09,4.300757e-09,4.880002e-09,3.1815808e-09,5.7230145e-09,6.6707124e-09,5.055538e-09,5.4133835e-09,9.810607e-09,2.7477693e-08,2.5276975e-08
29.5,76.875,1.3503874e-08,9.292742e-09,4.9499236e-09,5.5223937e-09,4.3411865e-09,6.519065e-09,1.2422459e-08,5.572014e-09,6.127428e-09,9.593121e-09,2.3680917e-08,2.059912e-08
29.5,77.5,9.951329e-09,8.429031e-09,4.2464294e-09,4.7332707e-09,4.171331e-09,5.295461e-09,6.5279218e-09,4.3360253e-09,5.1320614e-09,7.925635e-09,1.8815665e-08,1.5365185e-08
29.5,78.125,7.870434e-09,8.28408e-09,3.5105454e-09,4.4423385e-09,4.166358e-09,4.9854294e-09,5.588003e-09,3.834248e-09,5.4489298e-09,7.160985e-09,1.619141e-08,1.0872897e-08
29.5,78.75,5.43312e-09,7.961579e-09,2.9746698e-09,4.326734e-09,4.198403e-09,4.8943285e-09,6.3896053e-09,3.7895145e-09,5.4076157e-09,6.160658e-09,1.29621585e-08,7.6030355e-09
29.5,79.375,3.220118e-09,5.1041393e-09,2.56639e-09,4.297628e-09,4.1687196e-09,4.5599906e-09,4.6693214e-09,2.7631935e-09,3.922547e-09,5.187323e-09,9.151103e-09,4.703448e-09
29.5,80.0,2.028029e-09,3.4424386e-09,2.450392e-09,3.961022e-09,4.4986463e-09,4.147133e-09,2.421102e-09,1.8845336e-09,2.7053555e-09,4.2850896e-09,6.0195764e-09,2.175344e-09
29.5,80.625,1.6682286e-09,2.1599091e-09,2.3099465e-09,3.6786736e-09,4.528249e-09,3.7501082e-09,1.4097219e-09,1.3723469e-09,1.502884e-09,3.0903802e-09,3.4514995e-09,9.418454e-10
29.5,81.25,1.4800181e-09,1.7710647e-09,1.7124241e-09,3.597213e-09,4.7607496e-09,2.4398077e-09,5.709339e-10,6.769997e-10,7.053254e-10,2.1790758e-09,2.4141558e-09,4.1878284e-10
30.0,72.5,1.6262664e-08,4.9451296e-09,2.716773e-09,3.375865e-09,3.1276564e-09,3.675393e-09,5.2657336e-09,4.021912e-09,4.132648e-09,6.622858e-09,2.5730987e-08,2.7685434e-08
30.0,73.125,1.5518845e-08,4.7499946e-09,2.6915015e-09,3.4125933e-09,3.0191771e-09,3.801616e-09,5.321242e-09,3.6077987e-09,4.0327706e-09,6.859781e-09,2.5540682e-08,2.675693e-08
30.0,73.75,1.5500245e-08,4.8889524e-09,2.8182954e-09,3.570042e-09,3.059899e-09,4.1865746e-09,5.3806235e-09,3.7629335e-09,3.933802e-09,7.816261e-09,2.5821443e-08,2.7410826e-08
30.0,74.375,1.5944751e-08,5.414202e-09,3.122866e-09,4.0315347e-09,3.1943135e-09,4.5833874e-09,5.6148477e-09,3.8941135e-09,4.059631e-09,8.989685e-09,2.6260972e-08,2.93636e-08
30.0,75.0,1.521927e-08,6.4995214e-09,3.5450916e-09,4.5308246e-09,3.3583747e-09,4.9874456e-09,5.8612915e-09,4.323028e-09,4.584561e-09,9.6208455e-09,2.6566926e-08,2.9322056e-08
30.0,75.625,1.3197081e-08,7.153253e-09,3.898357e-09,4.77729e-09,3.386393e-09,5.25226e-09,6.0619376e-09,4.741572e-09,5.181993e-09,9.183496e-09,2.6096899e-08,2.663711e-08
30.0,76.25,1.0985219e-08,7.558011e-09,4.120604e-09,4.651886e-09,3.3661347e-09,5.392019e-09,6.8218204e-09,4.8938094e-09,5.562859e-09,7.608897e-09,2.2646821e-08,2.0343641e-08
30.0,76.875,7.578926e-09,7.40239e-09,3.576044e-09,4.066861e-09,3.7817447e-09,5.4409197e-09,7.937404e-09,5.0889915e-09,5.4067746e-09,5.533547e-09,1.5045932e-08,1.2018537e-08
30.0,77.5,5.2167923e-09,6.505137e-09,3.0084129e-09,3.9673433e-09,3.6811794e-09,5.1880646e-09,6.4220536e-09,4.599808e-09,4.9125704e-09,5.017438e-09,1.0029008e-08,8.034716e-09
30.0,78.125,4.420178e-09,9.627472e-09,2.6179572e-09,4.024486e-09,3.5738223e-09,5.5227587e-09,6.619766e-09,3.974186e-09,5.3192206e-09,5.5547296e-09,9.617856e-09,6.695734e-09
30.0,78.75,3.0675098e-09,4.265585e-09,2.3381115e-09,3.8584504e-09,3.5412933e-09,5.306572e-09,6.0033116e-09,3.1835818e-09,4.6628874e-09,4.614576e-09,7.891119e-09,4.853296e-09
30.0,79.375,1.9545086e-09,2.8580833e-09,2.0389226e-09,3.952528e-09,3.728554e-09,4.4363446e-09,2.47397e-09,1.7601272e-09,2.7886766e-09,3.1011107e-09,4.5554187e-09,2.3134992e-09
30.0,80.0,1.1352682e-09,1.9982536e-09,1.8701747e-09,3.4652625e-09,3.8162686e-09,3.5402177e-09,1.1349811e-09,9.783322e-10,1.1545741e-09,1.694405e-09,1.2730105e-09,6.8010714e-10
30.0,80.625,8.6064855e-10,1.0429906e-09,1.8565285e-09,2.6572617e-09,3.1734024e-09,1.8082716e-09,5.8286004e-10,8.2746515e-10,6.4292177e-10,1.2297604e-09,9.418106e-10,4.407615e-10
30.0,81.25,7.0905903e-10,5.318948e-10,1.2760958e-09,2.1075877e-09,2.530111e-09,8.038427e-10,3.2299302e-10,4.216508e-10,4.2596418e-10,1.0099835e-09,8.195614e-10,3.5591904e-10
30.5,72.5,1.6443185e-08,5.0810343e-09,2.7502849e-09,3.471195e-09,3.3935956e-09,4.528575e-09,5.9174012e-09,4.5961994e-09,4.419427e-09,7.532587e-09,2.445696e-08,2.7330438e-08
30.5,73.125,1.5450016e-08,4.696789e-09,2.78416e-09,3.4558396e-09,3.294006e-09,4.578173e-09,5.6474283e-09,4.2584247e-09,4.441073e-09,7.595988e-09,2.4133588e-08,2.5096485e-08
30.5,73.75,1.527064e-08,4.7477533e-09,2.9354734e-09,3.6134096e-09,3.3704621e-09,4.7220547e-09,5.656435e-09,4.2825263e-09,4.435707e-09,8.011245e-09,2.4504805e-08,2.467706e-08
30.5,74.375,1.5067853e-08,5.4403335e-09,3.2866778e-09,4.212418e-09,3.5692749e-09,4.9214464e-09,5.9905862e-09,4.474694e-09,4.5767394e-09,8.616059e-09,2.4883422e-08,2.5234375e-08
30.5,75.0,1.3317779e-08,6.715299e-09,3.563399e-09,4.776456e-09,3.750851e-09,5.228401e-09,6.255044e-09,4.7660107e-09,5.0102953e-09,8.782584e-09,2.467154e-08,2.4175959e-08
30.5,75.625,1.0476576e-08,7.489344e-09,3.7030283e-09,4.9400137e-09,3.7322505e-09,5.3844094e-09,6.377826e-09,4.8427604e-09,5.2936637e-09,7.967296e-09,2.1973433e-08,2.0627756e-08
30.5,76.25,7.4233735e-09,6.9802706e-09,3.6140446e-09,4.4176987e-09,3.739908e-09,5.434765e-09,7.4270305e-09,4.9215783e-09,5.426935e-09,6.026816e-09,1.5972223e-08,1.2938477e-08
30.5,76.875,4.2905457e-09,5.873066e-09,2.9148706e-09,3.636814e-09,3.884334e-09,5.426383e-09,6.6647714e-09,5.5528706e-09,5.460935e-09,4.59156e-09,9.418646e-09,6.4964083e-09
30.5,77.5,2.6075642e-09,5.0072555e-09,2.1528423e-09,3.479047e-09,3.6067473e-09,5.8614544e-09,6.3419154e-09,5.623261e-09,4.959432e-09,3.4952081e-09,4.520941e-09,3.7099879e-09
30.5,78.125,2.0599016e-09,3.791935e-09,1.5795214e-09,3.4048702e-09,3.9534447e-09,4.7396687e-09,4.6573625e-09,3.1881549e-09,3.7474015e-09,3.1920309e-09,2.8221263e-09,2.1109128e-09
30.5,78.75,1.2144328e-09,2.3186248e-09,1.2667286e-09,2.8084879e-09,3.4594312e-09,3.444067e-09,2.7722513e-09,1.7746443e-09,1.9882758e-09,2.0826454e-09,1.0593455e-09,8.375891e-10
30.5,79.375,7.774848e-10,1.485306e-09,1.0971178e-09,2.4978917e-09,3.1123308e-09,2.25848e-09,1.6446694e-09,8.7903035e-10,1.0174072e-09,1.1756446e-09,5.692785e-10,5.4326166e-10
30.5,80.0,5.645218e-10,7.885392e-10,8.359082e-10,2.162345e-09,2.4864883e-09,9.846948e-10,4.2628484e-10,3.8357395e-10,4.9889193e-10,9.1671637e-10,4.9618876e-10,4.1079679e-10
30.5,80.625,5.3901567e-10,6.9827283e-10,8.0445955e-10,1.9856492e-09,1.7837606e-09,7.586247e-10,4.241257e-10,4.5711468e-10,5.098646e-10,9.079427e-10,6.028644e-10,3.3646028e-10
30.5,81.25,5.4966004e-10,5.585304e-10,7.8084844e-10,1.6068635e-09,1.5598012e-09,8.618514e-10,5.063699e-10,5.0364835e-10,4.752877e-10,7.8662193e-10,6.1483096e-10,3.334659e-10
31.0,72.5,1.5048444e-08,5.1391282e-09,2.746394e-09,3.4617438e-09,3.6543126e-09,5.250168e-09,6.7739254e-09,5.2605413e-09,4.6115125e-09,7.798659e-09,2.0987478e-08,2.5598291e-08
31.0,73.125,1.3923502e-08,5.0912172e-09,2.8522693e-09,3.6227017e-09,3.6479315e-09,5.102436e-09,6.2351524e-09,4.9947486e-09,4.7110413e-09,7.598775e-09,2.0409283e-08,2.3010632e-08
31.0,73.75,1.3458721e-08,4.7518136e-09,3.0377036e-09,3.9433896e-09,3.6342889e-09,5.00321e-09,5.852783e-09,4.8172506e-09,4.776646e-09,7.58346e-09,2.1810404e-08,2.1321906e-08
31.0,74.375,1.2801714e-08,5.3331104e-09,3.4596506e-09,4.561679e-09,3.8337618e-09,5.1055586e-09,5.999769e-09,4.8516795e-09,4.8039617e-09,7.801181e-09,2.2595769e-08,2.1001881e-08
31.0,75.0,1.0956643e-08,6.68665e-09,3.5778922e-09,4.9697544e-09,3.988933e-09,5.431976e-09,6.3193246e-09,4.834326e-09,4.9978355e-09,7.7812015e-09,2.0950978e-08,1.985885e-08
31.0,75.625,8.401901e-09,7.619499e-09,3.3938075e-09,5.073482e-09,4.0084873e-09,5.611859e-09,6.6734995e-09,4.8761475e-09,5.1469016e-09,6.715538e-09,1.6567213e-08,1.5772404e-08
31.0,76.25,5.6266667e-09,6.5200663e-09,3.064706e-09,4.6012345e-09,4.0728416e-09,5.8773404e-09,7.653157e-09,5.4392424e-09,5.6428187e-09,5.462049e-09,1.1904719e-08,8.930539e-09
31.0,76.875,3.325095e-09,4.965736e-09,2.3816957e-09,3.6049477e-09,3.617852e-09,5.938269e-09,6.7686003e-09,5.661042e-09,5.4852034e-09,4.3971333e-09,8.124071e-09,5.072484e-09
31.0,77.5,1.9152315e-09,3.217633e-09,1.7242062e-09,3.310997e-09,3.5757146e-09,6.4694823e-09,4.502081e-09,3.770019e-09,3.702535e-09,2.4058828e-09,2.5460187e-09,1.9714448e-09
31.0,78.125,1.4445396e-09,2.3730033e-09,1.1255625e-09,2.2910631e-09,4.652182e-09,3.3421999e-09,1.7189684e-09,1.7717086e-09,1.4780397e-09,1.2500296e-09,6.6790656e-10,9.182389e-10
31.0,78.75,6.879573e-10,9.344867e-10,8.2703466e-10,1.7803004e-09,2.568442e-09,1.278435e-09,4.2580717e-10,5.764102e-10,5.995427e-10,8.3121e-10,3.7661202e-10,5.3232985e-10
31.0,79.375,5.431322e-10,7.272244e-10,6.98464e-10,1.5519395e-09,1.5821096e-09,8.215675e-10,3.9606937e-10,3.9318462e-10,4.6257703e-10,7.570474e-10,3.2599365e-10,4.4990323e-10
31.0,80.0,5.1282456e-10,6.9365724e-10,6.860836e-10,1.5907313e-09,1.6392206e-09,8.483767e-10,5.8958316e-10,5.356301e-10,5.245084e-10,8.338528e-10,3.9389336e-10,3.8315576e-10
31.0,80.625,4.6421153e-10,7.0392725e-10,6.288345e-10,1.5794802e-09,1.5609565e-09,8.720728e-10,6.9793316e-10,8.6511015e-10,6.1210603e-10,8.663755e-10,4.614153e-10,3.2521352e-10
31.0,81.25,5.159537e-10,7.682897e-10,6.7371053e-10,1.3580409e-09,1.1856836e-09,8.288586e-10,7.920649e-10,8.098813e-10,5.9914e-10,7.6257256e-10,4.8273724e-10,3.6548067e-10
31.5,72.5,1.148305e-08,4.9984976e-09,2.6133435e-09,3.4558927e-09,3.9036316e-09,5.7846177e-09,7.742801e-09,6.165078e-09,5.109309e-09,6.97049e-09,1.7638424e-08,2.1580203e-08
31.5,73.125,1.0081328e-08,5.2915663e-09,2.7648992e-09,3.9289363e-09,3.9863073e-09,5.610631e-09,7.1114945e-09,5.7692273e-09,5.2044724e-09,6.9007524e-09,1.7722863e-08,1.9447056e-08
31.5,73.75,1.0159837e-08,4.8141464e-09,3.0875058e-09,4.2623416e-09,3.976816e-09,5.4143166e-09,6.3573182e-09,5.4902913e-09,5.164849e-09,6.8881953e-09,1.871691e-08,1.798987e-08
31.5,74.375,9.924308e-09,5.1244142e-09,3.6230368e-09,4.722417e-09,4.1554586e-09,5.482893e-09,6.2181362e-09,5.303896e-09,5.2996967e-09,6.996601e-09,1.9075419e-08,1.716968e-08
31.5,75.0,8.363087e-09,6.303233e-09,3.6827261e-09,5.0634172e-09,4.244912e-09,5.610419e-09,6.342267e-09,5.0449396e-09,5.4142326e-09,6.5268617e-09,1.6150695e-08,1.5696651e-08
31.5,75.625,6.5098886e-09,6.878001e-09,3.1189786e-09,5.0748388e-09,4.1968407e-09,5.6431153e-09,6.715072e-09,5.0025086e-09,5.153177e-09,5.283671e-09,1.19864225e-08,1.1932869e-08
31.5,76.25,4.0435886e-09,5.119493e-09,2.4764353e-09,4.302075e-09,3.962301e-09,5.993877e-09,6.9618826e-09,5.3045492e-09,4.8670956e-09,4.1116843e-09,7.710827e-09,5.746134e-09
31.5,76.875,2.3411537e-09,3.4919745e-09,2.0769069e-09,3.3797303e-09,3.3801293e-09,6.0615206e-09,6.247988e-09,5.689104e-09,4.27985e-09,2.9825757e-09,3.728271e-09,2.3966005e-09
31.5,77.5,1.431262e-09,1.6879431e-09,1.6594414e-09,2.6288456e-09,2.7621716e-09,3.909463e-09,2.9697582e-09,2.5887685e-09,2.131627e-09,1.6369783e-09,1.1530538e-09,1.2930534e-09
31.5,78.125,8.0687007e-10,7.928826e-10,1.0268897e-09,1.7245503e-09,1.9464483e-09,1.5160576e-09,6.845722e-10,5.7864225e-10,8.790029e-10,1.03934e-09,6.5331157e-10,9.798105e-10
31.5,78.75,5.654157e-10,5.6132893e-10,7.281867e-10,1.4156166e-09,1.3847822e-09,9.518488e-10,4.785918e-10,4.951851e-10,6.2110433e-10,8.6459456e-10,4.605707e-10,5.617367e-10
31.5,79.375,5.4734506e-10,5.7804317e-10,6.3004146e-10,1.4616002e-09,1.4325013e-09,9.995244e-10,7.341433e-10,6.862372e-10,5.7821026e-10,8.3484264e-10,4.106894e-10,4.4833087e-10
31.5,80.0,5.0343485e-10,5.9187116e-10,5.773144e-10,1.384314e-09,1.3620411e-09,9.606619e-10,8.871071e-10,7.3986073e-10,5.534777e-10,7.953526e-10,4.0374384e-10,3.6186515e-10
31.5,80.625,4.3280737e-10,5.9184424e-10,5.2987925e-10,1.2054163e-09,1.0586549e-09,7.4086165e-10,7.506114e-10,6.780898e-10,4.591669e-10,6.994881e-10,3.5688782e-10,3.102064e-10
31.5,81.25,4.1858644e-10,6.1074185e-10,5.56592e-10,1.1335777e-09,8.1130175e-10,7.3600864e-10,7.7631196e-10,6.743555e-10,5.15008e-10,6.864744e-10,3.4466555e-10,2.994598e-10
32.0,72.5,8.769726e-09,4.986382e-09,2.5638716e-09,3.4155492e-09,3.747272e-09,6.0539187e-09,7.992898e-09,6.7554424e-09,5.50597e-09,6.2656023e-09,1.26029835e-08,1.676569e-08
32.0,73.125,6.7710895e-09,5.101295e-09,2.6385454e-09,3.7279717e-09,3.8218064e-09,5.925847e-09,7.693864e-09,6.3818013e-09,5.4470957e-09,5.8881913e-09,1.3221107e-08,1.4604319e-08
32.0,73.75,6.730368e-09,4.6866546e-09,3.0949063e-09,3.9008707e-09,4.093202e-09,5.6263505e-09,6.976332e-09,6.0376606e-09,5.2768683e-09,5.7919607e-09,1.4382183e-08,1.3726275e-08
32.0,74.375,6.9304273e-09,4.840132e-09,3.5607364e-09,4.318556e-09,4.111495e-09,5.535234e-09,6.5272467e-09,5.687549e-09,5.1645155e-09,5.690831e-09,1.3508007e-08,1.30647795e-08
32.0,75.0,5.4322546e-09,5.163506e-09,3.4625403e-09,4.6358486e-09,3.9905323e-09,5.4489986e-09,6.3511276e-09,5.396364e-09,5.0889666e-09,4.9154867e-09,1.01890185e-08,1.0381505e-08
32.0,75.625,4.0624677e-09,5.093418e-09,2.981172e-09,4.529453e-09,3.8740215e-09,5.3264446e-09,6.404905e-09,5.4985207e-09,4.8912123e-09,3.914529e-09,6.8261765e-09,7.103628e-09
32.0,76.25,2.4532123e-09,3.9255132e-09,2.4334619e-09,3.449587e-09,3.3691345e-09,5.1752407e-09,5.9801564e-09,5.1603206e-09,4.243652e-09,2.9304559e-09,3.3551129e-09,4.4824864e-09
32.0,76.875,1.6539792e-09,2.3149087e-09,1.8086994e-09,2.6864981e-09,2.8393026e-09,4.104144e-09,4.002622e-09,4.738462e-09,2.7852167e-09,1.7633212e-09,1.2483063e-09,1.9244684e-09
32.0,77.5,8.2116985e-10,1.0063546e-09,1.2634518e-09,1.989792e-09,1.7292671e-09,2.0526463e-09,1.6541302e-09,1.3770209e-09,1.4156768e-09,1.1688049e-09,7.8224616e-10,1.0300463e-09
32.0,78.125,6.343824e-10,6.9600037e-10,8.6800866e-10,1.412531e-09,1.2658218e-09,1.0072806e-09,6.5117206e-10,6.599742e-10,8.5117996e-10,9.429477e-10,6.3840677e-10,8.0461027e-10
32.0,78.75,5.7524324e-10,5.868163e-10,7.179429e-10,1.3033917e-09,1.2810759e-09,1.0900503e-09,8.319323e-10,7.883908e-10,8.437411e-10,8.966777e-10,5.4036464e-10,6.29787e-10
32.0,79.375,5.17521e-10,5.3552746e-10,5.9940125e-10,1.2002285e-09,1.1566824e-09,9.847497e-10,1.0199813e-09,7.695811e-10,6.614177e-10,8.2115476e-10,4.1478e-10,4.8030435e-10
32.0,80.0,4.674791e-10,5.1705784e-10,5.243916e-10,1.1697414e-09,9.2417446e-10,8.5847873e-10,1.008081e-09,6.8553585e-10,5.910948e-10,7.574222e-10,3.7261283e-10,3.692071e-10
32.0,80.625,4.3105258e-10,4.979447e-10,4.6813536e-10,1.1014762e-09,7.934603e-10,7.715879e-10,8.955053e-10,6.614108e-10,5.572047e-10,6.7938977e-10,3.4336192e-10,3.1563036e-10
32.0,81.25,4.0382825e-10,5.1825205e-10,4.631877e-10,1.0417831e-09,7.431483e-10,8.10536e-10,8.696617e-10,6.778817e-10,5.951913e-10,6.270423e-10,3.1678052e-10,2.7646066e-10
32.5,72.5,7.847139e-09,5.2870144e-09,2.5205973e-09,3.0035858e-09,3.2482526e-09,5.614178e-09,7.674149e-09,7.607815e-09,5.4116254e-09,5.9363066e-09,9.435896e-09,1.3066187e-08
32.5,73.125,5.5941007e-09,4.977823e-09,2.5851126e-09,3.151212e-09,3.3484289e-09,5.6906364e-09,7.341582e-09,6.8809967e-09,5.3062754e-09,5.048053e-09,8.447154e-09,1.102355e-08
32.5,73.75,4.7440314e-09,4.2991286e-09,3.150789e-09,3.411426e-09,3.586548e-09,5.5336122e-09,6.9530666e-09,6.1269962e-09,4.786196e-09,4.5749835e-09,8.906646e-09,9.413803e-09
32.5,74.375,4.3612367e-09,4.422613e-09,3.7579646e-09,3.9764116e-09,3.4742766e-09,5.2708136e-09,6.527628e-09,5.7708998e-09,4.3868673e-09,4.342945e-09,8.21693e-09,8.4036476e-09
32.5,75.0,3.4313372e-09,4.431237e-09,3.3830696e-09,4.137908e-09,3.2647114e-09,5.0621303e-09,6.339891e-09,5.703436e-09,4.3855333e-09,3.8588595e-09,5.8096647e-09,6.3136e-09
32.5,75.625,2.5335705e-09,4.3325628e-09,3.1000718e-09,4.028647e-09,2.9481633e-09,4.7123687e-09,5.7080416e-09,5.4513443e-09,4.2206723e-09,2.999372e-09,3.3340277e-09,5.2124403e-09
32.5,76.25,1.4847416e-09,3.1233958e-09,2.4025444e-09,3.2603438e-09,2.1279678e-09,3.7265373e-09,4.0884514e-09,3.9437835e-09,3.0899427e-09,1.8927262e-09,1.4481507e-09,4.2384882e-09
32.5,76.875,9.284169e-10,1.4064342e-09,1.2074263e-09,1.9779014e-09,1.4663598e-09,1.6654212e-09,1.4850375e-09,1.7949997e-09,1.3890059e-09,1.0701889e-09,7.009165e-10,1.8148182e-09
32.5,77.5,6.1631533e-10,7.164059e-10,8.7330243e-10,1.2900851e-09,1.0117666e-09,8.4368523e-10,7.72597e-10,8.6948615e-10,9.072958e-10,9.553116e-10,5.275588e-10,8.024599e-10
32.5,78.125,5.2696114e-10,5.7845123e-10,6.975343e-10,1.0559789e-09,7.8156165e-10,8.9447105e-10,7.408912e-10,7.1120476e-10,6.936782e-10,7.7123613e-10,4.870874e-10,6.5008926e-10
32.5,78.75,5.121924e-10,5.479758e-10,6.6406086e-10,1.0576121e-09,8.0969365e-10,8.9661784e-10,8.5666474e-10,7.3954576e-10,6.592766e-10,7.5480794e-10,4.4897772e-10,6.019319e-10
32.5,79.375,4.758883e-10,5.0409255e-10,5.9289385e-10,9.327688e-10,6.995623e-10,8.034894e-10,1.014198e-09,7.14873e-10,6.132334e-10,7.036892e-10,3.611397e-10,5.2200544e-10
32.5,80.0,4.4516305e-10,4.8625126e-10,5.037739e-10,9.325073e-10,6.5262246e-10,7.90927e-10,1.0933717e-09,7.174665e-10,5.9952654e-10,6.487012e-10,3.106303e-10,4.1704407e-10
32.5,80.625,4.1928874e-10,4.659256e-10,4.4208803e-10,9.36581e-10,6.3833366e-10,7.8189644e-10,9.929202e-10,6.92068e-10,6.126195e-10,6.013037e-10,2.8996655e-10,3.4977354e-10
32.5,81.25,3.9446282e-10,4.3692172e-10,4.0809864e-10,8.9658225e-10,6.231555e-10,8.0320134e-10,9.615756e-10,6.683751e-10,6.4890077e-10,5.5291066e-10,2.668303e-10,2.904689e-10
33.0,72.5,6.80213e-09,5.559315e-09,2.496888e-09,2.6635638e-09,2.8944884e-09,4.812231e-09,7.08707e-09,7.458365e-09,5.2314997e-09,5.2808247e-09,7.3026456e-09,1.0257711e-08
33.0,73.125,4.4404067e-09,4.8102486e-09,2.6511537e-09,2.6106084e-09,2.9381184e-09,4.775806e-09,6.6232864e-09,6.7903847e-09,4.9041877e-09,4.2707575e-09,5.99793e-09,8.810163e-09
33.0,73.75,3.4082441e-09,3.7982613e-09,3.2183778e-09,3.0359715e-09,2.7966223e-09,4.74649e-09,6.2237544e-09,5.7321436e-09,4.1628434e-09,3.8847063e-09,5.567224e-09,6.5102412e-09
33.0,74.375,3.0324283e-09,4.0552237e-09,3.5258676e-09,3.5267689e-09,2.4958877e-09,4.539868e-09,6.040946e-09,5.398975e-09,4.1910377e-09,3.5771506e-09,5.0422635e-09,5.339252e-09
33.0,75.0,2.51475e-09,4.4481805e-09,3.1752097e-09,3.799375e-09,2.2552382e-09,4.2222723e-09,5.654572e-09,5.3799343e-09,4.1964037e-09,3.03207e-09,3.3226744e-09,3.8377133e-09
33.0,75.625,1.8554945e-09,4.4916666e-09,2.8927327e-09,3.1618457e-09,1.9664004e-09,3.5259935e-09,4.3656274e-09,4.317366e-09,3.7016388e-09,2.239614e-09,1.9089708e-09,3.5616816e-09
33.0,76.25,1.1292923e-09,2.1609392e-09,1.8162082e-09,2.3864426e-09,1.4304677e-09,2.0567277e-09,2.0425652e-09,2.0645108e-09,2.262261e-09,1.4180506e-09,1.00036e-09,2.092633e-09
33.0,76.875,7.073987e-10,8.350127e-10,8.735591e-10,1.336864e-09,8.622738e-10,9.245033e-10,6.4788436e-10,7.089053e-10,9.211163e-10,9.527321e-10,5.94264e-10,9.697794e-10
33.0,77.5,5.5112515e-10,5.7943556e-10,6.789438e-10,9.793993e-10,6.9743156e-10,8.238848e-10,6.7033384e-10,6.077002e-10,7.455573e-10,8.71149e-10,4.8327586e-10,6.739002e-10
33.0,78.125,5.0055465e-10,5.087348e-10,6.043845e-10,9.1012614e-10,6.443389e-10,9.498953e-10,8.1276325e-10,7.575193e-10,7.5713064e-10,7.522055e-10,4.494739e-10,5.9088134e-10
33.0,78.75,4.946686e-10,5.151929e-10,5.790318e-10,9.247084e-10,6.900419e-10,9.326224e-10,9.078238e-10,7.67223e-10,7.331389e-10,6.753106e-10,4.0631887e-10,5.6202365e-10
33.0,79.375,4.6282714e-10,4.820377e-10,5.584421e-10,8.5840246e-10,6.093866e-10,8.9555297e-10,9.568705e-10,7.2709894e-10,6.34868e-10,5.889425e-10,3.4181152e-10,5.2178634e-10
33.0,80.0,4.3649853e-10,4.5999612e-10,5.0757554e-10,8.2038176e-10,5.866731e-10,8.810768e-10,9.888862e-10,6.95813e-10,6.110393e-10,5.520818e-10,3.1043823e-10,4.5528958e-10
33.0,80.625,4.1497414e-10,4.5603651e-10,4.715075e-10,8.047498e-10,5.965125e-10,8.287771e-10,9.831724e-10,6.8854117e-10,6.1114536e-10,5.425184e-10,2.8739106e-10,3.8943831e-10
33.0,81.25,3.9058007e-10,4.3074105e-10,4.376265e-10,7.616284e-10,5.9641897e-10,8.0243584e-10,1.0605162e-09,6.7503125e-10,6.3228733e-10,5.22551e-10,2.7030486e-10,3.3397796e-10
33.5,72.5,4.7352446e-09,4.96617e-09,2.9605909e-09,2.15361e-09,2.459926e-09,3.947787e-09,6.3483845e-09,6.4091306e-09,4.569024e-09,4.4066613e-09,5.6172382e-09,7.982522e-09
33.5,73.125,3.2786778e-09,4.1355537e-09,3.1174383e-09,2.3547637e-09,2.4933058e-09,4.023942e-09,5.6907905e-09,5.7992113e-09,3.9718193e-09,3.794916e-09,4.9851927e-09,6.533228e-09
33.5,73.75,2.8506926e-09,4.011339e-09,3.227986e-09,2.7626532e-09,2.0783268e-09,3.8031165e-09,5.1752242e-09,4.8927387e-09,3.7937555e-09,3.468708e-09,4.376051e-09,4.977149e-09
33.5,74.375,2.6332776e-09,3.1122118e-09,2.9683547e-09,2.9089569e-09,1.8526328e-09,3.658037e-09,4.7136557e-09,4.2901105e-09,3.8027443e-09,3.027581e-09,3.6088392e-09,3.741659e-09
33.5,75.0,2.4981113e-09,3.5481622e-09,2.5397187e-09,2.8439204e-09,1.5743238e-09,3.3719252e-09,4.0442236e-09,3.7565155e-09,3.3657925e-09,2.3691948e-09,2.1912476e-09,2.3279814e-09
33.5,75.625,1.7652364e-09,3.0500211e-09,1.9433872e-09,2.4821953e-09,1.3391608e-09,2.4156066e-09,2.7722953e-09,2.6789113e-09,2.6149591e-09,1.7966314e-09,1.3540389e-09,1.6981966e-09
33.5,76.25,9.686786e-10,1.1419347e-09,1.0987196e-09,1.621893e-09,1.1087863e-09,1.2780864e-09,1.2845269e-09,1.3328407e-09,1.7465434e-09,1.407043e-09,9.0439983e-10,1.2153117e-09
33.5,76.875,7.3064854e-10,6.139385e-10,8.008729e-10,1.1220308e-09,8.728045e-10,1.0331406e-09,8.6242974e-10,8.6155927e-10,1.0604623e-09,1.0744037e-09,6.6252637e-10,8.5361435e-10
33.5,77.5,5.8278327e-10,5.351472e-10,6.5854067e-10,9.909045e-10,7.925673e-10,1.0886387e-09,1.0175939e-09,8.632444e-10,9.554081e-10,9.148336e-10,5.4185867e-10,6.492531e-10
33.5,78.125,5.144785e-10,4.708418e-10,5.798304e-10,9.033324e-10,6.734473e-10,1.1253558e-09,9.710923e-10,8.4654345e-10,7.960267e-10,7.8887274e-10,4.5737372e-10,5.519784e-10
33.5,78.75,4.9474563e-10,4.857551e-10,5.456487e-10,8.331412e-10,5.8172406e-10,1.1148321e-09,9.16486e-10,8.222548e-10,7.201862e-10,6.8209055e-10,4.0292814e-10,5.3191634e-10
33.5,79.375,4.9454757e-10,5.0689325e-10,5.2837934e-10,8.167855e-10,5.490097e-10,1.1632968e-09,9.830992e-10,8.5384505e-10,6.9810824e-10,6.102817e-10,3.773941e-10,5.2700305e-10
33.5,80.0,4.8617876e-10,5.037963e-10,5.16213e-10,7.9907686e-10,5.7495597e-10,1.0803282e-09,1.0064379e-09,8.144324e-10,6.9974154e-10,5.6979454e-10,3.6658532e-10,5.0409515e-10
33.5,80.625,4.4818077e-10,4.7172843e-10,4.8669657e-10,7.607303e-10,6.113321e-10,9.646367e-10,1.01056e-09,8.2870927e-10,6.8496603e-10,5.4589094e-10,3.2943814e-10,4.371639e-10
33.5,81.25,4.1498055e-10,4.187834e-10,4.5213303e-10,7.1663686e-10,5.954178e-10,8.829148e-10,1.0458873e-09,7.924175e-10,6.461495e-10,5.2730315e-10,3.0492678e-10,3.6944733e-10
34.0,72.5,4.7973616e-09,6.3101475e-09,3.5240595e-09,1.8458199e-09,1.9774464e-09,3.3917067e-09,5.856113e-09,5.8053873e-09,3.5986687e-09,4.1403405e-09,4.678011e-09,6.5544508e-09
34.0,73.125,3.0464944e-09,4.881944e-09,3.8790193e-09,2.0024387e-09,1.8338122e-09,3.4918268e-09,5.7258793e-09,7.1980435e-09,3.4508152e-09,3.4297831e-09,4.5291797e-09,5.6078355e-09
34.0,73.75,2.6198534e-09,3.6443373e-09,3.030963e-09,2.2560873e-09,1.6645655e-09,3.1544498e-09,4.66667e-09,5.660279e-09,3.5359287e-09,3.1321876e-09,4.0743338e-09,3.9834376e-09
34.0,74.375,2.8150482e-09,2.5035711e-09,2.7116571e-09,2.3762694e-09,1.6763486e-09,3.330043e-09,4.089434e-09,4.123827e-09,3.84211e-09,2.7678764e-09,3.247929e-09,3.0939373e-09
34.0,75.0,2.2682347e-09,2.3492535e-09,2.0311863e-09,2.2411566e-09,1.4348154e-09,3.3994374e-09,3.553698e-09,3.1918956e-09,3.2727512e-09,2.1320516e-09,1.9641166e-09,2.0401483e-09
34.0,75.625,1.3562333e-09,1.3949143e-09,1.213602e-09,1.7960687e-09,1.1386319e-09,2.1647302e-09,2.288576e-09,2.0884e-09,2.2491833e-09,1.5614775e-09,1.203256e-09,1.296871e-09
34.0,76.25,8.8462915e-10,6.437448e-10,8.8269625e-10,1.3076417e-09,9.662579e-10,1.2677864e-09,1.2890505e-09,1.2487418e-09,1.5443362e-09,1.3916817e-09,9.944967e-10,1.0351127e-09
34.0,76.875,7.6348294e-10,5.312387e-10,8.226403e-10,1.0153964e-09,8.773089e-10,1.3450291e-09,1.3758248e-09,1.1465813e-09,1.2220226e-09,1.1901259e-09,7.9862705e-10,8.543616e-10
34.0,77.5,6.305785e-10,4.910665e-10,6.84376e-10,8.9683994e-10,8.328546e-10,1.235901e-09,1.2419531e-09,1.0004058e-09,9.672732e-10,9.433915e-10,5.8470206e-10,6.8077644e-10
34.0,78.125,5.474312e-10,4.4378662e-10,6.018174e-10,8.408549e-10,6.5033773e-10,1.1846586e-09,9.884974e-10,8.731645e-10,7.257758e-10,8.210406e-10,5.062652e-10,5.681201e-10
34.0,78.75,5.0776183e-10,4.347777e-10,5.65775e-10,7.72891e-10,5.3728716e-10,1.2646486e-09,9.977464e-10,9.530203e-10,7.148012e-10,7.2097417e-10,4.530195e-10,5.226711e-10
34.0,79.375,5.046015e-10,4.754639e-10,5.4342814e-10,7.674757e-10,5.113849e-10,1.3724352e-09,1.1864629e-09,1.1268732e-09,7.90816e-10,6.6002154e-10,4.154517e-10,5.137595e-10
34.0,80.0,4.8986076e-10,4.8573834e-10,5.0928545e-10,7.7090906e-10,5.3035226e-10,1.2300349e-09,1.151594e-09,1.0923821e-09,7.735584e-10,6.092989e-10,3.9370246e-10,4.955485e-10
34.0,80.625,4.647873e-10,4.4480447e-10,4.739352e-10,7.403387e-10,5.837007e-10,1.072984e-09,1.0783394e-09,1.0404382e-09,7.280268e-10,5.627294e-10,3.6653225e-10,4.5169563e-10
34.0,81.25,4.4907378e-10,4.0383966e-10,4.6173224e-10,7.17499e-10,5.760085e-10,9.797494e-10,1.0524335e-09,9.764471e-10,6.892899e-10,5.448403e-10,3.571133e-10,4.1478407e-10
34.5,72.5,7.4129543e-09,8.345252e-09,2.9363756e-09,1.5272079e-09,1.394838e-09,2.962213e-09,6.7960593e-09,5.459354e-09,3.003738e-09,4.480737e-09,4.705288e-09,5.1449964e-09
34.5,73.125,2.8278875e-09,4.8655613e-09,2.2898936e-09,1.395118e-09,1.305437e-09,2.9139642e-09,5.447926e-09,4.4672124e-09,2.8006173e-09,3.0615477e-09,4.139302e-09,4.5789257e-09
34.5,73.75,2.0973634e-09,3.2860694e-09,2.3000923e-09,1.6424494e-09,1.2287305e-09,2.7055536e-09,3.9353925e-09,3.1914043e-09,2.5173021e-09,2.9213976e-09,3.800739e-09,3.4407077e-09
34.5,74.375,2.1534365e-09,2.472822e-09,2.4005622e-09,1.9357216e-09,1.3335167e-09,2.6589269e-09,3.4441479e-09,3.2607825e-09,3.0146519e-09,2.4248867e-09,3.5939614e-09,2.9686178e-09
34.5,75.0,1.8429541e-09,1.5137993e-09,1.9034134e-09,1.8774913e-09,1.269005e-09,2.478104e-09,2.9153207e-09,2.684625e-09,2.925006e-09,1.9669268e-09,2.510359e-09,1.910725e-09
34.5,75.625,1.2595417e-09,8.7272783e-10,1.2673098e-09,1.478621e-09,1.1556592e-09,1.929618e-09,2.1814244e-09,1.889833e-09,2.2975684e-09,1.6164964e-09,1.6844659e-09,1.2485432e-09
34.5,76.25,8.5351654e-10,5.8092164e-10,9.621927e-10,1.137479e-09,1.0529101e-09,1.5939653e-09,1.7464512e-09,1.3164881e-09,1.6141475e-09,1.3830515e-09,1.2117484e-09,9.925443e-10
34.5,76.875,6.857643e-10,4.785384e-10,8.573093e-10,9.13389e-10,7.8591933e-10,1.2894438e-09,1.3467687e-09,9.92488e-10,1.0975242e-09,1.2087695e-09,9.725291e-10,8.2300966e-10
34.5,77.5,6.1886324e-10,4.5828424e-10,7.373293e-10,7.64247e-10,8.582966e-10,1.2111098e-09,1.0766598e-09,8.843608e-10,7.9977835e-10,9.694808e-10,6.8517086e-10,7.1551604e-10
34.5,78.125,5.4782273e-10,4.178211e-10,6.1270655e-10,7.1238876e-10,5.949814e-10,1.1030049e-09,8.7511864e-10,8.5058666e-10,6.5924627e-10,8.4595636e-10,5.5156657e-10,5.756207e-10
34.5,78.75,5.0883914e-10,3.886513e-10,5.7009963e-10,6.667643e-10,5.085849e-10,1.2718564e-09,1.1772983e-09,1.0392536e-09,6.9526224e-10,7.4837087e-10,4.915783e-10,5.185646e-10
34.5,79.375,4.808162e-10,3.9889733e-10,5.436344e-10,6.7634437e-10,5.0408694e-10,1.4830297e-09,1.5384923e-09,1.2768004e-09,8.2645685e-10,6.7825545e-10,4.33238e-10,4.877408e-10
34.5,80.0,4.5209197e-10,4.0941692e-10,5.119121e-10,7.072293e-10,5.2779797e-10,1.373193e-09,1.4286489e-09,1.2907105e-09,8.7347396e-10,6.307857e-10,4.024554e-10,4.684653e-10
34.5,80.625,4.5072132e-10,3.9946726e-10,4.9305665e-10,6.994834e-10,5.6405675e-10,1.1286262e-09,1.1867672e-09,1.161654e-09,7.805501e-10,5.9903404e-10,4.0605358e-10,4.5980406e-10
34.5,81.25,4.5551082e-10,3.8605527e-10,4.918189e-10,6.865875e-10,5.808384e-10,1.0213853e-09,1.147351e-09,1.106791e-09,7.826268e-10,5.931077e-10,4.0558654e-10,4.4246223e-10
35.0,72.5,5.9919643e-09,5.8858762e-09,2.3131206e-09,1.1623528e-09,1.0349971e-09,2.5998779e-09,4.568078e-09,3.7337786e-09,2.3834852e-09,5.2358033e-09,5.215291e-09,3.8917465e-09
35.0,73.125,2.519928e-09,4.5362736e-09,1.7008968e-09,1.170811e-09,9.753849e-10,2.6110039e-09,3.594361e-09,3.1267493e-09,2.620689e-09,3.1659344e-09,5.016199e-09,3.803147e-09
35.0,73.75,1.7884936e-09,1.3662125e-09,1.4543797e-09,1.0557666e-09,1.039872e-09,1.8895019e-09,2.2939743e-09,1.6046091e-09,1.7701371e-09,2.0334594e-09,3.057151e-09,2.5773077e-09
35.0,74.375,1.8233524e-09,1.362133e-09,1.6687564e-09,1.4355565e-09,1.0805379e-09,1.6865291e-09,2.2838011e-09,1.7512853e-09,1.909055e-09,2.003798e-09,3.0032161e-09,2.4530515e-09
35.0,75.0,1.5667767e-09,1.1716491e-09,1.6462061e-09,1.3021222e-09,9.986494e-10,1.5421241e-09,1.8355377e-09,1.6706556e-09,1.865945e-09,1.92465e-09,2.7557863e-09,1.9212503e-09
35.0,75.625,1.2901671e-09,8.94039e-10,1.6595147e-09,1.2098881e-09,1.0589117e-09,1.543045e-09,1.8653237e-09,1.5347779e-09,1.9468445e-09,1.6553333e-09,2.3548943e-09,1.4589152e-09
35.0,76.25,8.9085256e-10,6.7985456e-10,1.302054e-09,1.0145172e-09,9.310232e-10,1.4830713e-09,1.4712044e-09,1.1075171e-09,1.3966608e-09,1.4961093e-09,1.6055786e-09,1.0777158e-09
35.0,76.875,6.405517e-10,5.1064897e-10,8.9603797e-10,7.3921697e-10,6.4704264e-10,1.1934277e-09,1.0264982e-09,8.660132e-10,9.240229e-10,1.1830562e-09,1.1188075e-09,8.047794e-10
35.0,77.5,5.7732447e-10,4.4053716e-10,7.249118e-10,6.329103e-10,6.1506544e-10,1.19605e-09,8.8105606e-10,8.8180285e-10,7.574906e-10,1.0058258e-09,8.4285595e-10,6.96357e-10
35.0,78.125,5.274535e-10,4.1124656e-10,6.292773e-10,5.9992405e-10,5.1246124e-10,1.118455e-09,9.50416e-10,8.8985447e-10,6.6262085e-10,9.044702e-10,6.1305366e-10,5.787498e-10
35.0,78.75,5.010122e-10,3.8497322e-10,5.717133e-10,5.7446387e-10,4.8346743e-10,1.2353895e-09,1.3310799e-09,1.0506076e-09,6.621225e-10,7.874608e-10,5.407521e-10,5.255866e-10
35.0,79.375,4.741738e-10,3.8378054e-10,5.5472443e-10,6.123197e-10,5.4592736e-10,1.565248e-09,1.8884572e-09,1.3632501e-09,8.542381e-10,7.1749023e-10,4.9302495e-10,5.028263e-10
35.0,80.0,4.5223866e-10,3.8361253e-10,5.377411e-10,6.477673e-10,6.025874e-10,1.5362807e-09,1.8766924e-09,1.4878545e-09,1.0488056e-09,6.754133e-10,4.3518206e-10,4.855633e-10
35.0,80.625,4.383111e-10,3.7311731e-10,5.156638e-10,6.4224587e-10,5.866291e-10,1.2089951e-09,1.4624688e-09,1.2903109e-09,8.912697e-10,6.238783e-10,4.1952358e-10,4.6362036e-10
35.0,81.25,4.4546972e-10,3.8459866e-10,5.442744e-10,6.58162e-10,6.0652244e-10,1.080908e-09,1.3373107e-09,1.2287585e-09,8.634733e-10,6.4595557e-10,4.657638e-10,4.58548e-10
35.5,72.5,1.5778969e-09,1.2419192e-09,8.714816e-10,6.827847e-10,8.3953183e-10,2.0033024e-09,2.7698748e-09,1.9049167e-09,1.2909851e-09,2.3465565e-09,2.035925e-09,2.586298e-09
35.5,73.125,1.6525342e-09,1.8916435e-09,1.017416e-09,8.019621e-10,7.157104e-10,1.9451023e-09,2.632519e-09,1.8111359e-09,1.4037851e-09,2.9805551e-09,6.715916e-09,2.930031e-09
35.5,73.75,1.5816871e-09,1.2953317e-09,1.2743547e-09,9.651203e-10,9.096766e-10,1.9273443e-09,2.6166544e-09,1.6768827e-09,1.649129e-09,2.145804e-09,3.0834506e-09,2.8454967e-09
35.5,74.375,1.5591973e-09,1.1332834e-09,1.5708757e-09,1.274411e-09,9.368653e-10,1.8919386e-09,2.5597962e-09,1.5536132e-09,1.6686679e-09,1.7591257e-09,2.5928009e-09,2.3681972e-09
35.5,75.0,1.4465813e-09,1.0806392e-09,1.7276351e-09,1.1971817e-09,8.7037494e-10,1.5152296e-09,1.9749031e-09,1.1211595e-09,1.3760986e-09,1.5966819e-09,2.2733864e-09,2.1180164e-09
35.5,75.625,1.2726707e-09,9.483534e-10,1.676366e-09,1.0027847e-09,9.579652e-10,1.3437823e-09,1.3731697e-09,9.753616e-10,1.3272057e-09,1.6001255e-09,2.0852575e-09,1.762437e-09
35.5,76.25,8.8382873e-10,6.813279e-10,1.1165244e-09,7.640424e-10,7.291814e-10,1.1604357e-09,1.0242097e-09,9.714706e-10,9.964148e-10,1.371725e-09,1.5633742e-09,1.1433774e-09
35.5,76.875,6.1930333e-10,4.937497e-10,7.762689e-10,5.8167166e-10,5.056162e-10,1.0514101e-09,9.1421226e-10,9.0396995e-10,7.397839e-10,1.0903299e-09,1.0917008e-09,8.046291e-10
35.5,77.5,5.5875404e-10,4.2944356e-10,6.273905e-10,5.519577e-10,5.128738e-10,1.2063615e-09,9.74437e-10,1.0294289e-09,7.5146145e-10,9.762378e-10,8.749777e-10,6.83074e-10
35.5,78.125,5.227621e-10,4.0729034e-10,6.040095e-10,5.986451e-10,4.9368276e-10,1.3146708e-09,1.1712765e-09,1.0482533e-09,7.339726e-10,9.254583e-10,7.2195755e-10,6.074154e-10
35.5,78.75,4.931155e-10,3.8371606e-10,5.7423455e-10,5.818725e-10,5.170087e-10,1.3815301e-09,1.535001e-09,1.1099889e-09,7.4028794e-10,8.322039e-10,6.273597e-10,5.486998e-10
35.5,79.375,4.5933768e-10,3.787088e-10,5.729656e-10,6.0341804e-10,6.01302e-10,1.7139958e-09,2.3934468e-09,1.5439021e-09,1.0586205e-09,7.8544377e-10,5.63904e-10,5.089892e-10
35.5,80.0,4.4592263e-10,3.6129388e-10,5.7401084e-10,6.2951294e-10,6.420129e-10,1.6854301e-09,2.66042e-09,1.8368658e-09,1.3091863e-09,7.2308837e-10,4.993422e-10,4.7594667e-10
35.5,80.625,4.3823684e-10,3.493857e-10,5.401413e-10,6.2457517e-10,6.170733e-10,1.3031165e-09,1.8105046e-09,1.5024505e-09,1.0273794e-09,6.709153e-10,4.81355e-10,4.4384205e-10
35.5,81.25,4.342587e-10,3.6771008e-10,5.3495025e-10,6.335943e-10,6.682984e-10,1.1345265e-09,1.5125351e-09,1.3489513e-09,9.37222e-10,7.027806e-10,4.929776e-10,4.3609394e-10
36.0,72.5,1.0828861e-09,9.450342e-10,6.754378e-10,6.347975e-10,5.9543154e-10,1.4226355e-09,1.8966573e-09,1.5117435e-09,1.0028647e-09,1.809841e-09,1.5448944e-09,2.0440558e-09
36.0,73.125,1.0938239e-09,8.9773233e-10,6.9725836e-10,5.836981e-10,6.4862415e-10,1.1630998e-09,1.4588676e-09,1.1616467e-09,8.547308e-10,1.7481201e-09,1.743079e-09,2.3145736e-09
36.0,73.75,1.1606186e-09,1.102328e-09,9.474758e-10,8.4579266e-10,7.3636747e-10,1.2569066e-09,1.7210294e-09,1.2695538e-09,1.1771315e-09,1.7952598e-09,2.5318763e-09,2.471799e-09
36.0,74.375,1.1616372e-09,1.1043724e-09,1.1802661e-09,1.293914e-09,8.583278e-10,1.5259333e-09,1.8296847e-09,1.1619841e-09,1.3152723e-09,1.8045674e-09,2.8885496e-09,2.0010766e-09
36.0,75.0,1.0696581e-09,8.413279e-10,1.1554603e-09,1.1857182e-09,7.8377854e-10,1.4492704e-09,1.4741602e-09,9.513333e-10,9.756291e-10,1.5097078e-09,2.0791942e-09,1.7094901e-09
36.0,75.625,9.487113e-10,7.214396e-10,9.854582e-10,8.144587e-10,6.167744e-10,1.207972e-09,1.1388208e-09,9.194717e-10,7.991606e-10,1.2771962e-09,1.6566202e-09,1.4559336e-09
36.0,76.25,8.126415e-10,5.8975774e-10,7.9859e-10,6.4083616e-10,5.357909e-10,1.0277064e-09,9.960155e-10,9.66285e-10,7.2494966e-10,1.2006923e-09,1.361709e-09,1.1380946e-09
36.0,76.875,6.2002303e-10,4.735911e-10,6.551007e-10,5.756197e-10,4.5329457e-10,1.1167762e-09,9.632699e-10,9.572304e-10,7.260259e-10,1.0483281e-09,1.0386783e-09,8.364027e-10
36.0,77.5,5.5479155e-10,4.3040532e-10,5.974762e-10,5.902872e-10,4.746879e-10,1.5279473e-09,1.14617e-09,1.1813805e-09,7.933977e-10,9.805085e-10,9.209631e-10,7.291135e-10
36.0,78.125,5.2910104e-10,4.0985948e-10,6.117145e-10,6.217747e-10,5.3448806e-10,1.6569516e-09,1.4954233e-09,1.2593661e-09,8.356314e-10,9.535445e-10,8.3297513e-10,6.491183e-10
36.0,78.75,4.8965537e-10,3.91395e-10,5.972671e-10,6.017942e-10,5.990613e-10,1.536417e-09,1.487656e-09,1.1789785e-09,8.6256e-10,8.960042e-10,7.036881e-10,5.8230165e-10
36.0,79.375,4.5664403e-10,3.7512865e-10,6.033072e-10,6.496355e-10,7.141142e-10,1.6205529e-09,1.880235e-09,1.3538655e-09,1.078421e-09,8.768022e-10,6.033282e-10,5.273634e-10
36.0,80.0,4.6565005e-10,3.7950407e-10,6.4980693e-10,7.2407763e-10,8.825064e-10,1.6676458e-09,2.2808895e-09,1.6347159e-09,1.2461622e-09,8.96558e-10,5.8498817e-10,5.0210014e-10
36.0,80.625,4.696172e-10,3.9918205e-10,6.523301e-10,7.244566e-10,9.0718744e-10,1.5346853e-09,1.9961368e-09,1.6022749e-09,1.1147933e-09,9.1340935e-10,5.907786e-10,5.356552e-10
36.0,81.25,4.4800108e-10,4.0161008e-10,6.0912725e-10,7.2168266e-10,9.1274344e-10,1.4391238e-09,1.7539692e-09,1.4275492e-09,9.981732e-10,9.0796703e-10,5.6478505e-10,5.097667e-10
36.5,72.5,9.1950714e-10,7.2927686e-10,5.912619e-10,6.404041e-10,5.917019e-10,1.3893025e-09,1.879883e-09,1.4795004e-09,9.192632e-10,1.6520694e-09,1.5031202e-09,1.8168509e-09
36.5,73.125,8.9509017e-10,8.6537627e-10,6.7808287e-10,6.4507194e-10,6.6474337e-10,1.1279364e-09,1.3122482e-09,1.1204481e-09,8.4510526e-10,1.548277e-09,1.6425439e-09,1.8948465e-09
36.5,73.75,9.426204e-10,8.893784e-10,7.7274276e-10,7.5708284e-10,5.816553e-10,1.0850311e-09,1.1502335e-09,1.0636156e-09,8.6140417e-10,1.588192e-09,1.9982227e-09,2.1314792e-09
36.5,74.375,9.618005e-10,8.1967416e-10,8.459516e-10,9.870504e-10,6.546835e-10,1.1789155e-09,1.1820658e-09,1.0863823e-09,1.0797473e-09,1.6127191e-09,2.200623e-09,1.9861104e-09
36.5,75.0,8.6154156e-10,7.5777673e-10,8.3489643e-10,9.598187e-10,6.138112e-10,1.2523819e-09,1.2088005e-09,1.0851244e-09,1.0534175e-09,1.3103855e-09,1.8490048e-09,1.6365453e-09
36.5,75.625,7.613486e-10,6.066057e-10,8.2396784e-10,7.805156e-10,5.775855e-10,1.3883702e-09,1.2929288e-09,1.0886487e-09,9.748143e-10,1.1428294e-09,1.4226356e-09,1.4069346e-09
36.5,76.25,7.281511e-10,5.713618e-10,8.153203e-10,7.353137e-10,6.210982e-10,1.5832143e-09,1.4244095e-09,1.210466e-09,9.74587e-10,1.1377648e-09,1.3649045e-09,1.2395546e-09
36.5,76.875,6.46414e-10,4.9845705e-10,7.272167e-10,6.578399e-10,6.4971517e-10,1.7694599e-09,1.4250255e-09,1.3245782e-09,9.760308e-10,1.0875483e-09,1.1480099e-09,9.864969e-10
36.5,77.5,5.50278e-10,4.4455123e-10,6.676833e-10,6.492054e-10,6.187254e-10,1.9719248e-09,1.6190046e-09,1.4152637e-09,1.0683976e-09,9.877018e-10,9.353501e-10,8.2497353e-10
36.5,78.125,5.3534555e-10,4.1717402e-10,6.7899514e-10,6.8000505e-10,7.453863e-10,1.9369395e-09,1.7064334e-09,1.4554649e-09,1.0688713e-09,1.0154708e-09,9.1676516e-10,7.692688e-10
36.5,78.75,5.5446786e-10,4.2978207e-10,7.025576e-10,7.1875805e-10,8.6761254e-10,1.8790767e-09,1.6550837e-09,1.4520762e-09,1.0678632e-09,1.0458104e-09,8.9509933e-10,7.843708e-10
36.5,79.375,6.172047e-10,4.815512e-10,7.336418e-10,8.085602e-10,9.824408e-10,1.9307171e-09,1.8171938e-09,1.5812904e-09,1.1619581e-09,1.1478902e-09,9.327173e-10,9.1110963e-10
36.5,80.0,6.653657e-10,5.470135e-10,7.6155376e-10,8.7137414e-10,1.0509646e-09,1.9033717e-09,1.8662845e-09,1.5819286e-09,1.2284876e-09,1.13925e-09,9.550265e-10,1.0582204e-09
36.5,80.625,8.297349e-10,7.02798e-10,8.0857243e-10,9.355883e-10,1.0927648e-09,1.8615425e-09,1.8621331e-09,1.5872241e-09,1.2052728e-09,1.1399616e-09,1.0755971e-09,1.4286524e-09
36.5,81.25,9.48468e-10,7.965389e-10,8.292671e-10,9.822074e-10,1.1203429e-09,1.8305666e-09,1.8572922e-09,1.5716454e-09,1.182308e-09,1.1661095e-09,1.1386289e-09,1.5633751e-09
37.0,72.5,8.161071e-10,5.702168e-10,5.335182e-10,6.9629924e-10,6.846813e-10,1.4753406e-09,1.8569328e-09,1.497419e-09,9.557642e-10,1.4678381e-09,1.209344e-09,1.4554051e-09
37.0,73.125,7.625295e-10,6.9541034e-10,5.444101e-10,7.2542483e-10,5.6299504e-10,1.1684355e-09,1.37149e-09,1.1958188e-09,8.4666657e-10,1.3164346e-09,1.2975516e-09,1.5726199e-09
37.0,73.75,7.866173e-10,7.1137324e-10,5.9261607e-10,6.314551e-10,4.896418e-10,9.864058e-10,1.1583382e-09,1.1429507e-09,7.988234e-10,1.2044311e-09,1.3797795e-09,1.8273357e-09
37.0,74.375,8.0557827e-10,7.016398e-10,6.8794886e-10,6.611084e-10,4.8934523e-10,1.0225752e-09,1.2004244e-09,1.2333354e-09,9.688307e-10,1.1758793e-09,1.5804538e-09,1.8566321e-09
37.0,75.0,8.012123e-10,6.9454653e-10,7.457018e-10,7.673014e-10,5.279181e-10,1.3126434e-09,1.3331446e-09,1.4012912e-09,1.2221439e-09,1.1075131e-09,1.5808251e-09,1.6720156e-09
37.0,75.625,7.537444e-10,6.431276e-10,7.589793e-10,8.2941987e-10,5.887708e-10,1.6828002e-09,1.5507705e-09,1.488764e-09,1.1606469e-09,1.0838479e-09,1.3478108e-09,1.468078e-09
37.0,76.25,6.9108647e-10,6.212023e-10,8.090419e-10,8.272068e-10,7.4190876e-10,1.8454065e-09,1.6914194e-09,1.5815912e-09,1.1097303e-09,1.118383e-09,1.2978908e-09,1.3593163e-09
37.0,76.875,6.9538914e-10,6.475979e-10,8.542012e-10,8.886204e-10,9.61339e-10,1.9265032e-09,1.7750343e-09,1.706324e-09,1.1260103e-09,1.2190142e-09,1.4894171e-09,1.2660876e-09
37.0,77.5,6.817522e-10,5.8806154e-10,7.980693e-10,8.8549024e-10,9.100553e-10,2.1594095e-09,1.7837626e-09,1.6538446e-09,1.1514307e-09,1.2040662e-09,1.2767735e-09,1.1918905e-09
37.0,78.125,7.3957024e-10,6.129184e-10,7.869096e-10,9.1562574e-10,9.123593e-10,2.0498534e-09,1.8084436e-09,1.6112378e-09,1.1339305e-09,1.2371454e-09,1.3138051e-09,1.2881208e-09
37.0,78.75,9.852291e-10,7.832862e-10,8.4769175e-10,9.669724e-10,9.89538e-10,2.086127e-09,1.7640177e-09,1.6278507e-09,1.2412433e-09,1.2810653e-09,1.4475956e-09,1.6209593e-09
37.0,79.375,1.311349e-09,1.0647302e-09,9.350619e-10,1.0367374e-09,1.1462323e-09,2.1506557e-09,1.7984905e-09,1.6304912e-09,1.2438429e-09,1.2990937e-09,1.6183191e-09,2.130951e-09
37.0,80.0,1.4012643e-09,1.2217926e-09,9.726959e-10,1.0948161e-09,1.2319614e-09,2.1969642e-09,1.8816213e-09,1.6800733e-09,1.2854751e-09,1.3164182e-09,1.6784595e-09,2.253777e-09
37.0,80.625,1.4572056e-09,1.3858833e-09,1.0095671e-09,1.1277304e-09,1.2262991e-09,2.1529445e-09,1.8477939e-09,1.6431728e-09,1.2483449e-09,1.2335001e-09,1.7025762e-09,2.3705002e-09
37.0,81.25,1.4187721e-09,1.4062698e-09,1.0085329e-09,1.1071796e-09,1.2152898e-09,1.9597073e-09,1.7984025e-09,1.5850458e-09,1.2060383e-09,1.1637478e-09,1.5942251e-09,2.349171e-09
