lat,lon,2023-01,2023-02,2023-03,2023-04,2023-05,2023-06,2023-07,2023-08,2023-09,2023-10,2023-11,2023-12
29.0,72.5,4.7653785,4.3531637,4.8876286,5.0031753,5.568845,5.8607426,5.0207624,6.8582253,5.3846555,4.647086,4.5457244,3.9034948
29.0,73.125,4.7694025,4.23282,4.8500233,4.976507,5.2852163,5.8558764,4.6397295,6.7433376,5.20308,4.5902247,4.7462616,4.0008597
29.0,73.75,4.4634786,4.0020022,4.478874,4.9720964,5.2779474,5.5754075,4.3601336,6.505466,5.1131387,4.476014,4.63757,3.9633958
29.0,74.375,4.048211,3.8810656,4.1715407,4.9274673,5.178456,5.1570644,4.1158037,6.5120497,4.8398314,4.371506,4.303195,3.6526678
29.0,75.0,3.8633497,3.933861,3.9442222,4.876735,4.9466014,4.700847,4.1858644,6.4452972,4.4814005,3.9693832,3.909331,3.2964036
29.0,75.625,3.9547606,4.1916995,3.671903,4.868792,4.5771613,4.3459477,4.186447,6.1269064,4.0812054,3.5172899,3.4783578,3.1015322
29.0,76.25,4.482057,4.557344,3.4595952,4.7404394,4.3696575,4.0494146,3.9209795,5.725271,3.8544636,3.299351,3.1965463,3.3782537
29.0,76.875,5.317979,5.0420675,3.7018378,4.7291436,4.41265,4.241944,3.822654,5.290071,3.7987344,3.2754567,3.2342253,3.88394
29.0,77.5,5.6677456,5.439607,3.9385755,4.9015236,4.443207,4.3689785,3.808549,5.0322742,3.6682413,3.182268,3.029188,3.9250185
29.0,78.125,5.2706785,5.4102926,4.1027007,4.59931,4.3619237,4.4878263,4.0631795,4.739652,3.5939655,2.9059381,2.7568977,3.3731346
29.0,78.75,4.5957637,4.999927,4.0375786,4.4267025,4.4369617,4.1715665,4.2591853,4.3659277,3.2168334,3.1882591,2.8091195,3.008247
29.0,79.375,4.1964283,4.8686666,4.5065646,5.0573015,4.775325,4.257374,4.2955227,3.9701364,3.2085977,3.6999936,3.5800667,3.748875
29.0,80.0,4.0464787,4.892575,4.4319677,4.811224,4.4038844,3.8489425,3.779063,3.374512,3.190271,3.819087,3.9663622,4.401502
29.0,80.625,2.777483,3.6646175,3.5607166,3.8256772,3.4285662,2.6936693,2.8309073,2.5816772,2.3463337,2.6129537,2.8521695,3.0411506
29.0,81.25,3.1633196,3.74126,3.6068199,3.844248,3.1480093,2.3232102,2.1265302,2.3855772,1.8515543,2.284734,2.4594612,2.7890244
29.5,72.5,4.4430103,4.460132,4.6956635,4.7088313,5.438001,5.7772956,4.731542,6.485809,5.2722535,4.250712,4.147311,3.588451
29.5,73.125,4.5312004,4.332015,4.562197,4.7156835,5.2600465,5.6559577,4.459034,6.3357644,5.2487183,4.3707347,4.3021045,3.6099668
29.5,73.75,4.2594323,4.11844,4.328846,4.7552834,5.191222,5.2215014,4.1505976,6.1710405,5.135795,4.485465,4.1880093,3.5509794
29.5,74.375,4.002108,4.0712075,4.2371593,4.710752,4.935922,4.7709155,4.1410213,6.085733,4.9328003,4.287333,3.9794157,3.3718982
29.5,75.0,4.0277667,4.153622,4.0795865,4.784645,4.6316123,4.315756,4.2612014,5.861801,4.5354533,3.7858052,3.775314,3.2287846
29.5,75.625,4.349953,4.3711953,3.8154733,4.986859,4.268158,3.972722,4.1697984,5.3682747,4.064929,3.4410787,3.5922902,3.4219313
29.5,76.25,5.16206,4.869399,3.692726,5.016709,4.0464783,3.9228034,3.978707,4.7615457,3.7716675,3.3321605,3.5079558,3.9439669
29.5,76.875,5.9532485,5.778021,3.994137,5.164227,4.1729903,4.461101,3.9522138,4.400706,3.650012,3.3136294,3.4033334,4.351477
29.5,77.5,5.4114766,6.014907,4.0714746,4.979998,4.0721526,4.568767,3.8257647,4.8051763,3.5977254,3.028741,2.861626,3.9638448
29.5,78.125,4.12862,4.7615585,3.8590643,4.192946,3.9537995,3.9933925,4.016163,3.9817922,3.2454305,2.9765341,2.837928,3.1024063
29.5,78.75,3.9978397,4.3154964,3.9337006,4.034857,4.149159,3.3598313,3.6765082,3.3381114,2.8658407,3.4579952,3.4180062,3.7415035
29.5,79.375,3.359908,3.6125457,3.3542366,3.5794044,3.4837735,2.9588873,2.9488115,3.2656252,2.4532592,2.7449155,2.8976285,2.994827
29.5,80.0,2.5305703,2.7906637,2.6406214,3.0500748,2.7405465,2.358456,2.7327392,3.1567228,1.9144896,1.9819683,1.9978808,1.9405333
29.5,80.625,3.4939017,3.299104,2.8808715,3.3167415,2.7227793,2.1426113,2.3815234,2.5227447,1.9367716,2.1493385,2.028667,2.269808
29.5,81.25,3.877565,3.5347345,2.7322924,2.9710548,2.292572,2.0544438,2.0585961,2.4963696,2.3298705,2.111418,2.2416227,2.6756485
30.0,72.5,4.2076902,4.466811,4.5673795,4.51111,5.30752,5.8075366,4.4566083,6.204622,5.2991414,3.9964275,3.7002735,3.339703
30.0,73.125,4.26841,4.362755,4.3560796,4.468841,5.2057524,5.3600755,4.233952,5.837749,5.225997,4.2887034,3.784331,3.326063
30.0,73.75,4.026806,4.159098,4.1533484,4.5278416,4.7266226,4.8402348,4.0991707,5.7758164,5.042631,4.396645,3.5698779,3.2014487
30.0,74.375,3.8961747,4.192676,4.027482,4.4382586,4.571932,4.4849453,4.1824307,5.6778135,4.7986856,4.227936,3.4402556,3.0857182
30.0,75.0,4.1111836,4.312471,3.8856363,4.4467382,4.199893,4.0684414,4.2951603,5.396721,4.3477416,3.7307553,3.3788948,3.0653837
30.0,75.625,4.616193,4.683887,3.656215,4.6575375,3.7453034,3.7717617,4.139383,4.752221,3.847058,3.3582442,3.4997609,3.5375438
30.0,76.25,5.625155,5.350077,3.6295092,4.7591405,3.5557635,3.9626958,3.9641845,3.8715665,3.5724974,3.333767,3.6305468,4.123623
30.0,76.875,5.7055326,6.2736087,4.0587792,5.0013604,3.969456,4.4270678,4.0119414,4.1206374,3.5547647,3.2628088,3.20466,3.9099133
30.0,77.5,3.901727,5.4252896,3.8777213,4.41946,3.8320441,3.976026,3.6281762,3.9809887,3.2292683,2.7997763,2.8181202,3.0007021
30.0,78.125,3.280145,3.812427,3.6984985,3.399326,3.949515,3.1958013,3.0362613,2.5813859,2.8334186,3.1989698,3.0545785,3.2411964
30.0,78.75,2.6793227,2.9336255,2.6055284,2.6825292,3.0403748,2.382927,2.3068871,2.8861914,1.6473225,2.2863407,2.219935,2.3495555
30.0,79.375,3.497808,3.0450408,2.4070024,2.822666,2.830784,2.4367845,2.3912733,2.9048958,2.007735,2.1360288,2.0440154,2.1981015
30.0,80.0,4.267418,4.141459,3.0873988,3.522373,3.0888329,2.3354335,2.2975469,2.313603,2.3135946,2.6633725,2.6678433,2.9737835
30.0,80.625,3.807142,4.1823697,2.7688506,3.032936,2.5073764,2.0081875,2.2873166,2.0570977,2.1227336,2.3431861,2.5343149,2.860534
30.0,81.25,3.6430323,4.2720046,2.2799706,2.3952408,2.47945,1.8787684,2.2171535,2.3934999,2.2047403,1.8701676,2.1612515,2.8777575
30.5,72.5,4.102261,4.5288405,4.294375,4.3678074,4.8513865,5.511394,4.6337914,5.9418635,5.4793496,4.1770167,3.3392465,3.182445
30.5,73.125,4.1446705,4.38907,4.132667,4.226247,4.798077,4.839047,4.400157,5.3015532,5.206791,4.3426976,3.2417448,3.1475093
30.5,73.75,3.8620186,4.1697965,3.9132006,4.106032,4.4677863,4.40197,4.3654885,5.303412,4.9142456,4.329341,3.0191782,2.9328153
30.5,74.375,3.6969323,4.115955,3.7865074,4.002337,4.3043065,4.158952,4.30962,5.302026,4.6082883,4.096565,2.9029672,2.7772663
30.5,75.0,3.9594543,4.229698,3.665563,3.946364,3.7238977,3.8386235,4.261894,5.0499625,4.107589,3.5063822,2.9643278,2.7777584
30.5,75.625,4.4383636,4.499247,3.367491,4.0712256,3.2592587,3.653093,4.061242,4.189674,3.5851033,3.0560925,3.238571,3.2451892
30.5,76.25,5.1336446,5.2453756,3.4906247,4.3316665,3.3789506,3.9103358,3.9022675,2.976744,3.4440632,3.1494958,3.2728076,3.5403316
30.5,76.875,5.01074,6.452668,4.406798,4.85639,4.225142,4.2306485,3.651842,3.8373554,3.6338744,3.3895414,3.493592,3.7555377
30.5,77.5,3.8479846,5.4389267,4.2240863,4.507611,4.452067,3.6267502,2.7910337,3.2852905,2.6282673,3.1853137,3.311447,3.1417365
30.5,78.125,3.2933443,3.737633,3.061,3.203151,3.5959837,2.8011236,1.9461812,1.998118,2.049833,2.5234563,2.3631315,2.3624792
30.5,78.75,3.283311,3.1691515,2.4289594,2.7612891,2.756258,2.1500494,1.8415315,1.971554,1.7512898,2.0872478,1.9532439,2.0451043
30.5,79.375,3.756235,3.7437887,2.603339,3.01653,2.819144,2.2241054,2.020841,1.7824789,2.0307658,2.32649,2.555132,2.695794
30.5,80.0,3.8236492,3.8829489,2.4124367,2.6959245,2.6426067,2.0573168,2.1485975,1.8301809,1.9502237,1.9911983,2.403781,2.6430125
30.5,80.625,4.5852103,4.1019254,2.324672,2.5998957,2.9523504,2.2816656,2.4380615,2.104398,1.9685506,2.0580378,2.4027555,2.7949467
30.5,81.25,5.049771,4.1064944,2.580547,2.612998,3.4937518,2.6785488,2.4422433,2.1758368,2.072815,2.2820723,2.6991422,3.1315458
31.0,72.5,4.092653,4.7351394,3.9244232,4.261126,4.4718657,5.2532883,4.755673,5.6491466,5.590808,4.232173,2.910446,2.9534883
31.0,73.125,3.988767,4.4508896,3.9183118,3.995371,4.6858354,4.637053,4.5951858,5.0337234,5.2581906,4.443457,2.7613657,2.9278457
31.0,73.75,3.7854846,4.136393,3.709548,3.6433122,4.5794845,4.236605,4.582459,5.018854,4.914376,4.2285347,2.561162,2.629829
31.0,74.375,3.6154838,4.1072965,3.6623893,3.616188,4.243114,3.9134934,4.447536,4.966309,4.4363484,3.8930852,2.527137,2.5417452
31.0,75.0,3.8026216,4.120986,3.5328767,3.6294367,3.6986961,3.677556,4.135666,4.6900835,3.8814657,3.2888057,2.6634734,2.487239
31.0,75.625,3.8462284,4.14186,3.1881974,3.6234148,3.3710673,3.493124,3.9342577,3.6500287,3.2262979,2.8102114,2.77931,2.5689275
31.0,76.25,3.9450896,4.684009,3.7756705,4.173561,3.9677076,3.8035488,3.6309247,2.3408523,3.1023479,3.0448463,2.9484587,2.8088076
31.0,76.875,4.4158554,4.892854,4.0048637,4.357301,3.965392,3.5128748,2.7796931,2.8497593,3.078422,3.4621534,3.390158,3.3616521
31.0,77.5,3.3463778,4.100234,2.9566026,3.4923275,3.3868892,2.6090012,2.0107052,2.724389,2.0011961,2.3862808,2.265158,2.22691
31.0,78.125,3.5385244,4.1833115,3.0388463,3.5796485,3.2921152,2.4932947,1.9686579,1.7681061,2.1245482,2.6640027,2.3181365,2.4665263
31.0,78.75,3.8561592,3.843468,2.8194113,3.1616147,2.6777787,2.051612,2.0158637,1.8378831,1.9353149,2.2231162,2.2469776,2.597996
31.0,79.375,4.6703763,3.835289,2.3985128,2.671673,3.062765,2.3469408,2.2112234,2.0235403,1.8609334,1.9989636,2.1635303,2.6635833
31.0,80.0,5.046904,3.548982,2.27812,2.4544938,3.2195032,2.429973,2.3161566,1.994196,2.026713,2.106165,2.468584,2.7771795
31.0,80.625,5.2915173,3.701657,2.5792477,2.6716814,3.5376341,2.792668,2.8807397,2.272477,2.395984,2.3189926,2.895582,2.8620539
31.0,81.25,6.5881715,4.239045,3.493578,3.3976336,4.77575,3.886768,3.706624,2.9014935,3.0779173,3.0887208,3.5608692,3.6168973
31.5,72.5,3.8992462,4.7610354,3.7781909,4.101792,4.3174825,4.9259934,4.5892553,5.0440717,5.264522,4.206578,2.7599497,2.901022
31.5,73.125,3.9607933,4.7361856,3.9989727,3.9754574,4.6493955,4.3394294,4.5716224,4.5795746,4.9036174,4.1770916,2.6002042,2.823078
31.5,73.75,3.828225,4.2846646,3.6444333,3.491774,4.7806563,3.9704921,4.510272,4.6084146,4.600183,3.7998865,2.402837,2.4828405
31.5,74.375,3.7034533,4.203558,3.456508,3.324326,4.497083,3.6750007,4.36111,4.5016384,4.164376,3.5211961,2.3679655,2.4064639
31.5,75.0,3.805764,4.000572,3.3766031,3.4252946,3.9561934,3.5301113,3.8884065,4.137239,3.5257201,2.9555538,2.385869,2.2553408
31.5,75.625,3.500029,3.7831826,3.2182975,3.470371,3.7788293,3.418767,3.6364298,3.0855205,2.6509643,2.5044844,2.389588,2.0382051
31.5,76.25,2.899884,3.7639303,3.5808938,3.8622167,4.276884,3.5248704,3.180131,2.157794,2.2713826,2.501531,2.2839406,2.0233915
31.5,76.875,3.5194027,3.613505,3.0530932,3.7127376,3.8109062,2.9524746,2.2160668,2.0460484,2.150704,2.5824282,2.2882698,2.2688472
31.5,77.5,4.4838057,4.33787,3.2453341,3.9037695,3.390575,2.7631435,2.2117906,2.1826649,2.4376504,2.7671244,2.7207568,3.20022
31.5,78.125,3.926645,4.6017165,3.0765543,3.5938249,2.8820379,2.076498,2.0862155,1.8632107,2.198954,2.4976878,2.6269255,2.9966226
31.5,78.75,4.14938,3.5116458,2.1440709,2.258278,2.3088114,1.6580002,1.7456236,1.5999404,1.5418009,1.630831,1.6907845,2.1624334
31.5,79.375,4.947515,3.8385675,2.507368,2.7100685,3.123674,2.459587,2.2314398,2.0216856,2.1902952,2.183329,2.2251432,2.8100991
31.5,80.0,5.49176,3.796994,2.708469,2.9874609,3.5251436,2.7294927,2.936825,2.25104,2.6056273,2.4927182,2.9547982,3.18302
31.5,80.625,6.8793135,5.1650357,3.382872,3.767132,4.7547855,3.5518398,3.9271383,2.8455617,3.1810098,3.166956,3.577544,4.034992
31.5,81.25,8.446413,6.2752132,4.3469753,4.571185,5.943656,4.645004,4.7096324,3.678853,4.2828817,4.1459837,4.3390837,5.234668
32.0,72.5,5.1356134,5.838027,4.5323963,4.648203,4.98527,3.8428066,4.0824275,3.738502,4.300671,4.494443,3.7484994,3.8500123
32.0,73.125,4.5605917,5.474083,4.3508816,4.452549,4.7998095,3.7363043,4.206435,3.7270195,4.068713,3.7138073,3.2987843,3.4176314
32.0,73.75,3.875596,4.5985947,3.5392244,3.789235,4.769828,3.5203538,4.1673646,3.9439032,3.9890177,3.2169733,2.6475878,2.550936
32.0,74.375,3.5941255,4.0475082,3.2326546,3.2441177,4.5091486,3.1959722,3.9804554,3.6607945,3.437089,2.906639,2.3605192,2.0918846
32.0,75.0,3.626746,3.6802075,3.2420816,3.2200863,3.9576583,3.3479578,3.7259822,3.1137855,2.6189167,2.4267924,2.231971,1.9171666
32.0,75.625,3.3610263,3.607349,3.1863625,3.4975684,3.8930006,3.418425,3.4603887,2.5352511,2.0066283,2.1751306,2.0706918,1.8720322
32.0,76.25,3.1696043,3.6825268,3.0680408,3.4724057,3.8459208,2.819776,2.7371652,1.9964643,1.782019,2.0465317,1.8566456,2.0532475
32.0,76.875,4.1721087,4.290158,3.1943955,3.8049088,3.8585057,2.461931,2.1416354,1.8876957,2.2731893,2.6771076,2.5137744,2.9521732
32.0,77.5,4.778318,4.5516677,3.8143709,4.224196,3.5406978,2.6063483,2.3082101,2.3093657,2.542281,2.9544828,3.2820687,3.7518992
32.0,78.125,3.8277287,4.0330777,2.5560465,3.0761003,2.6407008,1.8484299,1.8241897,1.6839643,1.6511271,1.8824612,2.021424,2.5235567
32.0,78.75,3.1163895,2.911121,1.7265826,1.8680762,2.1098526,1.6645839,1.7523414,1.4603786,1.3960164,1.3306404,1.3113086,1.686312
32.0,79.375,4.48138,3.8135781,2.3627422,2.767653,3.1944275,2.377019,2.5559657,2.0043318,2.0482461,1.9973412,1.8528695,2.3873026
32.0,80.0,6.225363,4.576866,2.892102,3.5955908,4.2292843,3.0542486,3.2881985,2.2699647,2.9241252,2.854842,2.6891162,3.4713423
32.0,80.625,7.3203416,5.866818,3.764125,4.409694,5.156751,3.8633468,4.1225924,3.0274544,3.8626504,3.7096019,3.4743376,4.717499
32.0,81.25,8.001652,7.199006,4.5235443,4.9644465,5.684221,4.280323,4.4169946,3.7151434,4.68586,4.350384,4.3192267,5.794301
32.5,72.5,5.63407,6.234267,4.5795074,4.6246433,5.2993135,3.3194993,3.5562255,3.2479408,3.6763873,3.7632024,3.932134,4.0001507
32.5,73.125,5.6193743,6.5781217,4.863908,5.1860776,5.3082128,3.1187506,3.3890839,2.778423,3.0940387,3.726156,4.4713593,4.6971645
32.5,73.75,4.072846,4.9527383,3.7677164,4.6846614,5.1800313,3.2033696,3.5790095,2.881734,3.1987507,3.0719695,3.4426806,3.1968336
32.5,74.375,3.3895829,3.602501,3.3602693,3.7280045,4.677149,3.1947515,3.7107508,2.6420743,2.6147501,2.2582095,2.3386848,1.9568512
32.5,75.0,3.5796819,3.9075372,3.6625154,3.7468848,4.3021646,3.4057136,3.5621243,2.1624563,2.0818887,2.3378623,2.5066211,2.2259967
32.5,75.625,3.3310363,4.0129714,3.222574,3.7280045,3.8933156,2.9091966,2.9699101,2.1417358,1.758378,2.3008947,2.459852,2.4685385
32.5,76.25,3.5351696,3.9428332,2.8728542,3.5642838,3.3788562,2.1416917,2.202505,1.8556345,1.8388549,2.3490613,2.3610237,2.7885597
32.5,76.875,4.375281,4.0677633,3.4474669,4.0494237,3.5294514,2.321078,2.2514002,2.2084177,2.367521,2.8616147,2.8294158,3.3452554
32.5,77.5,4.855088,3.7380688,3.049179,3.308994,2.9476643,2.452149,2.4036455,2.3241875,2.201306,2.4007797,2.5426807,2.864566
32.5,78.125,4.3185616,3.6388083,2.067269,2.512933,2.4447346,2.1835048,2.1552522,1.8135477,1.8573445,1.986473,1.6940722,2.364645
32.5,78.75,4.326831,3.67808,2.3802416,2.6190772,2.7519267,2.4341803,2.4172308,2.071494,2.1250365,2.0589118,1.92118,2.4847462
32.5,79.375,4.94164,4.0719485,2.5829885,3.104445,3.4866087,2.7708828,2.7824023,2.2622151,2.5801635,2.457633,2.1217172,2.774061
32.5,80.0,5.177023,4.2556643,2.6261935,3.3699887,3.8520164,2.9283535,3.0225263,2.2954972,2.8417683,2.6952527,2.2383838,2.9379423
32.5,80.625,5.845795,5.362031,3.2399316,3.9250748,4.503431,3.2992194,3.5305908,2.701629,3.3652709,3.1305318,2.6974494,3.810918
32.5,81.25,6.2856894,6.3241634,3.7684567,4.480137,4.954067,3.6674159,3.760603,3.181578,3.8981485,3.6275232,3.1933317,4.563407
33.0,72.5,4.448043,4.927034,3.85452,4.016774,4.7741117,4.0257983,3.874774,4.1435156,3.971472,2.6104887,3.0383348,2.869071
33.0,73.125,4.4413567,5.588655,4.164138,4.7168555,5.165123,3.1829352,3.190432,2.9362993,3.2841918,2.95972,3.8744922,3.7663507
33.0,73.75,3.5678527,5.1582,3.7746782,4.8652277,5.3441253,3.3233566,3.2337,2.4425879,2.9906778,2.7521296,2.8646371,2.9511652
33.0,74.375,4.1553655,4.7743063,3.7862396,4.631748,5.001793,3.3206387,3.104219,2.4591343,2.7012572,2.8053837,2.7049692,2.9595761
33.0,75.0,3.5842497,4.170756,3.6250439,3.9789648,4.127722,2.8628423,2.8640869,2.1192985,2.2630575,2.781836,2.9444873,2.995961
33.0,75.625,3.2558885,3.9763675,3.1077807,3.4824967,3.3782575,2.1300788,2.426524,1.8557998,1.9515584,2.613757,2.8692431,3.0017338
33.0,76.25,3.75603,3.864429,3.2527213,3.828216,2.8925595,2.045541,2.176965,2.0683753,2.1687865,2.824915,3.1301155,3.5083256
33.0,76.875,4.775357,3.6887176,3.1088045,3.5376074,2.9579103,2.2529302,2.3833582,2.10795,2.1786253,2.5642672,2.6449594,3.04019
33.0,77.5,5.187419,3.585917,2.3568277,2.6390722,2.5930777,2.2012374,2.3316162,1.5693914,1.9238484,1.96187,2.0236702,2.5988467
33.0,78.125,4.801582,3.874247,1.8335556,2.395729,2.561174,2.3772142,2.401342,1.8199663,2.1555216,2.0962574,1.8191292,2.513925
33.0,78.75,4.258708,3.7443118,2.2017512,2.6914973,3.024868,2.5202155,2.4986162,2.1670318,2.3546915,2.2952006,2.0867317,2.6595352
33.0,79.375,4.274569,3.8794785,2.4616585,2.9834082,3.221779,2.7004564,2.67728,2.2914963,2.5244343,2.439283,2.2098925,2.749371
33.0,80.0,5.2359633,4.3940744,2.8448334,3.4669857,3.756833,3.1083014,3.1397138,2.474208,3.0332885,2.8532903,2.541338,3.2021024
33.0,80.625,6.016158,5.5770407,3.39793,4.158994,4.504423,3.468246,3.5983045,2.8111694,3.548523,3.2932239,3.0530648,4.072629
33.0,81.25,5.6650996,6.0665774,3.695813,4.6206803,4.7150927,3.6045742,3.6338387,3.2234914,3.7041056,3.343391,3.1287646,4.2989
33.5,72.5,3.7078714,4.424941,3.776647,4.2551856,4.465455,3.3998296,3.804485,3.681956,3.9537313,3.1464403,2.974712,2.8100991
33.5,73.125,4.08043,5.748358,4.604048,5.2119236,5.2989826,3.9074469,3.4411094,2.9918847,3.683956,3.7001512,3.7115283,3.6700885
33.5,73.75,5.320373,7.411862,4.998138,5.9534926,5.4503655,4.1478195,3.1009583,2.7777693,3.2780638,4.349156,4.532573,4.807532
33.5,74.375,4.688537,5.6734066,3.9116964,4.813291,4.4188166,3.182569,2.8425868,2.5396142,2.689449,3.747042,3.9088917,4.012232
33.5,75.0,3.881676,4.066647,3.0527623,3.3934994,3.2898,2.378272,2.7613115,2.2527094,2.3320353,2.8805475,2.975477,3.151959
33.5,75.625,3.6436782,3.9285336,3.0200477,3.3532486,2.9543507,2.1555996,2.503444,2.2384548,2.3788288,2.9833858,3.1671274,3.4399977
33.5,76.25,4.5555987,3.9413333,3.073853,3.440944,2.9482708,2.2806077,2.4632394,2.0106087,2.3333292,2.742301,2.9197884,3.3063977
33.5,76.875,4.494437,3.777794,2.582516,2.914593,2.5909119,1.7943772,2.058486,1.5513959,2.0613484,2.0404203,2.2520232,2.6457531
33.5,77.5,5.0835724,4.157363,3.0903442,3.1893,2.9163435,1.8905523,2.1567957,1.4590713,2.1324747,1.9825746,2.3641975,2.9899757
33.5,78.125,4.232309,3.5159357,1.8876288,2.2086198,2.5349329,2.0674078,2.000916,1.4641825,1.8767618,1.8528415,1.727666,2.2507966
33.5,78.75,3.5423048,3.377752,1.9525938,2.637575,3.1149006,2.3872159,2.3855712,2.0859456,2.3857787,2.2485225,1.9062874,2.2878351
33.5,79.375,3.866925,3.9427285,2.4700065,3.1749773,3.3767297,2.760222,2.826001,2.3579419,2.589213,2.5193138,2.3036833,2.7265244
33.5,80.0,4.4578953,4.571059,3.0031781,3.6520443,3.6175783,3.234343,3.2528062,2.8093815,3.056384,2.8557081,2.7484262,3.2167273
33.5,80.625,4.801078,4.7178574,3.311457,3.9382095,3.8329892,3.6540208,3.6591034,3.3391194,3.4411335,3.0252047,3.055262,3.5281718
33.5,81.25,5.3508353,5.5627756,3.89919,4.6318784,4.514362,4.153679,4.151007,3.9779174,4.019324,3.3860445,3.3096728,4.134302
34.0,72.5,2.616232,3.7448874,3.0604804,3.5651464,3.389567,3.4931564,3.5929017,2.995669,2.8153522,2.5365613,2.2437549,1.9881643
34.0,73.125,3.823665,5.7075515,3.7841682,4.2526464,3.9069402,3.3144495,2.7911677,2.272733,2.621513,3.0179121,3.0394092,3.2793374
34.0,73.75,4.4649987,5.7830257,3.6577506,4.116107,3.3686495,2.5475755,2.120663,1.645327,2.2197711,3.0939736,3.6822803,3.9494169
34.0,74.375,3.56108,4.075192,2.5531876,3.1272395,2.7171876,2.156625,2.251286,1.7266022,1.8166137,2.465792,2.9697478,3.0899158
34.0,75.0,3.9811435,4.0671005,2.8202932,3.2373145,2.842676,2.3120449,2.3880599,1.9190953,2.2382038,2.7051601,2.9329965,3.2409365
34.0,75.625,4.500218,4.018168,2.9212258,3.2298112,2.7882564,2.152149,2.2895532,1.9107078,2.4091349,2.7594066,2.9776254,3.2339902
34.0,76.25,4.435765,3.9061422,2.5028317,2.7659278,2.679086,1.8847662,2.0340402,1.5311794,2.036096,2.0247638,2.3637094,2.6514707
34.0,76.875,2.928866,2.9766815,1.7734537,2.2060156,2.2425232,1.625847,1.618891,1.4174414,1.6999552,1.5801994,1.6469612,1.7936236
34.0,77.5,3.9749691,4.0142617,2.9466321,2.874131,2.615208,1.6485602,1.8492337,1.3148158,2.0116088,1.7009387,2.117518,2.5680299
34.0,78.125,3.363263,2.921209,2.2040508,1.9218767,2.2429328,1.9468024,1.9650745,1.3395212,1.5413045,1.6114022,1.7135873,1.9717754
34.0,78.75,3.6805198,3.5463226,2.1898592,2.6435888,3.3751073,2.9793625,2.9699495,2.3189504,2.6672893,2.5324345,2.050241,2.464719
34.0,79.375,4.384637,4.519894,2.8271763,3.4478288,3.871012,3.580925,3.54861,2.9506366,2.9749227,3.039491,2.4993863,3.1772473
34.0,80.0,4.744012,4.9826803,3.2035468,3.8333268,3.9226124,3.9318528,3.7855208,3.2790136,3.30059,3.3485415,2.9124887,3.5753303
34.0,80.625,5.2171726,4.9090543,3.4462698,3.9893653,3.8901339,4.35114,4.208152,3.7690432,3.6372435,3.5080676,3.272124,3.7148607
34.0,81.25,6.0503063,5.6839566,3.8529608,4.592897,4.3657985,4.896306,4.800075,4.301837,4.1731486,3.7645571,3.5050504,4.295506
34.5,72.5,3.4254165,4.5816445,3.0675368,3.6594498,3.1839216,3.0482998,2.2564013,1.8899796,2.1646037,2.9184444,2.4218392,2.8411522
34.5,73.125,4.376163,5.0945144,3.561315,3.509336,3.2210388,2.7816494,2.167715,2.007868,2.5563354,3.2287865,3.3676643,3.9044635
34.5,73.75,3.8392742,4.3189144,3.45865,3.4498632,2.9005454,2.8733404,2.5571706,2.3692985,2.6653197,3.1211677,3.6558723,4.0138855
34.5,74.375,4.2418385,4.705406,3.5985034,3.7943783,2.944081,3.048837,2.4562147,2.23256,2.5751505,3.1614826,4.0903206,4.4472275
34.5,75.0,4.5752087,4.400771,3.3719723,3.7157323,2.8973005,2.8304124,2.6506371,2.0483165,2.5396037,2.9407477,3.9357796,4.1742625
34.5,75.625,3.9419708,3.725792,2.29165,2.630983,2.467109,2.0623379,2.0010262,1.5492301,2.0688841,2.0362778,2.4814014,2.6398938
34.5,76.25,3.3751392,3.614952,2.2210777,2.318239,2.0265021,1.5983486,1.5626048,1.4470297,1.8186319,1.6298387,2.037928,2.4009902
34.5,76.875,2.6663754,2.70579,1.9312433,1.993361,1.924668,1.7120204,1.4896382,1.4104794,1.4859985,1.5179356,1.872059,1.9380367
34.5,77.5,2.8057954,2.9855926,2.384148,2.1065364,2.0539129,1.8759527,1.9397429,1.371413,1.539506,1.790428,2.1549854,2.2456067
34.5,78.125,3.6533651,3.3495712,2.4295423,2.2674658,2.3511422,2.3659186,2.713082,1.7964028,2.0067015,2.0595262,2.0011687,2.3679762
34.5,78.75,6.3280597,6.2651687,3.377312,3.8162694,4.0896835,3.712045,3.9854012,2.535385,3.7276406,3.3835244,3.1338592,4.435745
34.5,79.375,8.538745,8.299173,4.9267545,5.26583,4.869579,4.2548995,4.411482,3.2620184,4.318803,4.3821697,4.2618866,6.188407
34.5,80.0,7.932048,7.8989577,4.6986322,5.146527,4.498981,4.068376,4.0061455,3.218199,4.068266,4.369884,4.079611,5.8996434
34.5,80.625,6.4913344,6.367219,3.9913964,4.7219825,4.2777977,4.428028,4.395904,3.6266227,3.8520548,4.0915008,3.5829232,4.8012
34.5,81.25,7.1472692,7.025265,4.4058843,5.4427342,4.4546814,5.1504726,5.1529603,4.3116183,4.2459025,4.368356,3.956133,5.4525356
35.0,72.5,4.0080304,4.4648056,3.095164,3.374554,3.0963144,3.016244,2.2579014,1.9133934,1.9449177,2.769188,2.8812387,3.4785562
35.0,73.125,3.897616,4.3164206,2.946333,2.958864,2.7213302,2.5607753,2.2147832,1.8620688,2.1835,2.7179813,3.154481,3.4824781
35.0,73.75,3.863326,3.6602578,2.3989615,2.7790747,2.2876027,2.0136724,2.0192895,1.9230882,1.945105,2.0901067,2.815874,2.861038
35.0,74.375,3.8294456,3.5047488,2.0515969,2.6098404,2.1206656,1.8055751,1.9695872,1.8635021,2.1924357,2.0465474,2.6006966,2.681634
35.0,75.0,4.542651,3.9682412,2.263369,2.9282975,2.4482865,1.8237311,2.0492952,1.744708,2.24517,2.0522492,2.6980193,2.8740797
35.0,75.625,3.3231924,2.9077466,1.725551,2.2732844,2.221417,1.8303798,1.7877182,1.6572741,1.9334024,1.6366432,1.8253059,1.9076451
35.0,76.25,2.5701683,2.6794925,1.8347212,2.0347753,1.649553,1.7726568,1.6096846,1.4079672,1.4663451,1.6426915,1.9922494,2.174412
35.0,76.875,2.9317641,2.8141708,2.2165966,2.217482,1.9954253,2.1932948,2.08049,1.61262,1.555017,1.9519901,2.4793181,2.51576
35.0,77.5,3.3606405,3.4496515,2.0861387,2.1285377,2.4214153,2.4245367,2.7867968,1.7940638,1.9833698,2.1364698,2.1326385,2.240905
35.0,78.125,5.412107,5.6734586,2.8426597,3.1264827,2.9914129,2.5611823,3.261107,2.1707256,3.0061808,2.6352255,2.4866178,3.5378745
35.0,78.75,7.998895,8.832761,4.5976057,5.034189,4.366145,3.6411302,3.7143579,2.6758997,4.200899,3.965666,4.206792,6.0604773
35.0,79.375,8.642985,9.209365,5.4858522,5.8410254,4.6763296,3.835336,3.745466,3.036527,4.1139035,4.6190963,4.790858,6.9336185
35.0,80.0,6.7392554,7.0168076,4.07368,5.0074315,4.287075,3.8347826,3.9082685,3.236486,3.8085327,4.3448086,3.6304574,5.2153254
35.0,80.625,6.362271,6.299662,3.7112174,4.8131447,4.3576393,4.163656,4.50194,3.5603266,4.064807,4.149937,3.2002003,4.7017245
35.0,81.25,7.8579865,8.131937,4.715155,5.666286,4.619248,4.5478196,4.7166734,3.7775016,4.0684853,4.4361644,4.0765347,6.3184943
35.5,72.5,2.844346,2.939206,2.614018,2.5836523,2.5756493,3.22308,2.7313216,2.5293128,2.3043008,2.278347,2.348182,2.7051187
35.5,73.125,2.6513095,2.889157,2.4504516,2.2205257,2.1728802,2.5367844,2.0452867,1.875528,1.8065795,1.9670362,2.325949,2.4323862
35.5,73.75,1.8677126,2.2960784,1.3915665,1.705983,1.4972564,1.6578945,1.5285432,1.464348,1.4719766,1.2512041,1.4601449,1.5984765
35.5,74.375,2.3605223,2.7240222,1.596566,1.8282732,1.4949567,1.3587002,1.2523217,1.1501704,1.5866536,1.4847246,1.7375863,2.0652575
35.5,75.0,2.462006,2.5753229,1.518437,1.6619807,1.2873664,1.1093552,1.3139476,0.95221174,1.2219034,1.3018161,1.763217,2.0893252
35.5,75.625,2.4602656,2.4394674,1.6804165,1.8176286,1.4463334,1.5984462,1.7537472,1.3147922,1.3583272,1.6450462,2.111626,2.085474
35.5,76.25,2.808725,2.4244006,1.913492,2.125677,1.8525814,2.315878,2.5219672,1.8335122,1.658317,2.148858,2.656194,2.3815143
35.5,76.875,4.372966,4.3247213,2.0822089,2.4656591,2.2962067,2.3530035,2.8080528,1.9840682,2.231962,2.1078975,2.166159,2.6049109
35.5,77.5,6.577713,6.9259872,3.2491932,3.7771175,3.2660396,2.7359624,3.313857,2.4349487,3.3823445,2.9255953,3.0365527,4.392493
35.5,78.125,7.881928,8.370254,4.319222,4.8900323,3.9972723,2.9929938,3.573851,2.8066094,3.9193318,3.569229,4.0799203,5.7215314
35.5,78.75,7.1155467,7.8187747,3.8886368,4.42457,3.818955,2.7692552,2.9458504,2.3722596,3.416451,3.2424977,3.4822478,5.1514077
35.5,79.375,7.408736,7.243091,3.9442537,4.344183,3.6858196,3.171428,3.122498,2.3922791,3.0891478,3.4371095,3.6776905,5.2728324
35.5,80.0,8.721016,7.7824674,4.1115136,4.376247,3.777199,3.71683,3.6994417,2.7753437,3.4549682,3.5862398,4.1469774,5.9218526
35.5,80.625,9.404263,8.412141,3.9849465,4.420615,3.6569953,3.5011237,3.3911314,2.551695,3.312211,3.379067,4.159689,6.3814983
35.5,81.25,9.290099,8.235558,3.786019,4.40862,3.6093092,3.594955,2.9846451,2.4459114,2.9599485,3.0789077,4.1538787,6.3592896
36.0,72.5,2.3509457,2.6802423,1.6176959,1.7319597,1.6006696,2.0074224,2.1019745,1.9483291,1.6671671,1.5361123,1.4429492,1.827819
36.0,73.125,2.4535713,2.9206424,2.2335918,2.3978858,2.4558234,3.1049974,2.3425002,2.4164255,2.3015501,2.1942053,1.9667529,2.2343526
36.0,73.75,2.2485168,2.7942386,1.9415524,2.0267105,1.9543114,2.517001,1.9443029,1.7383446,1.7403197,1.8241432,2.071058,2.336986
36.0,74.375,2.2394836,2.4231799,1.5651584,1.7198665,1.4851911,1.7521083,1.8086907,1.3199348,1.3569132,1.5918591,2.0469043,2.3053896
36.0,75.0,2.7387826,2.6066864,1.9168706,1.9885677,1.6066589,1.804566,2.182911,1.6289184,1.4942098,1.8562279,2.4868782,2.630585
36.0,75.625,3.4610138,3.2599456,2.2387345,2.4464698,2.0896754,2.4377773,3.0278187,2.193084,1.881254,2.2339845,2.6079314,2.576929
36.0,76.25,4.706021,4.7541122,2.269449,2.6198828,2.109073,1.9837815,2.5298269,1.9525504,2.2710652,2.0156124,2.266997,2.946109
36.0,76.875,5.3522215,5.4928646,2.6535058,3.034222,2.4208286,1.9712083,2.0622878,1.9204774,2.6525187,2.2429152,2.733151,3.729454
36.0,77.5,6.629975,7.4151406,3.666154,4.0953546,3.3981826,2.4769862,2.437077,2.2512052,3.2070515,3.0669763,3.688856,5.3021135
36.0,78.125,8.616271,9.139017,4.87454,5.0560317,3.7972975,2.5976486,2.3753567,2.4508808,3.6700072,3.4976957,4.7901254,6.9135675
36.0,78.75,7.5172606,7.945937,3.6987112,3.9924495,3.0921876,2.3235438,1.904945,2.086505,2.717452,2.8844695,3.9825976,5.979627
36.0,79.375,8.124871,8.122573,3.2984703,3.4363866,2.676566,2.4528327,1.7651391,1.9954482,2.352071,2.4910803,4.08724,6.291781
36.0,80.0,8.985759,8.382583,3.3097165,3.3175552,2.3849912,2.4106615,1.8105729,2.0791018,2.3160603,2.259249,4.0897593,6.823015
36.0,80.625,8.158232,7.1416335,2.7081304,3.0566504,2.2074537,2.3781092,1.8586607,1.8552171,2.0171428,2.0276775,3.4607227,6.029723
36.0,81.25,7.402168,5.9663925,2.3660657,2.7795265,2.1332586,2.3509526,2.0538392,1.6835705,1.8446898,1.9219805,3.3824348,5.215845
36.5,72.5,1.6908524,1.9924896,1.2431763,1.4437841,1.4333861,1.6078782,1.9877796,1.832827,1.3664672,1.2018366,1.1907337,1.4766582
36.5,73.125,1.796148,2.160589,1.3888888,1.5856868,1.6578143,1.9663417,1.9486935,1.9208909,1.7122029,1.3413669,1.2065804,1.5339998
36.5,73.75,2.2308521,2.2906244,1.3168634,1.62066,1.567506,2.051856,2.0502481,1.8155797,1.6057006,1.3075849,1.501128,1.7194443
36.5,74.375,2.4897199,2.500703,1.5047257,1.8364844,1.6392912,2.1173754,2.2722113,1.8397417,1.5340941,1.4474578,1.6742237,1.8702601
36.5,75.0,2.9583125,3.3333359,1.6720133,2.0834408,1.6502932,1.7611415,2.1587174,1.7332491,1.6211954,1.5279375,1.813335,2.2828026
36.5,75.625,4.2257333,4.7819967,2.2471614,2.757041,2.141583,1.6927658,1.9061106,1.695305,2.134916,2.0210857,2.4282112,3.3978481
36.5,76.25,4.476922,5.31234,2.6147583,3.0212011,2.2736316,1.5315843,1.4591285,1.5034105,2.092574,2.259501,3.143877,4.140524
36.5,76.875,5.345047,6.4850345,3.227949,3.4527278,2.7220547,1.9027472,1.7185949,1.7089295,2.3415487,2.4997945,3.9564826,5.325409
36.5,77.5,6.1769524,7.1774173,3.1318088,3.57514,3.1954987,2.2739956,2.0283778,1.9639226,2.518925,2.674355,3.9333382,5.6792397
36.5,78.125,6.5012574,7.5019674,3.270969,3.1435237,2.5079513,2.1101975,1.559742,1.8435849,2.4125528,2.4171607,4.3644094,6.270186
36.5,78.75,6.4674206,7.077712,2.9717786,2.9996028,2.083761,2.1933641,1.7354445,1.867176,2.0955932,2.162593,4.324435,6.3184
36.5,79.375,5.974733,5.619059,2.577519,2.6122167,2.2250555,2.762163,2.2529478,2.0869064,2.1388793,2.1886451,3.524425,5.3381042
36.5,80.0,4.7831926,4.581819,2.511723,2.5891535,2.4337168,3.4069912,2.9422512,2.4829655,2.4055786,2.048146,2.7232552,4.2998056
36.5,80.625,4.4897594,4.037028,2.413358,3.3379655,3.502407,4.8609543,4.530544,3.5178857,3.1637979,2.5989194,2.6906543,4.285709
36.5,81.25,4.9860344,4.2884665,3.613136,4.29389,4.26841,5.930697,5.3682137,4.5905056,4.476713,4.013738,3.9099495,4.973469
37.0,72.5,2.3677993,2.9376538,1.7769543,1.9982682,1.8226722,1.7552415,1.6992841,1.6556911,1.5060424,1.4610351,1.8554411,2.292387
37.0,73.125,2.9282517,3.2849963,1.9058843,2.2016861,2.2904298,2.1540532,2.127822,2.0719903,1.7834105,1.7501212,2.0493376,2.6018236
37.0,73.75,3.7484066,3.966724,2.0915806,2.4612565,2.625698,2.4871507,2.447016,2.337828,2.1811318,2.182132,2.3181038,3.1111166
37.0,74.375,4.192648,4.756397,2.304558,2.8533952,2.6407008,2.4776535,2.377176,2.12578,2.150761,2.2988784,2.2332568,3.310934
37.0,75.0,4.440624,5.4552145,2.5530775,3.2308366,2.684213,2.2220383,2.1390996,1.9255532,2.2014363,2.3459346,2.6257536,3.8182898
37.0,75.625,4.582911,5.8322897,2.9121847,3.4237077,2.716227,1.8940191,1.6005411,1.6238505,2.164864,2.461484,3.2421274,4.670167
37.0,76.25,4.6730065,5.9311666,2.7836406,3.2762954,2.3359425,1.8604579,1.3982588,1.4851235,1.9252156,2.2688334,3.8904915,5.24363
37.0,76.875,4.5865965,6.1269937,2.6543958,3.0785334,2.2436574,2.5043707,1.9296427,2.148296,2.2147338,2.1801238,4.27118,5.8214397
37.0,77.5,4.319861,5.445789,2.2963557,2.7152278,2.3866765,2.6595058,2.3729074,2.2090714,2.1301064,1.988056,3.4609506,5.072952
37.0,78.125,4.464786,5.05621,2.3977015,2.9980974,2.6983967,3.3262458,3.0340245,2.5551288,2.4904256,2.1790843,3.5751188,5.1192284
37.0,78.75,3.8315089,4.3037777,2.4130273,3.236818,2.9250066,3.7877936,3.6546378,2.8459396,2.5227253,2.4191296,3.1856656,4.497268
37.0,79.375,3.2067294,3.3907962,2.6751163,3.8741553,4.060087,4.74336,4.487417,4.037724,3.3734415,2.9251544,2.6602345,3.2538602
37.0,80.0,3.526081,4.0511794,3.6365736,4.73445,5.071916,5.818881,5.563022,5.135585,4.868396,4.1915827,3.2125537,3.4999697
37.0,80.625,3.9347725,4.3214254,3.8612773,4.7938085,5.0345707,6.0947433,5.7834735,5.498016,5.367859,4.323198,3.3503466,3.4558904
37.0,81.25,4.585045,4.7124343,3.4405286,4.321592,4.291391,5.480339,4.95308,4.7675233,4.395821,3.6090002,3.5933805,4.085411
