lat,lon,2020-01,2020-02,2020-03,2020-04,2020-05,2020-06,2020-07,2020-08,2020-09,2020-10,2020-11,2020-12
29.0,72.5,228.56790142443978,214.55375731513004,227.7719039449391,260.15623888894083,267.09363844266653,282.2160438337799,348.6927154332415,24.953386211078698,323.9457155933511,180.0,246.44072807668056,214.83129230270018
29.0,73.125,219.94297074143023,197.7564421366345,229.5738354335918,275.85657531350466,304.55336000287514,291.57566841644666,314.8557085589519,19.803937266228072,253.76898265751453,318.2499775413573,232.70528395630566,223.5533554953824
29.0,73.75,229.55729645767752,212.79165039902347,241.69629825685317,277.823365095413,290.2859115721622,303.8884933132742,302.5559840057578,20.61269218423995,268.81979493198867,275.80152915308986,231.86978202950115,224.24666549477007
29.0,74.375,225.53439284167965,227.57828753891923,223.66774983867654,276.2666097236166,265.65375156968787,305.39420575032705,296.80628307740056,236.33300269646287,166.43773530280242,271.4511817776861,232.00005567748093,216.0919468369297
29.0,75.0,235.8126682714261,239.9084659000775,198.21909553644716,270.7537240102108,250.44561130402926,313.2001197098696,286.95369092565323,207.23013891082175,157.53954256750131,300.7392159041066,237.0337526649249,227.18246607640597
29.0,75.625,208.06727994068274,232.18030760963188,188.0268184978701,271.31482702207825,241.52134144589934,316.8144895259565,288.27839237395847,183.1418467568936,164.2542513651601,299.4790484634138,248.15726103336857,241.34999149014538
29.0,76.25,216.7761791327285,209.34634313084177,186.9798229130098,284.4473963357443,251.78114638566,316.41823375471176,290.13200038291495,179.8695505305918,167.70826658658794,306.9211726002988,253.491255496399,211.49051760010792
29.0,76.875,232.2974226618648,203.91806449681306,191.43990088186214,286.64745894431843,245.16634775383812,320.66736836146737,289.9307114586654,186.81512306370263,160.23911821609605,308.6134365592632,255.3844201896764,177.99852315412153
29.0,77.5,197.60269218990695,167.6921231286487,187.80214634688417,292.7901939717492,253.03082399143648,316.67546679438885,277.58626949818216,204.35523512450035,154.91629408439798,180.0,259.81075326605725,174.07708506379734
29.0,78.125,178.5311165957672,156.9970608555169,171.86787256972323,296.3867064650085,289.7709908881127,312.331170629737,288.04691220229813,203.23602891998286,186.24551777927897,180.0,271.35763067602477,191.2697798345703
29.0,78.75,178.96832919600115,93.46186175468951,169.78387066637282,307.909249483602,290.7915215926744,321.7479987955798,268.39513758642147,189.43535673569974,262.23376275544166,180.0,294.79977343461564,166.4523851341997
29.0,79.375,92.81525173810238,54.9724554699605,189.7987607037878,319.58376131471493,287.42895921346144,314.76599727783656,269.6424262616961,194.37101465465946,309.66353183734594,180.0,289.2428876128018,138.4863848859556
29.0,80.0,149.61962537151638,92.4324518406149,181.6951105168937,328.2107796688737,289.15083694300677,323.26259239511967,294.6988103967333,238.61690996527153,316.0350912177895,180.0,286.9213363254967,40.18357502559931
29.0,80.625,136.3398473374836,108.30684846438447,186.32830569192333,340.17315457724374,307.46916990603415,335.2006694946282,318.67358251991635,341.5381583411131,348.26550327431806,131.11024548472665,7.739680552570828,25.28903787602325
29.0,81.25,159.9700799939024,106.39114656540724,157.6846709013154,356.83444933499777,310.75516725307193,296.822523272314,233.82805386420426,173.4757058900593,303.2225817707085,67.62676622888544,40.86378360250435,226.95689340444315
29.5,72.5,209.93890037320668,227.6697798633274,242.3217164275153,245.6472422772836,261.4043344224024,275.9325556477116,337.2971634125867,12.800277843529997,222.0110865924982,180.0,201.68780136412815,209.79567572054427
29.5,73.125,217.9016767430057,246.52900686409768,240.09230652475475,254.3709690987361,279.8069189995082,284.1445175469251,311.90460277303094,341.3492428790948,289.16917066186,180.0,245.04236107951735,218.60640012243192
29.5,73.75,222.2805804655219,281.5743756848492,240.35045229058855,256.4491009014396,283.3323496740998,277.2756163576218,303.0733509506295,306.44477174630373,250.34465098078476,180.0,228.73255361670763,218.07132079417556
29.5,74.375,227.91762633149696,262.31595326764443,223.0423705567211,255.21555224274363,265.51816364195,287.096508476164,304.5127635212285,252.70470430031656,165.83584842801486,180.0,232.6148286361964,204.28842384816693
29.5,75.0,243.5395482505325,253.17254300522535,202.61646922181154,247.46703812826053,246.10504728775624,296.6984178442181,292.5361179317564,226.0489563035294,170.38869663178383,180.0,242.15003263747934,213.41625924821784
29.5,75.625,208.23167815722317,245.48601079866933,180.57619571430968,263.08592623820357,243.89333826768728,306.6599049196003,289.1388197089901,198.3561995831039,173.24205043497207,180.0,237.4537449192672,214.85698015709002
29.5,76.25,212.85898121590094,220.39219545012,171.63789660249873,265.7686789534351,248.86572319590294,312.95036853667386,289.2569642701576,192.93607961947038,175.48786840478868,180.0,246.94627051611639,205.94217985587585
29.5,76.875,234.2694720686042,200.17150264039634,173.22578984288106,294.9639821239587,243.48934533743216,312.38417195573345,280.48915066779193,207.82728781883281,158.7629913943966,180.0,257.3668344392077,209.22031421830235
29.5,77.5,213.20056406628976,151.32553863676443,163.53508089310228,282.6024230983952,257.5608396491211,316.8148177696514,275.2314253318241,227.70638506913886,162.42586193571407,180.0,251.0032023511768,217.19982970706866
29.5,78.125,190.4249295822112,141.8581222918538,174.488586874993,289.9915257044245,279.56633081033186,323.62462819196304,289.86465647449904,244.5729847985997,322.9183105602983,180.0,271.5682105576167,205.51338968287635
29.5,78.75,170.5321000626597,127.93637284129211,203.7510462267152,332.1081243294095,298.8068416720705,337.00965703966796,304.72240177014936,287.48821134451333,17.799397822023515,180.0,308.71103262124984,136.45245597049552
29.5,79.375,148.893590738548,69.413497014,209.33345586712565,337.7733224623745,314.2912930349792,347.82072485588543,325.16532934365273,341.5234080577818,15.710701366870653,180.0,338.05803761078744,105.91725764531485
29.5,80.0,127.22765665776086,90.75470389269911,151.7691835014114,316.65011833988314,302.55035138053654,334.84018408822453,257.8428560619975,174.63510207274084,359.9939536277475,47.29915308346351,29.26495140351894,190.07325234299623
29.5,80.625,166.4384960983294,145.13775684788905,175.03921050139613,331.9197432634791,314.0121686631565,351.6605484194257,307.09270563548984,39.515750819674174,350.47785517375513,48.11254591074776,340.77118708634265,198.05022324140486
29.5,81.25,204.9749018998046,68.96125682395387,228.82524055270915,329.26575562597117,318.18322693926063,345.89310989452895,338.77794873159183,359.417105861096,337.13582196359687,36.3640951782714,298.9863488971438,290.8062830453363
30.0,72.5,216.2279044998243,201.5310299728762,233.33586872478125,240.40416036660417,235.9209928864455,282.02069803854675,309.88244419983414,344.61671304027794,160.48223076274968,180.0,211.6166302580138,205.85939365218232
30.0,73.125,218.18229111388217,257.1406003071097,246.22682910989994,239.7678640960571,269.92535498499484,266.1094603978655,310.91387559780094,295.6622589432643,179.5597228259031,180.0,229.0920043120279,204.73591281118777
30.0,73.75,209.52505146122874,280.84115573307076,238.80308307410272,241.72026856017322,272.3372084697639,269.0059875277201,309.21790164543125,284.9903124171648,178.89084651642224,180.0,240.32662454409027,216.77539012959724
30.0,74.375,218.87180031499537,259.1887227184103,217.3391878722445,241.6030848095196,262.46561991020576,280.59592321691105,311.64497876425617,263.96871789290185,169.95995479012169,180.0,237.30183530028023,198.32279380350624
30.0,75.0,234.79445078451337,253.0122885762117,200.7128767081659,246.90554845861905,243.1765848425713,290.2181949982679,298.57149653073805,246.3751615265878,169.06733119806754,180.0,248.83747765100452,209.70260516386654
30.0,75.625,228.3096909613973,244.46120659400765,178.7683215151573,262.4237778014361,247.16318256014804,297.9130079253243,295.1534326374876,224.28519731428446,161.9329897219988,180.0,255.02334948400494,209.0773888889255
30.0,76.25,224.50896129793418,210.8354439131391,167.3415323941952,261.7322405361632,243.629029869818,304.5812473135491,289.141004996551,236.91368579419435,167.0022397981835,180.0,260.5545328684814,211.1601440247518
30.0,76.875,224.1849275491978,184.02079314213998,171.09650291889173,276.06963024415654,265.42055026105925,292.08336966972024,277.46593915876133,273.11349946251977,59.23050893656952,180.0,268.53684151002943,216.1788238757168
30.0,77.5,227.28426832923614,142.0533974858875,150.723399009447,278.76191253410167,285.4051979638774,315.4254323120238,288.68999182425057,239.19480366962802,353.90153897658655,180.0,235.41422536605558,245.05839360018717
30.0,78.125,184.22497402704875,17.862629932832355,158.9678963201662,337.44346281860953,302.32011816149037,329.32789808845826,282.595454087251,278.76664394465445,325.49607010981504,180.0,249.8045183418916,165.99902117457242
30.0,78.75,120.04683564932812,85.17796669832447,162.54336849663585,337.29572345520353,331.78157898745206,22.084103296155405,334.0267969816086,320.57218293737026,39.98637141967439,180.0,78.69116997816215,153.502055327297
30.0,79.375,161.19961581041247,341.10983201655387,156.0109996129594,325.0590824050466,325.85618673781255,4.468285084540146,311.67866172470457,246.54452189215345,344.95763742051554,63.1219100733102,91.31113682766934,185.46547982544664
30.0,80.0,201.69560243832706,52.68774762502072,181.29393339242662,327.9226784804743,333.80665794761626,345.71404344770565,336.28869754744636,332.78806566047206,339.16154286038693,6.20548995660518,309.41705052885413,238.49754590671733
30.0,80.625,220.3870742375273,207.93152557698002,222.33080926433607,263.52036423933123,297.10742162729156,312.89790939866003,299.8295634760098,321.78317736455256,300.6171150014958,297.7857979350103,250.04111824492676,248.92918453158427
30.0,81.25,229.48715183848094,150.005671295564,339.18310459123256,342.0395297562823,336.0915106759188,75.00877018563052,15.291850106452541,335.808615731078,330.2604055214067,29.759523921320508,296.3112644357361,225.2126069388775
30.5,72.5,213.85210083111596,203.26805492881556,221.0974589925184,246.23012135289915,202.97097133529277,278.57452042293477,311.42005679620473,268.00382517255855,146.31146141249593,180.0,316.31734227915086,200.0726262700819
30.5,73.125,222.10331008731342,185.57396229779948,229.659847415055,243.20308599543984,245.95765958590118,266.841512122753,308.9700539725974,290.02446340448796,167.777099980617,180.0,242.96426605348148,204.51878674121306
30.5,73.75,211.7478129379826,262.30891447234745,220.761295994808,239.13300358264866,263.626101872402,266.3764082222952,314.6960610896287,286.71312074162734,174.86411785338646,180.0,236.6698787835116,203.48166111869514
30.5,74.375,220.36217694168406,237.5205979615191,209.90555486067953,237.18199771681395,253.09024912999428,275.63090946866873,312.3484092931449,275.9111172088775,172.53708246529368,180.0,255.45366784484224,197.64726418088367
30.5,75.0,225.1988070702869,239.76951709493443,201.58993610585318,249.966056907893,248.70184245777176,288.31351539737614,305.2355915093024,258.8283763600064,164.65548593308162,180.0,252.25549010602327,210.44634573936432
30.5,75.625,230.61967503204875,231.19376853073473,197.37569003793803,250.91003418372213,248.9528768059593,295.5959783115927,296.2480718569531,229.9141519564703,162.5363084992043,180.0,270.61462725536876,209.4076643698519
30.5,76.25,222.06659692716858,210.88816867335055,182.91894942733086,286.907164925076,236.21875484474825,297.1277083167283,286.6529734538098,266.9276995505867,162.6482717088108,180.0,283.1567333291527,214.278069060823
30.5,76.875,201.06206656770777,250.95503990066132,174.86021798143668,251.557931538492,247.87064051475085,285.0195645808459,278.6436249537172,283.9952592606664,85.93226007737205,180.0,282.22732654240724,231.198458198724
30.5,77.5,132.57310327447038,9.657266775422762,164.36523621128697,305.66297058433264,340.3374489689595,327.3216669421744,346.2302376494021,330.0827541743655,53.21636185198657,62.829905140466046,248.08192075937336,242.688827516917
30.5,78.125,142.66659983948466,9.449643415384678,154.86444489518132,64.57453876536876,325.20894350011224,29.31398652306878,338.93229616726484,259.3125262009147,353.89517603436013,102.7619465025795,254.8128012439156,158.4451565129365
30.5,78.75,191.29838221204818,29.577748160124543,154.32264476305673,352.9628158009182,4.095970626457144,19.32902777116025,2.0696683481365095,6.229316469164588,36.12978733762134,83.05330429135647,109.14545400585268,167.20263033420346
30.5,79.375,229.45699543581725,271.96044595425565,259.1825402201607,7.59986587823035,342.60576917364966,16.777581343710636,46.744472625361375,49.40068976688415,74.06719786858568,44.82275421897527,207.4119987117343,275.54548395115086
30.5,80.0,226.78783261148322,265.1806683037298,220.23037472163853,262.7427128200194,272.30989607419195,244.96194619119814,316.0323762859744,340.5964744308635,321.0675020779901,224.3354676184494,229.81163062693616,220.22942379638522
30.5,80.625,213.2524805985,242.8912197866722,215.58991968110672,255.36920868098886,247.44496986826954,246.99098385443637,271.8025098830038,258.8578255545589,261.3174009558612,222.43205002918603,222.42452549549182,215.78080987563663
30.5,81.25,220.689831955256,252.24257843327658,225.68025821699655,270.351124990246,256.75982168351834,258.41156313564903,266.2349658690951,288.2825122412881,272.4556188275651,237.80876960728938,249.60862296428675,285.00747473360354
31.0,72.5,213.59977099229346,193.70558611345677,209.62581929464753,244.79141326597136,231.6136223165014,280.1070868092618,305.1394842425714,133.49680532398892,144.49657559109866,180.0,280.77715160928824,212.13916581959063
31.0,73.125,233.4675290556134,186.98643766052118,214.2436674122882,242.61304125704834,257.2955178004127,265.8713593536225,300.1549405736528,299.999850614514,159.77482967351526,180.0,322.9392701758018,239.71241697097736
31.0,73.75,219.75535369853876,228.1910729543305,204.30463402191074,239.024284675223,254.7551209109962,266.53885835700595,309.0206542544187,299.8262836019285,172.75989047361037,180.0,229.37512370195486,229.07927001876413
31.0,74.375,218.8905556746705,229.745022363666,204.5910202409487,241.64884191403513,242.92152186392912,271.2967343990284,308.79143826602467,293.10098043713117,161.97466500284403,180.0,249.80828750051907,204.9484768839692
31.0,75.0,222.72939588461352,224.66979458400294,199.32730059257474,240.2290445645073,245.0891543184164,280.92126719650315,302.14290131695026,280.3530857013809,163.10544186726196,180.0,258.94491416556286,200.24131801239866
31.0,75.625,220.02643004267983,207.31959955263875,196.49090118826453,237.42746459395215,233.42616236660598,294.54800265585305,288.10363949535775,256.08905895380786,178.65833249323182,180.0,282.9002328092457,206.77516324053485
31.0,76.25,201.20902218269867,192.4284460224005,196.96095562944018,244.25358890884846,212.8965164277691,298.0697637235764,296.2179429388328,323.4666048119309,176.07114498815386,180.0,286.3764033032073,211.12137916391907
31.0,76.875,157.64321690871787,96.8422205550128,175.2760284320135,230.30375011008778,216.948721505839,313.3330080537892,341.1684059002532,335.5090180530652,119.12245241964361,62.829905140466046,282.7306515437525,225.6741420464213
31.0,77.5,173.58597304427414,55.24704535854875,160.1508652822867,223.26420449892333,302.69886762519127,8.176369364029155,346.97618412270873,318.3307814293478,46.77701245262206,122.74863813153846,110.87203605307495,179.2663892261981
31.0,78.125,177.28302524898348,28.251700932880283,164.542742427161,232.4542884124445,313.7389586410488,30.55122406535958,24.66879409954408,57.49740404492819,62.02093131352152,120.11883072612686,134.554806816496,179.9708780053951
31.0,78.75,202.34938665789056,194.4397876375066,59.53940884697739,1.2787565744943759,341.28175262473013,50.782221431140435,23.98742012638832,15.679420874521954,89.71189748322077,114.96038789049994,210.86344143185102,345.10272284267376
31.0,79.375,214.04853741066609,239.85817371363748,209.4110098136589,264.16872794501955,302.7540890648205,277.04063230036206,277.9592333936682,288.96951085260326,271.0233211456907,220.53157029014832,220.15694267536614,194.97935388083235
31.0,80.0,235.84537270502034,243.64067281113722,244.3399140656506,260.1816583604754,284.8895121001535,260.90102996352505,268.8989247721463,292.42169290735495,272.5579179839254,219.31077256262063,249.82333519714126,274.130278630736
31.0,80.625,241.13849506505477,249.96140890190543,248.84480920499487,266.46163010113963,276.7349621223136,272.22534164880915,282.3120566915854,306.50077059695457,303.321517204584,237.88959216820388,269.327567598983,271.5802511353081
31.0,81.25,256.15428699234195,261.0419820581046,253.7780809019438,291.8429258637111,288.7821728614199,285.922854150327,284.0957542966232,310.4923521242945,295.25442648796053,249.55438770361434,264.6904278646626,298.35000972762884
31.5,72.5,219.05829359935362,196.53287860219137,209.77687937291773,241.38174974982718,257.1669695608126,264.3807670798244,287.11878371536704,246.0970598940139,163.86930669433275,180.0,181.9731448284972,197.34543189566241
31.5,73.125,229.37803230659108,189.3471610530954,209.29520929547076,240.28153018638469,266.0105766451912,253.39672048737353,293.68583200094594,300.38846524362094,156.49357450832727,180.0,301.286194482175,137.1425153628323
31.5,73.75,217.4453042057015,220.93628405925003,198.9498916577183,241.82651442099097,272.76354895444126,260.7933988881055,298.34089738544816,300.3950305147246,163.67012493038845,180.0,236.95712012775493,214.89272107743287
31.5,74.375,206.44375846971587,218.3915133066099,196.72530904913583,238.84027980774846,239.19758232471634,278.9555825899679,298.87760416088815,293.6901169195953,155.8093294767495,180.0,234.73422249701582,182.4304101312405
31.5,75.0,204.80034757142812,206.8237355976733,192.26152853641446,222.56248797103171,219.4232205180675,284.6230142063663,286.9929812320211,284.44851581877873,221.68368881322442,180.0,263.7306655601847,186.27879356444402
31.5,75.625,199.20474071209486,198.93969254215077,188.13926268960623,218.60877922480947,208.19989309172018,289.676203957095,267.36144525298266,274.22393133697494,274.80481668830504,180.0,280.1790309567415,200.15221945001272
31.5,76.25,147.70959037278746,125.1302627986666,163.13318849223307,207.0280307993941,198.2653728482737,295.12797453397366,277.44836671696856,317.4985454726822,152.39626747533308,180.0,292.8980456176926,174.1653874747598
31.5,76.875,102.86947444403948,87.33487069291449,135.11530756771072,157.1819213256412,277.1953969725354,26.626241126700126,9.293149305384466,334.0427288400505,57.523389338260124,130.61041984177945,338.0824743968931,153.19518594071099
31.5,77.5,186.43780581625825,6.600508629282036,174.51256136458204,291.80644211578283,311.29790367667033,18.667817525748827,0.49619468089443103,41.2405067258944,99.25547795398089,151.07097367848704,136.09267124372894,269.751790825702
31.5,78.125,189.80160378250866,235.1978969225922,206.3515985897393,317.20926042397315,328.4548410360834,34.224361123036175,77.5864176265601,50.48657290233154,47.32733147178998,169.2126930849955,304.0578590018791,17.962854101355504
31.5,78.75,226.38147774367803,243.98647847649147,213.4111362662896,260.7624992620045,281.46940006634793,251.0784915733493,277.0806156873668,275.1128344003108,235.48860255213907,207.18934724885057,240.6386534050851,212.3215058387342
31.5,79.375,239.11621873628144,233.3068095953596,242.11026235294426,274.4302918783882,312.97438294702823,250.93456916808702,264.5871646238158,292.02928109762104,245.756860851057,224.6212923968748,253.55509969379776,271.16397749379075
31.5,80.0,240.3708957843712,236.74633493115323,246.80895664444398,291.3540598690353,289.36032123493925,269.35848411831284,287.9655457471009,318.24680496591355,278.33359586348234,256.9049544934072,267.3285939497528,274.85485909528296
31.5,80.625,242.70168780772835,256.8123448479106,253.63865185285323,301.42732863931184,318.69860756007125,332.58634380039064,351.1959494761331,19.319860888797496,318.65692210644306,114.82289059719226,264.4517269331783,276.25396110368064
31.5,81.25,249.2736993543616,260.65810133403664,257.4129783534479,294.8340375116554,313.69068871956347,296.54872973295574,325.48098473431844,3.897564602324223,305.7372405160773,267.68866518022935,264.74013124466904,277.1218871181045
32.0,72.5,225.8970706505778,203.11454031331616,210.0898199089409,231.77881735815515,222.44288461875186,243.39134723635215,266.8853284747149,214.3736421045158,181.05747216837872,221.09950543610526,198.2942524835829,196.20962128080126
32.0,73.125,213.28127772745484,212.39159403461835,201.07553837728483,239.57590194025897,217.7913556294421,227.6073629812769,274.2888257247062,261.2435330278015,167.05755582716972,269.3648178733732,297.5043597214247,93.54911453226364
32.0,73.75,202.17499036668818,210.86330149808714,191.40467380483452,232.24685186945126,198.38239019125004,245.56249455879566,279.66004180219534,270.6490657902135,181.280808909394,269.3648178665943,239.43638513161616,49.30810698982919
32.0,74.375,191.78573906835226,207.20664637570857,192.88032445880907,229.64479881903233,211.9087249639993,272.5274913250939,284.2454515315492,276.29645684148784,252.90930768183387,180.0,212.94063516692208,215.66339470283373
32.0,75.0,168.89994904981242,167.70861775705637,183.8068925381528,219.67503872138363,209.33134627893128,284.258514444179,276.12053578445955,270.32597581717994,286.8577961210052,180.0,255.34974201295927,190.58069623315694
32.0,75.625,158.47737275248397,132.73578618813875,172.72313209780452,184.93625876743073,203.88430705499732,283.2496264612345,263.00105164091684,269.0667765847101,287.14264383093763,180.0,274.1231657212362,179.41795977213775
32.0,76.25,133.89588422698182,84.92154890731157,149.6968933652924,143.01301976433618,167.08391702357997,15.165379700155064,1.095588676213002,15.779981934288099,67.22344327599008,136.7639594137667,11.709411940583458,152.72103709785372
32.0,76.875,175.77677767660705,84.22781283622047,159.54405247396517,69.30255137119549,37.5001929133135,29.113214129723975,27.37299291013953,77.30797200792267,75.9767117907409,128.38584938655055,152.53385801108962,159.5389678437879
32.0,77.5,184.9000527568437,235.6293429402092,179.82341602697448,345.5309104623205,331.4075408360774,359.649631020495,9.354507990428914,36.186021027934146,275.20946543653787,174.60952457801648,213.52728429124082,178.62930027379588
32.0,78.125,224.78136404217508,233.54241711773795,203.79874226478017,243.93478411666936,280.8273741435895,321.1986909162615,313.5853809458723,311.055971213707,295.43542394117355,205.9728812271524,228.31656873044835,219.63908654914582
32.0,78.75,237.2663325131432,239.57640753010475,237.58203566223986,255.131731605698,296.47627043187276,275.510976551084,275.0882795940603,300.4566092561315,255.31954556186722,243.01571555918895,248.89608586971383,254.07991681884587
32.0,79.375,238.47766192404498,227.66329244970618,239.96319324351452,263.34109339188444,302.5534086671109,259.4733853009533,279.5321192348657,304.7467430378675,258.1584768540259,244.8489892104849,253.62525610507765,267.4392821943756
32.0,80.0,237.12451542032528,229.23177099325326,247.52583204088256,273.3120062095388,307.93697439666335,268.29264525438384,286.3660116267836,336.9175457383455,271.62602979981955,254.7214780502552,259.52153409854134,276.28633691296204
32.0,80.625,250.79609168558517,254.6923244970531,261.84748256133526,298.60087255382865,311.85117782589765,260.49216846299925,246.19504569387897,336.2542755236624,268.6727382213939,180.0,267.09416633018867,279.0601607571407
32.0,81.25,252.6960906079629,271.47841133448594,263.8474528230699,305.7154005204728,294.124634442079,291.08634713985106,243.317921945789,273.56846084856016,269.44157242352026,180.0,256.93831318104435,272.1080212023953
32.5,72.5,194.95746470808308,181.87741776035173,209.0755509864068,228.1860712380166,218.73847996870484,244.27947326590382,262.38705465302337,201.0557935776735,188.3500006069848,197.8837142990437,186.64825169515697,168.49331311316607
32.5,73.125,200.4121415449421,215.53574807566568,202.749077613308,233.18412521057923,191.94772213760865,237.18885391423603,262.4259862785672,258.7645350684268,178.03871692525703,180.0,275.10100170924164,95.19017527774864
32.5,73.75,180.162635679909,216.83962340486138,191.24803117036265,215.37339677428008,181.21417418411806,248.76912240109874,261.6025299280064,253.52878434593168,183.2524098508429,269.36481785041883,192.0493140669843,115.05526617826037
32.5,74.375,179.3993160452775,195.20212284834096,192.04961939506333,227.4875885509286,206.32294065647466,285.793420397664,292.4633171413704,294.5269830317938,179.72882244020568,180.0,178.90765177349266,144.8605274408387
32.5,75.0,176.73305325227176,136.3838678736378,174.3298284175624,179.04251832358722,209.41269677639215,313.6623766527418,290.20464755801726,308.28908168368207,293.5506489940461,197.8837142990437,188.94593023819485,172.86273868394082
32.5,75.625,134.19462739583616,63.45257102457618,165.91784699155667,173.4724669595562,222.38258801039876,19.220846630221114,354.0180661970017,2.700530854822735,80.11731144346084,180.0,158.84301116169755,191.05121191690634
32.5,76.25,171.3904645407825,89.95079444667053,147.11185939203477,132.7651528532759,192.2339162286264,29.662268002261705,343.58299255822527,0.2423944019849787,31.297331345915143,126.63659285677281,180.0,157.09798492824353
32.5,76.875,192.36071231977667,239.52650791406293,172.6991182501711,188.40910844043145,310.1218383861815,349.9241431880808,342.97787965853934,23.91209558722179,196.63493746007137,182.09860148122894,201.65774341055027,200.91546792033853
32.5,77.5,208.26746144140895,235.001258411316,219.08755823202358,234.80639966881625,258.73574250706383,279.2712600506556,305.8436506600736,294.40166736375375,277.5134571611487,202.44121519734392,222.5940460435247,210.27576173568792
32.5,78.125,229.6242663821581,253.4120734821491,225.5717294336504,261.9757180714033,270.5583342850316,266.48998009437486,269.83583008712367,275.2379224989982,259.7206988064902,226.87387276601655,245.2021075946741,252.49356109314436
32.5,78.75,239.34930161752703,228.02414176252324,257.3339589536985,254.542672228935,285.23842693525023,273.92707775046773,271.5814302060663,291.3626916542481,264.13141646993085,248.9852658413965,254.91295063973462,268.42920111440935
32.5,79.375,244.64518563766939,231.81463940637371,257.95040746541827,264.2244934753447,298.58542289877147,262.6996903850497,256.6716974474652,327.4679614860721,272.05194618095163,258.8485806303754,255.17874155255475,271.6698058707987
32.5,80.0,251.96504361804404,233.8306547859063,252.3551494985105,267.9164181896899,306.6829478813579,272.5079483548028,262.8690826941889,352.64016618803623,280.6832579234313,257.0767899313223,260.04497232365304,273.6915937421768
32.5,80.625,257.75835479801265,257.3295671863423,254.77733040400412,276.7014675513135,320.1566566151983,264.14770610170393,251.16509989861237,334.6026080674721,268.7105926960891,245.54085141409803,266.8794244015473,279.7731743577907
32.5,81.25,256.13409579060703,267.22326408295373,259.87214330178176,279.5568735483466,308.5320836882705,276.83986111375884,243.84201387745946,254.73162213152673,268.6218969237571,239.9033727213627,266.6897995789326,279.90183966116126
33.0,72.5,161.58015670647322,160.00576231966184,190.5882134245798,214.16910824886023,201.54083527921887,246.424490370409,284.2702122298141,274.9704909430739,212.10828219429345,197.8837142990437,192.70409049091813,158.49743378809356
33.0,73.125,151.26006379343107,200.91120250070986,183.43150034632563,204.08063478081354,193.63021371861848,246.77576737837987,286.1063847240713,207.5163217710082,173.33879502426052,197.8837142990437,168.76307080544652,149.3660840041655
33.0,73.75,166.4660352193123,204.01886338313454,176.57960397509734,164.19048053459446,195.0851203314199,262.01157200298684,280.8068034610535,263.0341001960476,163.79521675702847,197.8837142990437,147.65839062771377,140.68322329496308
33.0,74.375,167.14093460121154,89.06280214054942,182.25937369131918,131.56732066703754,230.07116580247077,301.2671093854882,316.3697264840209,267.36848330238865,104.59523759180186,180.0,181.164348333945,171.13434297734784
33.0,75.0,161.67898666405836,66.07558643371672,174.43170211290035,162.30413142858112,245.56827615299866,354.79454962543707,352.6283141483367,355.09731849528765,166.52434381826197,143.47114601072536,176.71455974324215,163.74021359618172
33.0,75.625,157.85258202446283,50.849233574704854,93.07128892888171,100.54405970680453,245.09186121093887,8.672696355222657,333.7211320606349,352.0422391581462,330.20472373258724,143.25913096015216,133.60425071372626,186.09374712890144
33.0,76.25,180.26019012648067,218.26352965547449,167.12281386555375,183.94462313234075,266.7206191884552,359.7714355512181,342.7178614331119,43.29083507031117,197.18816883888738,167.16432872805666,218.75681815763542,193.58914928419557
33.0,76.875,208.31894329953633,249.2910387861088,208.53860245341872,221.3863329531482,262.7566374947785,292.025473246479,288.7291555433425,265.8263001398416,250.00197015481865,212.96947387051392,234.09106741913587,226.1376127842474
33.0,77.5,222.18393949612155,249.87803582605773,265.5096336638868,243.23594133742694,277.49230709923785,256.3871017306021,241.70157171808893,252.30214396039827,243.6261680991995,230.14508892991293,244.4272761445132,263.07427093130843
33.0,78.125,236.03725968224177,256.5262441194665,246.9941433889025,249.02530917667696,272.7648965430834,256.0474703807171,245.02376836202194,258.46761058219806,246.09401572316622,242.23074280471297,253.7383088190242,259.0622551330083
33.0,78.75,244.7724390751718,242.59245713921825,246.5686439112943,263.6298298792443,293.3488935912393,246.04842094409776,243.93508507779922,279.9598035753783,257.2153269358713,253.93411348563376,253.66614638980724,266.5861672041102
33.0,79.375,250.16157757019982,232.54152458704823,257.1397141300295,261.0604724544098,293.7033228378004,257.3645200377223,249.15238244449148,284.830106328691,265.98560637555914,247.46772481514375,255.18828826245283,271.68354510065905
33.0,80.0,258.5041620194753,245.39035161735197,248.8495076671116,262.88445040556553,293.95717797301853,258.6400631778205,249.94757555330295,271.75652423808253,260.6502578568747,245.93617634137956,259.67474319748356,271.8667812580732
33.0,80.625,257.3347297584455,261.7041216011496,255.37115133474106,257.58250789962653,294.3854171350375,252.84159370231413,240.63735375488892,273.1730282032317,263.5656541959687,272.1586703205087,270.0733100836595,271.04825285101185
33.0,81.25,263.38138584302874,261.98181105669215,256.1153165282841,270.22358821297763,291.4616199766634,267.11839965943363,243.32570072785475,248.7325293911605,262.6260783935828,237.3782204495435,271.4368737653631,272.71542286407225
33.5,72.5,152.27531161151842,168.51739675767558,191.85564395476555,185.34676053128638,177.86941149744635,257.9731377557421,287.1366341690688,246.14156015687462,206.85174350341396,342.8549806460824,179.08555686321805,148.5195895810428
33.5,73.125,141.18836481929134,205.06170142060995,213.91986315260576,181.62642213613063,216.18842454328194,276.72280065418846,283.8189567349432,280.4843592182272,169.97085710875416,180.0,174.79375982283162,149.73211423653515
33.5,73.75,158.79129136342846,135.20544382487762,172.72343685435143,172.61692943869875,243.3625843507832,306.48726515925205,320.3606037940015,329.45710294456694,154.69535377833938,180.0,188.1223217291578,158.1905014314577
33.5,74.375,148.15509183312324,127.05335668551825,183.3424894528683,133.7276734776249,243.86157427045094,253.24370279810393,7.599462095716006,2.055626469662421,93.6280661224812,101.10408001189884,190.62416084609293,170.34640720608408
33.5,75.0,160.50921482698124,152.8864992214435,171.01978208444874,140.78057414759797,276.92362709755724,357.5709077871119,7.996059910953705,37.38405492978146,91.09625450118064,125.70682359392151,205.53184452086936,172.04029988924907
33.5,75.625,178.85591560108085,198.42183552624422,161.30387262599763,179.1211669599199,242.4744120664855,343.9104910140295,16.37992056415652,48.801836562777616,83.14983571917007,174.3981738369141,182.19761729779597,182.0447572890405
33.5,76.25,201.96972386446237,226.48911144149267,198.01597531926458,205.1479082287257,259.9760289072969,286.52155583084914,293.86138458247166,273.09238547940174,234.3195883598602,199.5199561342518,226.4759335475649,210.9383706815877
33.5,76.875,215.77369677531152,248.99296310948597,226.11431105436876,232.39966848783524,261.1620029210185,271.57210359712263,262.48432490970976,239.83625382895178,240.4977918058248,214.93797152726003,244.08693112294293,241.9067409045473
33.5,77.5,242.49277415742876,252.25287506913952,249.9389832679285,252.72037763445078,283.88990920375716,274.6348913653454,263.86195931824,253.4911507060164,244.16328183434217,230.77163745214014,250.17360091674612,254.53338102600623
33.5,78.125,245.36872459973443,253.36589667631688,250.26454536976877,253.42885491523896,282.6184265242787,229.7451657422111,239.82507408356992,254.8791859208713,236.17578282091623,245.11860324577805,250.59574555879354,263.57812197115265
33.5,78.75,247.74669617380368,252.44101674357282,247.95048154468594,267.438643437603,282.11633974776043,252.0130695601291,241.1656234598933,263.4866732422306,242.6328344458226,238.4347063594796,265.184325478208,266.5280831516001
33.5,79.375,250.33610553926982,256.85418726313253,261.73689539685336,256.13024434950324,282.3214977402554,259.63570702639447,251.34280792641516,270.0499102341811,245.87739936356036,243.30201264824322,248.51810846029878,269.9542489281172
33.5,80.0,257.12093144874484,263.32870461260393,250.4157945520848,260.8396929648594,279.45776345609437,258.06441519558865,256.6510698370108,272.43545947292233,254.92602519803606,245.76184385051712,260.74570621507706,268.73744397336054
33.5,80.625,256.2386488320528,266.988289031426,250.3708991670092,264.00877221196754,279.4730843737954,258.0691723561014,255.7766990318561,272.50471859879013,263.0682522681599,248.09875588639633,265.92888096621857,269.1360467556472
33.5,81.25,260.76165492816136,261.9140033097885,255.60185696259748,263.06760024118125,279.14222976038855,260.5901710044348,247.6661058425895,259.0956619085057,262.06527093221786,238.75760426977996,276.11478164201606,275.53026348609353
34.0,72.5,159.8329513686857,178.979394020928,179.51459289112512,176.53858982033316,207.27215042058046,252.9764833101341,271.40266615569976,247.77913588920086,213.9909348425584,180.0,190.44044647106765,152.59243532558432
34.0,73.125,162.78524211463423,198.40047949326046,211.72670601804208,183.65661134870277,209.04675169209392,282.3645895397842,307.29862529674404,299.6436238731632,245.88282782534762,249.58467177491298,205.20350505207333,155.73900618300726
34.0,73.75,159.93819567864975,176.7991194125561,173.89372748935597,179.3147297510646,211.28895612397622,314.13034783998387,293.5544792407389,272.4276407879072,221.60207520721792,75.98454868768681,200.87283084420238,180.51371489686244
34.0,74.375,154.51112854995412,228.27302916925737,172.56788551006304,139.75924298271542,231.05316981922218,317.66576784539524,19.404226463889415,337.11461647242845,124.95504390140917,151.29631666913124,213.3297872363162,174.12042014008327
34.0,75.0,176.38663191310374,215.22584977616802,173.10038333298814,181.01270421461973,213.2314392698541,4.701815648272494,28.03934412415374,94.74248944517696,144.11434187357412,175.91135143389116,186.86242176148374,186.8160433175335
34.0,75.625,193.2792855758705,234.81161924568227,181.35107333308758,202.94276082317657,293.44389034435983,343.52278357207877,48.21690563937202,64.0583051063844,166.75382756107152,186.49559014948485,217.90413968691323,199.47944061587563
34.0,76.25,211.45129264483936,237.94728599606816,215.5630986540471,233.7519496966038,260.9854332229487,275.7630110980032,281.51076432356984,269.71234977838884,248.42402426613546,214.68428822413645,232.71064048658536,229.77825148404227
34.0,76.875,233.50358963094402,246.93887906133023,233.98175937049135,237.9770843389083,265.59520862554785,262.9608021043589,257.8113873453214,244.92826917485388,241.10060365610056,221.91331986350446,250.32962594130035,239.89168853417112
34.0,77.5,241.30577368049046,246.10716232027656,243.0276501495377,254.25450946476434,283.77814269678714,269.1193336104527,263.4324271127531,252.3168667968974,244.95304519952316,241.86447316608408,251.00280480995792,254.20410160972637
34.0,78.125,247.51712619968507,258.2222821660162,257.60952293867206,258.5069009798599,276.04139494987163,258.7464843902067,254.7939111157283,254.41378361891438,243.7752688634513,239.7800030754847,247.70080396260875,256.74529788315476
34.0,78.75,248.03262529051622,261.3775650883721,246.43272157758966,258.80930002485115,283.0784891822754,263.86957371202544,260.7254564658372,267.4901675732433,245.502292412808,248.67055199724228,255.2888443884953,257.86335875860937
34.0,79.375,252.0488019532355,271.79502000337993,254.0632502559304,260.66733982072407,283.7881968013838,259.3657657914012,261.3591480500028,272.83508775818666,253.5597346858657,249.82935386972693,259.15417986878,265.2018327070856
34.0,80.0,253.27319653017364,274.44289318058026,252.3141812610381,262.7944013608167,267.3272887977886,257.2968097705392,262.49093868007657,273.8952750292882,259.5117960590478,249.76138864559107,261.2617080556198,269.2865121060307
34.0,80.625,252.3423259194586,276.9125434713404,260.40423947119564,263.445096097333,267.0806126303452,260.72344660021884,263.1062316646561,274.0484914000537,269.06574068583325,249.54556799029007,262.9760592976235,270.30854238358967
34.0,81.25,258.1257266393998,278.8521004950138,266.758818120425,263.8378933103461,272.0423709670277,255.5188331256996,262.18744856253903,273.9842507582109,281.4690529975684,253.39141738222867,267.1824649435673,271.3184824050562
34.5,72.5,173.3686900337596,188.90440580733448,180.55131948006596,183.19915696821712,204.70182642025554,273.16058625754727,284.0359610751446,262.9416536405614,233.34102578001142,184.85149370962228,179.71532952311736,156.5563865039819
34.5,73.125,216.21699253234124,220.64256887356095,175.15305176821929,190.13801803145898,201.00029613141436,287.8919939799332,299.57894908989226,293.71010816581634,234.38399027111558,150.49556481479743,239.30410256011635,219.4712327417793
34.5,73.75,181.77177317999823,220.9756574777503,190.12056627539135,199.93773311120998,242.75966055875512,302.2580782480008,325.7073717771638,325.7376122689503,247.99582451537822,137.6263725627089,180.0,200.85815640114748
34.5,74.375,203.22026548049865,197.4782525884174,188.63268282433086,204.73358092044782,240.26603379181077,303.975208254936,333.1709997207177,307.77230827514063,197.1940112927942,187.15569411396453,135.27664511582512,192.45221435684422
34.5,75.0,184.44317879205195,196.0932643407828,180.23646780942462,197.21504673490435,236.81636169822286,313.5978291085799,330.0474893962004,158.6599480716495,243.40504172673326,184.2079843076902,192.93331711868126,195.01217568987278
34.5,75.625,208.70162540948724,225.4653356826721,204.1464919536142,220.15155845362108,235.47152145878854,262.6113007217692,248.07740038984025,254.3764248225278,229.86813264676823,210.11283569272882,216.5011178028123,209.8708842754003
34.5,76.25,232.60344859794307,240.56102329926162,224.30621248712677,230.12654762410293,251.27834212991235,263.16887962492365,255.26654329122425,252.16082941634167,241.73139012624875,234.41950547101177,249.44595390664227,234.9684409819903
34.5,76.875,241.82917465330235,251.79440795846554,243.35798586772938,242.2229922597021,263.0096595253041,260.4051092108024,252.9323967833797,261.5004320481851,241.31524870955454,235.19505685553963,243.85925592421694,241.69107132630853
34.5,77.5,237.74626928552874,250.474726285688,248.30203759325963,251.83421061984353,270.6638958878745,266.3010304635163,253.03441332149893,255.42494822729032,247.3285338836315,238.92063991590663,247.60371382584793,246.3916871624173
34.5,78.125,240.73801540052614,255.4303478690914,248.16118616028984,252.50033546801188,270.33321171756705,262.48706195632906,255.87676953936966,264.00486761831917,258.4662401547549,240.15942424950947,245.69391650190786,247.78633662430715
34.5,78.75,251.0668219638079,271.67401406123,250.20293144787843,264.9019340067277,282.1716261180645,263.471275605525,260.49989374197685,264.09001579175003,250.93703204917801,243.53687580344416,257.3719552529648,257.5134430313527
34.5,79.375,257.4230773198026,283.9100097369407,262.5675343772757,260.7265891979522,267.09577314254125,258.5457890054613,259.36058872571846,271.3273689851312,253.82758856476795,245.62634824899385,262.5579073203337,270.3228315590372
34.5,80.0,257.60932751242126,285.1883378256864,261.5793707449366,257.66441335542663,245.71783409257887,251.7887168958922,258.1248040519339,267.11643721345513,257.87081921740685,246.2032730041801,263.4236707166717,276.0131092028778
34.5,80.625,256.12422327219997,279.70273780123756,260.49070812526486,251.9513318356717,250.33123295989756,258.42564807878193,256.6115086228235,264.3633599494393,261.7490917731552,251.00634973612534,265.5563199815621,277.88564182730585
34.5,81.25,259.26872988482353,277.87079980679033,266.86472911976574,244.7620068275804,255.449007916982,252.76407077030314,256.9907566815379,266.9687763496551,271.16459432858557,254.8682469545466,268.348077196713,279.1636171501917
35.0,72.5,163.73619433821435,212.0756407758018,171.63848285485705,213.4879608054982,212.75310406392197,321.10111429641233,343.2428842054382,315.68259273227955,289.292375458675,198.94954264763467,268.6334542687126,180.53477800208705
35.0,73.125,191.32296778138155,230.25251248353354,202.28023478184633,224.1469176542687,235.8203272842491,302.51471860586963,310.25615811599675,287.4026181688019,227.96130977167917,187.98232332129405,195.24803023824737,216.36565476332612
35.0,73.75,197.99851089322112,202.31332629365957,185.53277015424933,209.82065035638462,270.5146366374048,298.6388959785867,349.4051303190199,245.55047692323262,219.43192505251736,246.27748004218233,205.73902367515993,208.36520411953495
35.0,74.375,199.92745207084153,211.68264018080572,193.5138112799841,205.32761815265835,225.3881647165954,283.93254589320765,298.3212208564764,285.0782923189839,249.32381543641372,211.91460776342888,215.1979692030902,200.9771081765062
35.0,75.0,199.12085803980486,217.39546105990044,202.29135394215874,210.17526888167274,220.63217179553254,264.9890292746206,266.4970037046852,257.5647947066457,237.91296739826458,213.91698726229455,208.9827279985737,207.68664324364215
35.0,75.625,221.60125454543126,235.10397172109964,221.48517407071526,223.9190077492695,229.15412403202697,261.10008955881744,250.38207331516855,252.98836485425312,237.86370331189158,223.6380944170969,231.3478335200833,224.26700619917574
35.0,76.25,230.98871652662538,235.3738244091386,228.03440480882085,230.2326445747843,239.75603653327522,256.49806041874774,240.40466490105047,249.45341839935958,236.52574533137675,232.56020359471808,243.58926764078092,233.6515628586515
35.0,76.875,238.287720139596,238.80150581448638,239.79899432532216,241.3356793313319,253.69990503428454,255.44463927952654,251.97038335407717,259.0512452532776,245.34194315899296,235.44209294656997,231.3367889814182,236.65980236444716
35.0,77.5,236.68741828742066,249.29754720395215,239.7583721544239,249.55225712870703,262.9491666766316,264.25154792780825,252.77921341457716,261.03327042758724,244.5693370139785,233.00414865978667,245.98503335720824,241.75719962870153
35.0,78.125,243.78853666360368,264.4616517779533,251.97602975789863,259.71066388083534,261.98166127622454,262.9793707841674,257.88006625652883,264.8167136244982,257.682498145363,239.17440576199678,253.21371490062364,250.67922683646992
35.0,78.75,255.6002387444319,277.1705634834848,261.4636586836085,271.8982921359929,258.69787172967307,258.37330984834955,252.60906140612485,257.835484885945,247.35740081858782,240.02566119718006,263.1665127046879,265.1727282519624
35.0,79.375,260.924665125136,282.88963822087055,271.9912461833183,228.09469269915462,230.84215154495382,238.1251855119932,246.88815907487796,255.9534952187919,244.4756686997294,238.92294876524278,265.2725006298677,275.3023393191274
35.0,80.0,263.1679168712017,276.73710250635406,274.4918984264875,239.14237173199473,224.07993853553268,236.58286071453884,250.8616467997826,253.94505543206495,251.8834458611328,234.29536837847897,263.34350470966285,280.56926145485
35.0,80.625,263.2329831287719,276.3924863483105,266.05924836733027,245.16276978570517,235.13637470126693,245.40468749512343,254.28221939699125,261.64184215483795,258.253477718416,243.55892877176387,266.82007000096854,279.2239843323284
35.0,81.25,260.81505565875307,270.1970756105504,266.65454029361797,234.56548604352406,223.05888860472112,239.51802697419947,252.34472080316692,257.32794407949547,258.1311980041293,247.5937671056472,268.8778621704147,279.0730506063354
35.5,72.5,181.6064662298543,197.64308548132942,185.8532757175883,212.68003398934178,230.03108355035127,302.58428755024863,317.28984096384244,277.7914359508706,238.08747381857273,237.8256902607613,233.5668565068841,202.09286688585286
35.5,73.125,182.088187337529,216.8359622122755,194.56771222625449,227.22935794953708,277.03427967831277,304.9483004172723,350.97092932157153,299.735401098973,282.7539230415253,191.3853995588824,229.2481867068799,216.6269835721702
35.5,73.75,205.28438231192786,205.2713835243274,206.030690139477,210.84515880996273,266.64110663372304,286.3858122145932,264.5485671450429,244.2547275743099,233.49663854588158,239.9443780195041,212.47428603101105,225.1340143338891
35.5,74.375,206.62668335056102,210.84997248631316,209.94495085967245,223.28767690470042,250.10839336650582,272.8231611137,259.6925692637854,231.36531615335417,235.75636052448596,231.7509032949227,180.0,213.7988852442336
35.5,75.0,220.07002247830894,235.5496755399922,234.0042615003731,230.3242009670567,254.74425478871729,261.5506378302812,252.12702291656956,237.53242332188205,231.93485002329743,233.6301307684318,239.3191081196391,224.88585177540864
35.5,75.625,230.00434617083388,237.21480198171133,224.58648030419465,225.9975183335237,250.23984202130708,265.1353474537657,246.13944630607907,249.86963837557002,246.272425316189,228.6231276843662,231.84779993332276,233.8304740907274
35.5,76.25,234.95376126329313,237.72944851392378,232.7249886321623,234.0156373239522,246.7726567486519,256.13443388391886,243.17775578325265,246.71835293238433,238.31986682514446,234.15261207060172,233.84476560969935,236.33667045620302
35.5,76.875,233.41581084786606,242.86498999206958,236.00363517627468,241.36264260834832,245.66123585949776,259.5811714648615,250.31449220823714,255.1500673660671,239.76813578600402,231.6576860361007,234.6603098913551,241.39853012418945
35.5,77.5,238.64429770898323,250.77537553623836,241.4355786370586,261.2224443162437,264.690997449308,261.1961521126832,258.5636108549176,257.92549171320246,245.87032973616496,238.58310436632436,248.4349258754338,241.4590763683711
35.5,78.125,249.04774088348373,276.84626500318757,261.9033956477539,267.0300117056304,262.2139607346676,264.4522053796749,254.8182709178197,258.225917014315,257.7925431348535,247.6750080573699,266.1146386247442,260.57533520113486
35.5,78.75,257.9840899058275,286.3136732930869,265.2415230899717,250.81623833879578,241.67702100525878,255.08085150699674,249.85764930300348,252.4312061942384,254.07133736808476,242.86145540571346,267.02389503804227,267.4651796304306
35.5,79.375,264.312254160857,284.03427811748014,265.31583620188735,231.01220752210358,223.49998340751046,239.07952018303513,242.17882011173373,243.41710038365255,249.97753279973722,246.3169474672038,267.6112888813031,275.2648362675717
35.5,80.0,272.98992880120693,288.1175170928493,267.304318733579,240.86102190263256,225.5888816156338,238.45382580570276,237.50135477661905,242.24217593900704,243.0868514162676,244.8043429343863,269.86278364805247,282.8104691721945
35.5,80.625,268.70208843938224,282.66438562733896,262.07561128475174,238.6397628136147,224.1791538765999,236.54678666765295,237.5150996597605,240.46788815130355,238.84321038985422,240.89408041610696,270.79200204298974,283.20925200826525
35.5,81.25,269.49699448347144,278.09039517660597,256.3537348600116,227.8974939423728,218.0694913447176,230.36734149318005,236.9472535918665,236.3197321411588,240.05581185224537,232.4174672387308,271.3289700863151,281.38917033466885
36.0,72.5,218.15037406561783,211.93281493395534,213.19811124198003,227.27054238965664,275.9941848384427,272.5579329809321,268.0472667667252,269.5620472217946,239.0428648075225,262.5142499141451,225.9617632448663,216.86692546771116
36.0,73.125,223.8648287646719,225.88551534242507,215.38160049178575,221.79891616532214,246.6366001816126,288.45718759724355,262.96563917806964,273.2919024247572,233.48593346610937,245.68055271839768,227.34444107241637,218.48941073096603
36.0,73.75,212.3004839377635,231.66536719021568,222.45141629795907,230.16438284170437,230.8294555594089,291.0352501270727,289.36594664485415,307.145085412492,226.32052344768297,254.075863411608,225.178512300537,223.09420487380268
36.0,74.375,219.14707690906852,207.74880688986804,216.276981940548,221.21403050563097,223.7250926950892,256.71135184607726,245.39551424797315,245.9581451028239,241.89519360384125,230.15943277855627,214.99662869019994,217.03636556869688
36.0,75.0,222.90302161957723,225.48038562590693,215.7568518733028,224.61026145742068,235.05414578274087,261.3778922319036,242.94391719701667,232.0918758620769,234.37179557439634,226.40817208990467,224.0722340408548,221.92791570330087
36.0,75.625,225.7844910749513,233.714945473674,225.86279975915454,228.89744354611855,245.22052711173288,263.2365289327448,242.28312776581708,237.17301171675933,239.56892344743713,233.79644220132883,226.9149632723373,226.07812900048785
36.0,76.25,232.8658450960237,240.1194429610444,237.09624686162573,242.40348595738357,247.56183572252036,269.35426487829693,253.07650759266878,260.6140249632684,238.35998256238696,233.1985666215695,238.9295542811742,237.16525565723524
36.0,76.875,237.69027431760685,249.73246319908907,247.68308124372774,249.20989591881028,256.15429011356923,260.7634889420519,255.13622816490272,252.60864987895616,241.7777568980951,236.06330722339547,256.73390668792416,240.25086868550986
36.0,77.5,256.2735033541214,267.58215302070533,264.47849683801707,238.73819218438632,246.36394881463804,247.15051043959525,247.6840706303563,246.9494115000189,249.53326224179847,251.97124498664652,270.9240302945358,254.85974446506813
36.0,78.125,265.67842016184494,287.34417990625894,266.1205089719364,229.13951897973325,233.40847303825694,236.91726167144512,250.02536674845408,241.14003573583545,250.12705956601235,253.975285063929,270.93327526002815,263.879880494163
36.0,78.75,268.75948816851593,283.65815711316225,253.93073647625096,235.16537189428297,237.28484348034672,230.55087428961633,240.70683481474268,239.52931002180156,246.2846290686361,243.7589807076237,266.8142733444798,267.46849733135497
36.0,79.375,266.6767739494992,250.18335569157895,246.8778802220037,223.04443613147635,225.73155362581866,2.049693359235346,257.9244102721065,233.43061034831294,227.8965461476261,233.50986178625402,246.18184957879063,264.8993761020506
36.0,80.0,258.11886569920034,220.78649193933214,235.6982361784282,218.3301710602117,218.28840933051936,194.96383315508004,241.90355098077137,236.88446491196135,228.92254549390398,233.86426261101576,249.91977263367036,249.55854620545915
36.0,80.625,251.12612432061235,212.6610047482359,228.32415637150834,208.00984679634777,207.59888529558933,203.29281542678868,213.12921073660854,219.05611061541717,211.4412634691482,211.80713369527683,229.67489997611696,175.2720006682679
36.0,81.25,214.42745425649906,223.00932935309683,227.2596950335616,201.6499650666299,200.47787638264165,195.718246043359,200.22917849142013,201.96064128272502,193.61040536800934,191.16481080662345,221.99213115559553,163.4912163349524
36.5,72.5,216.5377383970582,215.4380867770278,211.96855634556144,224.43699738296058,267.1778918992826,265.1385110049389,252.629251633745,229.2507596171664,227.08048386717724,259.4130992170394,225.51008870803244,211.43005903536792
36.5,73.125,225.38023940751285,229.65741080093449,214.9576914352488,228.81497177927622,234.18501686336833,261.80091016400337,236.89745566182864,249.3852659324096,213.00572555616378,243.05885003471104,231.49062342122838,215.7645743937471
36.5,73.75,211.85837981752053,227.47752378370342,216.33303765008827,230.8480395566273,219.46646543624294,257.1992522967729,228.99079112649858,257.4210213411603,238.64558662614058,234.96402618416695,219.50136511794116,207.3635191117776
36.5,74.375,218.71514513288093,220.1596239051775,212.5626329609213,224.0635410492457,208.6368655796817,252.66505805871532,236.10252595762404,235.44801363055296,231.62963235013868,228.02531950627005,216.80342978529805,205.31886047011503
36.5,75.0,222.43277293453966,226.89610855576538,226.05466864410147,232.0833061567803,245.30804171944197,266.239931429824,249.60210437771804,256.80261520683734,239.68312301929512,234.96431774691462,227.40882218329241,215.5152382918295
36.5,75.625,246.6138180529021,229.7737380950541,234.0171855979941,235.76952554883587,250.92389148510438,263.33379271179615,250.5697544176462,238.92766578273336,242.39754174671657,240.11709399215016,239.13752296409865,229.81940079447497
36.5,76.25,243.5436907133615,247.47699204715218,248.19435596802276,242.3173938847436,254.34360836937623,264.75800301845334,245.3673680712829,238.2114809512538,252.71748352475964,244.73557125779286,253.02260148174628,246.64500036712758
36.5,76.875,247.16659320094067,256.223358260094,249.2858345030715,226.09895367995375,253.37911071852352,246.5067057826431,236.44393544880992,233.3493726696762,245.74332909254036,240.2135592122125,257.3330887118397,251.23807880952774
36.5,77.5,261.20884604929904,260.00648150715205,263.3563067517141,230.49699826440073,230.38693759871452,227.95600997533217,222.30406281661604,227.07545687565562,230.269793854008,231.51065538881403,285.33865151356537,257.73494101272115
36.5,78.125,256.68361722650354,239.1244869212759,243.0844834851477,226.52386330459902,234.64523613463385,228.51799240082286,243.3801074502328,231.63603597214507,228.85820143742532,231.71638149468814,254.44733604167016,247.7274681039615
36.5,78.75,263.99802072992486,264.5147826413981,221.595932449041,207.69062385047002,214.92757267589326,212.96055421755543,219.3608812681828,222.65271013188917,215.66690450161826,352.4677759522554,232.2680822502301,197.94171703368647
36.5,79.375,225.2947217340209,241.4860640999434,217.1008210954405,204.2130544161798,211.12971002907238,209.60993564811025,214.18826573923002,216.96247000891918,212.413019691944,203.19033053004355,225.39751468900693,277.59421517864985
36.5,80.0,202.44420577621986,270.600398902194,193.86131798919604,200.63626467492847,192.20685095730224,187.1363260548814,211.4121393829696,214.7772691095378,187.80043764956284,184.74552946737987,180.0,346.0851693902138
36.5,80.625,206.24155049324094,180.0,191.2420230908544,190.41277524573863,183.2637231050958,186.98117536464355,203.9203801624983,208.96245155844537,183.4477952728264,158.5251639410724,173.1697648497979,202.35805092831737
36.5,81.25,180.0,180.0,149.13284605025373,131.14808285108512,99.65594153131272,175.66101601509493,226.33428898733325,199.75962571224716,163.05176651919473,153.9982445700076,188.9056560214774,188.31182623576436
37.0,72.5,234.58438648393144,260.7759763740371,261.8097973648827,239.32510283862933,243.8775294138045,277.3433588775913,223.45354535103695,225.79247599594922,218.33283943533417,236.70043270096122,250.83976930639074,242.87189963737347
37.0,73.125,234.44391474201933,244.8027750876107,223.50622222410206,234.29129223436888,237.0305395189136,271.2558971560521,218.94873879933627,225.17700117468468,219.50071246611668,242.30812522418657,239.1034444244358,225.9002499880373
37.0,73.75,220.64828733646993,248.50387700084121,224.00349826894148,231.96677944558274,218.37862999365555,254.25117231769653,239.45986304312163,248.8061029881273,231.1762135299715,241.36877987862,237.01821612564635,212.83379941731903
37.0,74.375,224.1996216643977,242.3183659335608,234.50293366694797,236.51623328204278,222.42847103891296,264.60826465776853,239.925718504837,252.54133951100334,233.53017120528784,239.53636333833418,236.47474967540347,223.53906436689937
37.0,75.0,231.12957773068345,239.11910839831273,240.2318509844869,243.37670909318265,239.45568310663793,270.38604574270624,247.09646605453173,252.5985496109115,237.99770583297092,240.90936947087823,241.5342741344864,233.48393104411122
37.0,75.625,242.43321280678697,237.43526737901163,249.6714017292893,245.35270246124816,238.5722611027623,261.21203191182605,248.0914679320604,250.61669020220972,242.33040485641658,242.23642371650817,245.07242257620143,236.95289762435436
37.0,76.25,247.60539829176585,316.0049054252841,229.4061431165134,224.4596572463736,223.05715862530607,242.45991733049738,232.0375589307967,227.054155638911,239.9187116505097,243.08526724297224,263.06334842844865,239.87969377949128
37.0,76.875,248.7288964604573,239.54929318916948,220.6895742588293,235.1198074680857,220.71543560963255,232.74539297373127,221.2789403233959,230.08085073268265,246.2861976768295,224.19188722519576,327.54438783600807,351.38999785081415
37.0,77.5,254.95097403330433,261.7149572753136,341.033520817401,202.208954904776,191.88244034036785,193.3189690569652,167.4585797831554,227.6477331680284,4.399265888330931,358.14075641700714,11.643384575735846,63.48295845358217
37.0,78.125,225.6602117719331,252.81461675222616,221.3800539846362,225.95907040806014,213.71118614248618,220.74887721966857,213.8173209991897,223.37584227896735,218.87504120868047,191.1061184971911,221.8892690967724,158.01751717838832
37.0,78.75,212.59344146660484,143.39179191328665,168.4451329226552,177.88393376127212,175.27920914522275,209.88023044164905,189.27821137678396,214.06693070884842,95.53385089349214,129.35261136955722,165.92783824795464,217.55178025661624
37.0,79.375,235.2126805290827,212.79841454390584,166.87060967127115,203.66956064264662,155.28037233168354,164.22875212736224,222.01616891664202,175.9321259206272,77.20412564747377,151.43248963371744,158.88168483535688,203.37305628856663
37.0,80.0,247.29465527656643,200.60457483571383,163.41580726534042,157.60030269930868,125.21868919984726,183.3489083635232,290.0825994070137,217.11874027122238,180.0,148.78326565652284,180.0,219.47613366735274
37.0,80.625,232.81339885333006,180.0,112.95798319050895,112.36679079224042,101.15114934055272,203.29898844188102,290.4706549183162,200.86883222626506,180.0,149.12977775522384,201.949606247486,233.23632442109098
37.0,81.25,180.0,180.0,110.45819176040185,116.88190845603566,83.12477046519001,197.75324687432533,279.5205467445544,183.04214172237775,180.0,142.808338350614,189.62404113246626,246.29271367070487
