lat,lon,2022-01,2022-02,2022-03,2022-04,2022-05,2022-06,2022-07,2022-08,2022-09,2022-10,2022-11,2022-12
29.0,72.5,-264.27811999999994,-261.93834,-253.15857999999997,-247.64963999999998,-244.09949999999998,-242.94461999999993,-243.87161999999995,-245.87564999999995,-246.95432999999997,-251.62442999999996,-256.14261999999997,-261.56809999999996
29.0,73.125,-264.68915999999996,-262.17619999999994,-253.53607999999997,-247.76892999999995,-244.17661999999996,-243.35294999999996,-244.38623999999993,-246.60599999999994,-247.54233999999997,-251.50369999999998,-256.05564999999996,-261.79542
29.0,73.75,-264.52876,-262.22029999999995,-253.85187999999994,-247.87256999999994,-244.29251999999997,-243.12793999999997,-244.43662999999998,-246.37061999999997,-247.17829999999998,-251.78116999999997,-256.30799999999994,-261.95697999999993
29.0,74.375,-264.50909999999993,-262.57645999999994,-254.03229999999996,-248.07984999999996,-244.45532999999995,-243.13315999999998,-244.83835999999997,-246.61002999999994,-247.30744999999996,-252.35449999999997,-256.76682999999997,-262.09442999999993
29.0,75.0,-264.65122999999994,-263.14914999999996,-254.42191999999994,-248.46787999999998,-244.99919999999997,-243.28681999999998,-245.17606999999998,-246.82069999999993,-247.47931999999997,-252.90639999999996,-257.40955999999994,-262.31647999999996
29.0,75.625,-265.03266999999994,-263.91516999999993,-255.16663999999997,-248.71372999999994,-245.36713999999995,-243.57221999999996,-245.52786999999995,-247.18057999999996,-247.84027999999995,-253.56821999999994,-258.3102999999999,-262.87999999999994
29.0,76.25,-265.70453999999995,-264.54212999999993,-256.21299999999997,-248.94913999999994,-245.66199999999998,-243.90659999999997,-245.81769999999995,-247.58985999999993,-248.16422999999998,-254.27259999999995,-259.37229999999994,-264.0438
29.0,76.875,-265.98975999999993,-264.5485699999999,-256.69055999999995,-249.53089999999997,-245.97449999999998,-244.30399999999997,-245.59842999999995,-247.45829999999995,-248.00952999999993,-254.44144999999997,-259.85069999999996,-264.60123999999996
29.0,77.5,-266.09439999999995,-264.53083,-256.65049999999997,-249.72309999999993,-246.18112999999994,-244.47169999999994,-245.39127999999994,-246.90186999999997,-248.02463999999998,-254.36634999999995,-260.1347999999999,-264.74793999999997
29.0,78.125,-265.70579999999995,-264.28752,-256.41437999999994,-249.72934999999995,-246.52339999999998,-244.63993999999997,-245.39026999999993,-247.15839999999997,-248.07569999999993,-254.24589999999995,-259.97061999999994,-264.69386
29.0,78.75,-264.69205999999997,-263.57949999999994,-255.72385999999995,-249.36267999999995,-246.65241999999995,-244.56859999999995,-245.14682999999997,-246.66039999999998,-247.95799999999997,-253.78772999999995,-258.83088,-263.381
29.0,79.375,-264.15299999999996,-263.15317999999996,-255.31659999999994,-249.99859999999995,-247.25421999999998,-244.84564999999998,-245.91749999999996,-247.11002999999994,-248.60069999999996,-253.63071999999994,-257.98767999999995,-261.72914
29.0,80.0,-264.41522999999995,-263.48145999999997,-255.84305999999998,-251.19649999999996,-248.64839999999998,-245.79825999999997,-247.14429999999993,-248.02686999999997,-249.48142999999993,-254.15012999999993,-258.34027999999995,-261.54276999999996
29.0,80.625,-265.19861999999995,-265.17942999999997,-258.06759999999997,-254.58322999999996,-252.37671999999998,-249.16389999999996,-250.03239999999994,-250.59943999999996,-251.82776999999993,-255.71262999999993,-259.16657999999995,-261.85224999999997
29.0,81.25,-267.00684999999993,-267.87793999999997,-260.38739999999996,-257.2408,-254.29782999999998,-251.54409999999996,-251.83079999999995,-252.42629999999997,-253.58191999999997,-257.59442999999993,-261.22061999999994,-264.08322999999996
29.5,72.5,-264.45252999999997,-262.89525,-253.59027999999995,-248.05536999999998,-244.48255999999998,-243.14149999999995,-244.28995999999995,-246.41849999999994,-247.59964999999994,-251.89533999999998,-256.52019999999993,-261.44687999999996
29.5,73.125,-264.73831999999993,-262.91056999999995,-253.94712999999996,-247.98505999999998,-244.47046999999998,-243.28469999999993,-244.54953999999998,-246.81717999999995,-247.83557999999994,-251.66249999999997,-256.45145999999994,-261.63579999999996
29.5,73.75,-264.54419999999993,-262.8410999999999,-254.22132999999997,-248.02933999999993,-244.47799999999995,-243.05973999999998,-244.66899999999998,-246.69922999999994,-247.64337999999998,-252.10579999999993,-256.79572999999993,-261.72562999999997
29.5,74.375,-264.64334999999994,-263.29004999999995,-254.59833999999995,-248.23089999999996,-244.76179999999994,-243.16181999999998,-245.15235999999993,-247.10144999999994,-248.09235999999993,-252.94373999999993,-257.4822,-261.97209999999995
29.5,75.0,-264.91812999999996,-263.84473999999994,-255.11722999999995,-248.65744999999993,-245.42661999999996,-243.31179999999995,-245.54549999999995,-247.43762999999996,-248.27722999999997,-253.67456999999996,-258.21293,-262.43933999999996
29.5,75.625,-265.40079999999995,-264.39035999999993,-255.79465999999996,-248.93349999999998,-245.82227999999998,-243.63785999999993,-245.73299999999995,-247.67151999999993,-248.31735999999995,-254.19499999999994,-259.0533,-263.26493999999997
29.5,76.25,-265.78083,-264.56055999999995,-256.52374999999995,-249.30902999999995,-246.00473999999997,-244.17014999999998,-245.87009999999998,-247.83734999999996,-248.61579999999998,-254.59317999999996,-259.94535999999994,-264.32489999999996
29.5,76.875,-265.78329999999994,-264.46289999999993,-256.70469999999995,-249.86839999999995,-246.27339999999998,-244.66909999999996,-246.02283999999997,-247.86304999999993,-248.81943999999993,-254.61786999999998,-260.19755,-264.51847999999995
29.5,77.5,-265.66056999999995,-264.43665999999996,-256.65729999999996,-249.95746999999994,-246.57779999999997,-244.85605999999996,-246.06569999999994,-247.58179999999993,-248.65589999999997,-254.71109999999993,-260.32242999999994,-264.44373999999993
29.5,78.125,-264.55887999999993,-263.54759999999993,-255.87354999999997,-249.44339999999994,-246.88425999999993,-244.97534999999993,-245.90637999999996,-247.58529999999996,-248.56109999999995,-254.17102999999997,-258.93961999999993,-263.287
29.5,78.75,-264.42643,-263.51145999999994,-255.71149999999994,-250.81059999999997,-248.27741999999995,-246.27429999999998,-247.09085999999996,-248.20023999999995,-249.61629999999997,-254.41071999999997,-258.1054,-261.55512999999996
29.5,79.375,-266.91659999999996,-266.93129999999996,-259.26667,-255.27283999999997,-252.76079999999996,-250.36466999999993,-250.81569999999994,-251.54929999999996,-253.08246999999994,-257.38703999999996,-260.91279999999995,-263.56672
29.5,80.0,-268.6328,-268.77942999999993,-261.23279999999994,-257.61319999999995,-255.29303999999996,-252.63367999999997,-253.01676999999995,-253.54651999999993,-254.97281999999996,-259.26102999999995,-262.43715,-264.90302999999994
29.5,80.625,-270.98799999999994,-271.10835,-263.46439999999996,-260.19913999999994,-257.70432999999997,-254.96674999999993,-254.77559999999994,-255.18335999999994,-256.75899999999996,-261.15289999999993,-264.25211999999993,-266.97434999999996
29.5,81.25,-276.02545999999995,-277.13812999999993,-268.84939999999995,-265.52854999999994,-263.22147999999993,-260.47689999999994,-258.47241999999994,-258.82953999999995,-260.71863999999994,-265.62515999999994,-269.30049999999994,-272.17249999999996
30.0,72.5,-264.61292999999995,-263.59122999999994,-254.21955999999994,-248.38922999999994,-244.81671999999998,-243.35971999999998,-244.65589999999997,-246.82575999999995,-247.91109999999998,-251.73731999999995,-257.08637999999996,-261.35022999999995
30.0,73.125,-264.64694999999995,-263.32629999999995,-254.41562999999996,-248.16007999999994,-244.76379999999995,-243.34772999999996,-244.72846999999996,-246.90286999999995,-247.86839999999995,-251.95807999999994,-257.21137999999996,-261.28571999999997
30.0,73.75,-264.65451999999993,-263.49719999999996,-254.65679999999998,-248.35901999999993,-244.81723999999997,-243.30814999999996,-245.09589999999997,-247.18613999999997,-248.23505999999998,-252.67404999999997,-257.48429999999996,-261.49629999999996
30.0,74.375,-264.82066,-263.80019999999996,-255.10236999999995,-248.59494999999993,-244.96842999999996,-243.40607999999997,-245.48651999999993,-247.59186999999997,-248.76422999999994,-253.57579999999996,-258.12384999999995,-261.85149999999993
30.0,75.0,-265.20189999999997,-264.11035999999996,-255.64923999999996,-248.92725999999993,-245.50373999999994,-243.52429999999998,-245.72241999999994,-247.71839999999997,-248.67307999999997,-253.96991999999995,-258.80484999999993,-262.54013999999995
30.0,75.625,-265.67334999999997,-264.38712999999996,-256.23895999999996,-249.26163999999994,-245.88123999999993,-243.86283999999995,-245.78745999999995,-247.73449999999997,-248.44495999999998,-254.29329999999993,-259.37319999999994,-263.5302
30.0,76.25,-265.75413,-264.34766999999994,-256.47509999999994,-249.61371999999994,-246.28546999999998,-244.43473999999998,-246.07071999999994,-247.85649999999998,-248.79599999999994,-254.71515999999997,-259.8982,-264.16765
30.0,76.875,-265.09459999999996,-264.06125999999995,-256.22232999999994,-249.71161999999998,-246.69022999999993,-245.04619999999994,-246.50821999999994,-248.03239999999994,-249.32776999999993,-254.84869999999995,-259.69807,-263.66425999999996
30.0,77.5,-264.89529999999996,-264.02259999999995,-256.20769999999993,-249.70642999999995,-247.07679999999993,-245.26544999999993,-246.70629999999994,-248.01929999999993,-249.28089999999997,-254.63977999999997,-259.34419999999994,-263.47043999999994
30.0,78.125,-264.76615999999996,-264.10059999999993,-256.19409999999993,-250.91162999999995,-248.62973999999997,-246.54355999999996,-247.90134999999998,-248.96686999999997,-250.36316999999997,-255.02033999999998,-258.65119999999996,-261.96137999999996
30.0,78.75,-267.45075999999995,-267.37539999999996,-259.81759999999997,-255.91083999999995,-253.67206999999996,-251.14044999999993,-251.80734999999993,-252.45905999999997,-253.94104999999996,-258.12744999999995,-261.73259999999993,-263.99639999999994
30.0,79.375,-271.56104999999997,-271.95642999999995,-263.9102,-260.05719999999997,-258.06422,-255.60269999999997,-255.16394999999994,-255.67049999999995,-257.35509999999994,-261.76505999999995,-265.20862999999997,-267.81149999999997
30.0,80.0,-275.43622999999997,-275.88077999999996,-267.83423999999997,-263.55954999999994,-261.64585999999997,-259.00059999999996,-257.50971999999996,-258.04349999999994,-259.89261999999997,-264.96552999999994,-268.13663999999994,-270.67159999999996
30.0,80.625,-282.60337999999996,-282.88649999999996,-274.84592999999995,-270.70615999999995,-268.45723,-265.68772999999993,-262.40739999999994,-262.90187,-265.00095999999996,-271.32863,-274.04686,-276.54544999999996
30.0,81.25,-290.67859,-293.72592999999995,-282.13913999999994,-277.15851999999995,-274.7904,-272.36231999999995,-267.80974,-268.12062,-270.63325,-277.09351999999996,-280.62012999999996,-284.47309999999993
30.5,72.5,-264.87125999999995,-263.92619999999994,-255.07614999999993,-248.87359999999995,-244.93669999999997,-243.49929999999995,-244.59387999999996,-246.84239999999994,-247.49809999999997,-252.14911999999998,-258.02619999999996,-261.537
30.5,73.125,-264.8119,-263.68539999999996,-255.10259999999994,-248.62882999999994,-244.94675999999993,-243.58679999999998,-244.80356999999998,-247.03289999999993,-247.79599999999994,-252.47421999999995,-258.04025999999993,-261.40669999999994
30.5,73.75,-264.93199999999996,-263.98033,-255.36975999999993,-248.96424999999994,-244.99866999999995,-243.61283999999995,-245.17453999999998,-247.39026999999993,-248.36475999999993,-253.13172999999995,-258.26005,-261.72711999999996
30.5,74.375,-265.06089999999995,-264.06821999999994,-255.78986999999995,-249.23349999999994,-244.97649999999993,-243.56859999999995,-245.43561999999997,-247.60599999999994,-248.64026999999993,-253.77387999999996,-258.64338,-262.17484999999994
30.5,75.0,-265.50834,-264.24442999999997,-256.18604999999997,-249.29416999999995,-245.40442999999993,-243.74774999999994,-245.74307999999996,-247.69721999999996,-248.63504999999998,-253.94171999999998,-259.01422999999994,-262.85892999999993
30.5,75.625,-265.91684999999995,-264.37625999999995,-256.53659999999996,-249.55979999999994,-245.87317999999993,-244.05659999999995,-246.00669999999997,-247.73099999999994,-248.67203999999998,-254.23352999999997,-259.39691999999997,-263.79517999999996
30.5,76.25,-265.37866999999994,-263.77637999999996,-255.89496999999994,-249.27049999999997,-246.26682999999997,-244.53784999999993,-246.36405999999994,-247.84287999999998,-249.01889999999997,-254.35829999999993,-259.17697999999996,-263.52653
30.5,76.875,-264.38825999999995,-263.67746999999997,-255.74049999999994,-249.81059999999997,-247.24463999999995,-245.77849999999995,-247.28592999999995,-248.60297999999995,-249.95069999999993,-254.46489999999994,-258.80145999999996,-262.70179999999993
30.5,77.5,-266.0678199999999,-265.71094999999997,-257.97257999999994,-253.41187999999994,-250.61661999999995,-248.42273999999998,-249.34339999999997,-250.21585999999996,-251.53714999999994,-256.49589999999995,-260.09626,-263.05423999999994
30.5,78.125,-268.72839999999997,-269.02455,-261.14255999999995,-257.53297,-254.94549999999998,-252.57979999999998,-252.59262999999993,-253.06439999999998,-254.62775999999997,-259.42079999999993,-262.72946999999994,-265.39206999999993
30.5,78.75,-272.81719999999996,-272.65207999999996,-265.1142,-262.4472999999999,-259.8885599999999,-257.76987999999994,-256.50419999999997,-256.88773999999995,-258.58167999999995,-263.02359999999993,-265.89835999999997,-268.20746999999994
30.5,79.375,-280.70532999999995,-281.75116999999995,-273.75584,-269.54769999999996,-267.02286999999995,-264.87379999999996,-261.82144999999997,-262.36682999999994,-264.49625999999995,-269.86857,-273.07316,-275.58707999999996
30.5,80.0,-292.71590999999995,-293.78682999999995,-284.40094999999997,-278.27881999999994,-275.84129999999993,-273.17195,-268.54918,-269.20667999999995,-271.55771999999996,-277.67224999999996,-281.77905999999996,-284.77783999999997
30.5,80.625,-297.11690999999996,-298.30405999999994,-287.70874999999995,-279.97952999999995,-277.99042999999995,-275.21955999999994,-270.37287999999995,-271.10689999999994,-273.62436999999994,-281.0371999999999,-285.62262999999996,-288.78684999999996
30.5,81.25,-296.88014,-298.25299999999993,-287.13111999999995,-279.68051999999994,-277.63419999999996,-275.12949999999995,-270.21977,-270.90779999999995,-273.91043999999994,-282.0705,-285.92379999999997,-289.47209999999995
31.0,72.5,-265.24749999999995,-264.17942999999997,-255.76996999999994,-249.28244999999993,-245.04251999999997,-243.68939999999998,-244.49259999999998,-246.75869999999998,-247.34183999999993,-252.62113999999997,-258.87451999999996,-262.12204999999994
31.0,73.125,-265.11557999999997,-263.95841999999993,-255.82035999999994,-249.22827999999993,-245.02589999999998,-243.65189999999996,-244.68311999999997,-247.01325999999995,-247.73245999999995,-252.87491999999997,-258.8136999999999,-262.15113999999994
31.0,73.75,-265.14518,-264.14356999999995,-256.14243999999997,-249.54001999999997,-245.00019999999995,-243.79825999999997,-244.91797999999994,-247.22846999999996,-248.22827999999993,-253.45227999999997,-258.87934999999993,-262.37152999999995
31.0,74.375,-265.23686,-264.25919999999996,-256.35565999999994,-249.64105999999998,-245.03244999999993,-243.66389999999996,-245.11051999999995,-247.33481999999998,-248.40485999999993,-253.69699999999995,-259.05379999999997,-262.76167
31.0,75.0,-265.52295999999996,-264.25429999999994,-256.45973,-249.48142999999993,-245.35199999999998,-243.79149999999993,-245.54196999999994,-247.43814999999995,-248.54339999999996,-253.80612999999994,-259.11709999999994,-263.1302299999999
31.0,75.625,-265.66794999999996,-264.11243999999994,-256.44361999999995,-249.51996999999994,-245.85452999999995,-244.13626999999997,-246.02029999999996,-247.59741999999994,-248.76629999999994,-254.07727999999997,-259.19989999999996,-263.62595999999996
31.0,76.25,-264.53709999999995,-262.84012999999993,-255.21906999999993,-248.83454999999998,-246.22649999999993,-244.66596999999996,-246.45426999999995,-247.81262999999996,-248.96161999999998,-253.72749999999996,-257.98767999999995,-262.50864999999993
31.0,76.875,-266.52527999999995,-266.00755,-258.10715999999996,-252.66214999999994,-250.49716999999998,-248.54589999999996,-249.58783999999997,-250.55054999999993,-252.20719999999994,-256.65515999999997,-260.68283999999994,-264.50434999999993
31.0,77.5,-271.97592999999995,-272.34752,-264.4804,-260.9699499999999,-258.31143999999995,-256.22689999999994,-254.98551999999995,-255.40766999999994,-257.39912,-262.43895,-266.01291999999995,-268.50215
31.0,78.125,-276.60609999999997,-277.43552999999997,-268.84939999999995,-265.40043,-262.86234999999994,-260.69852999999995,-258.35269999999997,-258.76651999999996,-260.83739999999995,-266.29477999999995,-269.22464999999994,-271.51793
31.0,78.75,-287.93179999999995,-288.05326999999994,-280.74319999999994,-276.35315999999995,-273.30173999999994,-271.01557999999994,-266.53052999999994,-267.09209999999996,-269.70356,-275.67765999999995,-278.83124999999995,-281.85196999999994
31.0,79.375,-295.70838999999995,-297.1489399999999,-288.94321999999994,-282.2372,-278.65756999999996,-276.42195,-270.95062999999993,-271.99119999999994,-274.68512999999996,-281.16309999999993,-286.43348,-289.62519999999995
31.0,80.0,-297.0274999999999,-298.01911999999993,-286.94539999999995,-280.51044999999993,-278.22864999999996,-275.62924999999996,-270.1201,-271.23362,-274.07035999999994,-280.24616999999995,-285.89169999999996,-289.61887999999993
31.0,80.625,-296.72589999999997,-298.30782999999997,-285.44339999999994,-279.75864999999993,-278.14856999999995,-275.35736999999995,-269.95313999999996,-271.15109999999993,-273.96057999999994,-280.06284999999997,-285.62809999999996,-289.6774
31.0,81.25,-297.3917799999999,-298.50348999999994,-286.22083999999995,-280.24085999999994,-277.58279999999996,-275.19721999999996,-269.91949999999997,-270.8914,-274.00079999999997,-281.32329999999996,-286.97799999999995,-291.44739999999996
31.5,72.5,-265.71405999999996,-264.75919999999996,-256.61621999999994,-250.08349999999996,-245.54859999999996,-243.97794999999996,-244.64832999999993,-246.62161999999995,-247.83246999999994,-253.76126999999997,-259.48533,-262.91829999999993
31.5,73.125,-265.53135,-264.52455,-256.76392999999996,-250.12464999999997,-245.45379999999994,-243.91855999999996,-244.70276999999993,-246.83079999999995,-247.92566999999997,-253.66651999999993,-259.49119999999994,-263.06156999999996
31.5,73.75,-265.45194999999995,-264.48103,-256.87631999999996,-250.07385999999997,-245.43366999999995,-244.07169999999996,-244.94319999999993,-247.05356999999998,-248.34809999999993,-253.79123999999996,-259.41187999999994,-263.02387999999996
31.5,74.375,-265.41495999999995,-264.40207999999996,-256.81281999999993,-249.78455999999994,-245.39737999999994,-243.99045999999993,-245.15739999999994,-247.15186999999997,-248.60172999999998,-253.89231999999993,-259.48269999999997,-263.15178
31.5,75.0,-265.47159999999997,-264.19377,-256.59052999999994,-249.48895999999996,-245.49564999999996,-244.00504999999998,-245.45832999999993,-247.29096999999996,-248.71889999999996,-253.99436999999995,-259.42267999999996,-263.39987999999994
31.5,75.625,-265.31604999999996,-263.48645999999997,-255.82364999999993,-249.03559999999993,-245.84546999999998,-244.31389999999993,-246.12109999999996,-247.51829999999995,-248.83299999999997,-253.88703999999996,-258.91682,-263.22675999999996
31.5,76.25,-264.42151999999993,-262.69446999999997,-254.85539999999997,-249.38089999999994,-247.20734999999996,-245.50397999999996,-247.07979999999998,-248.17353999999995,-249.48816999999997,-253.86359999999996,-257.81474,-261.83701999999994
31.5,76.875,-268.23422999999997,-267.85547999999994,-259.42771999999997,-255.23114999999996,-253.38275999999996,-251.32899999999995,-251.45932999999997,-251.94016999999997,-253.69834999999995,-258.07779999999997,-261.67542999999995,-264.83939999999996
31.5,77.5,-277.93085999999994,-278.32669999999996,-269.75345999999996,-265.68715,-263.1552,-261.56987,-258.58809999999994,-258.99433999999997,-261.70329999999996,-266.72687999999994,-271.03147999999993,-273.85071999999997
31.5,78.125,-287.7494,-289.44789999999995,-280.47727999999995,-274.59489999999994,-271.82453999999996,-270.12834,-265.13649999999996,-266.0028,-268.936,-274.7010599999999,-279.67276999999996,-281.97321999999997
31.5,78.75,-295.33527999999995,-296.2428299999999,-287.99134999999995,-280.02744999999993,-277.70099999999996,-275.62793999999997,-270.15552999999994,-271.10689999999994,-274.30719999999997,-280.31859999999995,-285.74765999999994,-288.6011
31.5,79.375,-296.92575,-297.43631999999997,-286.1611,-279.1792,-277.45532999999995,-275.07859999999994,-269.22569999999996,-270.50669999999997,-273.74182999999994,-279.40561999999994,-285.20347,-288.92752999999993
31.5,80.0,-296.74152999999995,-297.30796999999995,-284.8219399999999,-279.31209999999993,-277.38413999999995,-274.66114999999996,-268.87829999999997,-270.40135,-273.62242,-279.28885999999994,-284.7678599999999,-288.78464999999994
31.5,80.625,-298.43550999999997,-298.93715999999995,-288.02946,-281.28468,-279.11679999999996,-276.79079999999993,-270.88548,-272.38307,-275.9699499999999,-282.16655,-287.81384999999995,-291.65662999999995
31.5,81.25,-300.1856399999999,-300.64063999999996,-290.19712999999996,-283.05414999999994,-279.43341999999996,-277.47499999999997,-271.90349999999995,-273.0857,-276.8117,-284.62284999999997,-289.39646999999997,-293.71642999999995
32.0,72.5,-265.74127999999996,-264.64119999999997,-256.57541999999995,-250.13297999999998,-245.95786999999996,-243.96335999999997,-244.87109999999996,-246.41649999999993,-248.05014999999997,-254.05963999999994,-259.54729999999995,-263.10855999999995
32.0,73.125,-265.91062999999997,-264.71817999999996,-257.15253999999993,-250.66789999999997,-246.03647999999993,-244.06961999999993,-244.91596999999996,-246.59137999999996,-248.11839999999995,-254.27009999999996,-259.92112,-263.47675999999996
32.0,73.75,-265.57487,-264.62609999999995,-257.47711999999996,-250.48401999999993,-246.00272999999993,-244.61386999999996,-245.37866999999994,-247.07825999999994,-248.68036999999998,-254.41046999999998,-259.93323999999996,-263.56949999999995
32.0,74.375,-265.21655999999996,-264.28907,-257.0875,-249.91736999999995,-245.96894999999995,-244.52169999999995,-245.57825999999994,-247.27533999999997,-248.89026999999993,-254.38549999999998,-259.84,-263.50284999999997
32.0,75.0,-264.87819999999994,-263.48449999999997,-255.86243999999994,-249.12671999999998,-245.79352999999998,-244.30084999999997,-245.69369999999998,-247.36505999999997,-248.94025999999997,-253.98453999999998,-259.05731999999995,-263.0572599999999
32.0,75.625,-264.30557999999996,-262.6150999999999,-254.59076999999996,-248.96889999999996,-246.22249999999997,-244.71283999999997,-246.44571999999994,-247.62262999999996,-248.99286999999998,-253.35172999999998,-257.85303999999996,-261.69917
32.0,76.25,-267.11801999999994,-266.19266999999996,-258.03635999999995,-253.82776999999993,-251.54001999999997,-249.74253999999996,-250.42329999999993,-250.89329999999995,-252.66553999999996,-256.74613999999997,-260.74665999999996,-263.87631999999996
32.0,76.875,-275.84315,-276.5801799999999,-267.53389999999996,-263.33115999999995,-260.99287,-259.10059999999993,-256.86984999999993,-257.16873999999996,-259.4157799999999,-264.47434999999996,-268.56317999999993,-271.5814
32.0,77.5,-289.68546999999995,-290.56148999999994,-282.24756999999994,-276.75422,-273.47385999999995,-271.78029999999995,-266.33885,-267.04474999999996,-270.23049999999995,-277.26712999999995,-282.19541999999996,-285.2168
32.0,78.125,-295.42134,-296.42172999999997,-289.41202999999996,-280.54672999999997,-277.28794999999997,-276.01442,-269.83167999999995,-270.70099999999996,-274.32535999999993,-280.9282299999999,-288.19944,-290.2972
32.0,78.75,-296.08545999999996,-296.62667999999996,-287.73233999999997,-278.99307999999996,-277.28583999999995,-275.36409999999995,-269.08545999999996,-270.48099999999994,-274.04053999999996,-279.70136999999994,-285.9034,-288.50899999999996
32.0,79.375,-296.79973999999993,-297.39669999999995,-286.34381999999994,-279.32361999999995,-277.59419999999994,-275.18445999999994,-269.16547999999995,-270.49384999999995,-273.95679999999993,-279.8153,-285.95944999999995,-289.5294999999999
32.0,80.0,-296.43147999999997,-296.71714,-285.96054999999996,-280.09052999999994,-278.10224999999997,-275.76109999999994,-269.6860199999999,-271.23841999999996,-274.74469999999997,-280.65164999999996,-286.92379999999997,-291.0572199999999
32.0,80.625,-296.50141999999994,-296.77699999999993,-286.86334999999997,-280.76352999999995,-278.525,-276.35835,-270.2587,-272.12742,-275.79587999999995,-281.4779199999999,-288.20822999999996,-292.38716
32.0,81.25,-296.96903999999995,-297.56341,-287.14026999999993,-280.50539999999995,-278.4539,-276.43107,-270.53516999999994,-272.34464999999994,-276.19496,-281.47099999999995,-288.56584,-292.79416999999995
32.5,72.5,-267.22016999999994,-266.16922999999997,-258.5801799999999,-252.09677999999997,-248.06169999999997,-245.91751999999997,-246.66547999999995,-247.85799999999995,-249.50797999999998,-255.40669999999994,-261.19548,-264.58371999999997
32.5,73.125,-266.6704,-265.44154,-258.05449999999996,-251.91422999999998,-247.36309999999997,-245.49826999999993,-245.96739999999994,-247.30405999999994,-248.97983999999997,-255.28949999999998,-260.85224999999997,-264.38779999999997
32.5,73.75,-265.46567999999996,-264.42969999999997,-257.23947999999996,-250.77725999999996,-246.64334999999994,-245.28314999999998,-245.81919999999997,-247.15436999999997,-248.78869999999995,-254.64129999999994,-259.91525999999993,-263.59873999999996
32.5,74.375,-264.15919999999994,-263.24778,-255.87229999999994,-249.69287999999995,-246.45432999999997,-244.90555999999998,-245.81113999999997,-247.25415999999996,-248.86475999999993,-253.72119999999995,-258.68845999999996,-262.2605
32.5,75.0,-264.63978,-263.49134999999995,-255.90076999999997,-250.19965999999994,-247.63022999999993,-245.68003999999996,-246.85346999999996,-248.09489999999994,-249.64807999999994,-254.15389999999996,-258.56891999999993,-261.84809999999993
32.5,75.625,-267.29155,-266.54743999999994,-258.74375999999995,-254.14054999999996,-251.66299999999995,-249.54981999999995,-250.20175999999998,-250.78162999999995,-252.42359999999996,-256.80814999999996,-261.18663,-263.85086999999993
32.5,76.25,-275.67103,-276.33252999999996,-268.02259999999995,-263.96475999999996,-261.4157799999999,-259.31129999999996,-257.19293999999996,-257.60623999999996,-259.64079999999996,-265.054,-269.23069999999996,-271.81522999999993
32.5,76.875,-288.69821999999994,-289.87946999999997,-281.63492999999994,-275.86418,-272.95622,-271.25672999999995,-266.01739999999995,-266.74774999999994,-269.56409999999994,-276.94831999999997,-282.0717599999999,-284.5988
32.5,77.5,-296.02157,-296.4460899999999,-289.91169999999994,-283.8611599999999,-278.94202999999993,-277.20203999999995,-271.36292999999995,-272.42407999999995,-275.75359999999995,-284.75492999999994,-290.37082,-293.07654999999994
32.5,78.125,-298.50519999999995,-298.69789999999995,-291.87928,-284.36848,-278.81629999999996,-277.4607,-271.69559999999996,-272.85939999999994,-276.00399999999996,-284.54486999999995,-291.63104,-294.54303
32.5,78.75,-298.67366999999996,-299.01129999999995,-291.54160999999993,-280.98975999999993,-278.66022999999996,-277.03819999999996,-270.9508799999999,-272.39594999999997,-275.71644,-282.55619999999993,-289.77844999999996,-292.74854999999997
32.5,79.375,-297.73938,-298.00551999999993,-288.61042,-280.20905999999997,-278.28491999999994,-276.4196299999999,-270.42607,-271.81447,-275.25183999999996,-281.2525499999999,-288.52309999999994,-292.0930599999999
32.5,80.0,-295.49334,-295.55796999999995,-285.7175,-279.8383299999999,-277.95563999999996,-275.79657999999995,-269.94129999999996,-271.39743999999996,-274.84052999999994,-280.33527999999995,-287.37889999999993,-291.48247999999995
32.5,80.625,-295.34087999999997,-295.28452999999996,-285.66553999999996,-280.20408,-278.14163999999994,-275.89871999999997,-270.16079999999994,-271.78214999999994,-275.25327999999996,-280.47999999999996,-287.69821999999994,-292.0290499999999
32.5,81.25,-295.54312,-295.60609999999997,-285.76075,-279.93402999999995,-277.81317999999993,-275.58554999999996,-269.99661999999995,-271.62317999999993,-275.21419999999995,-280.27896999999996,-287.75876999999997,-292.16455999999994
33.0,72.5,-267.71295999999995,-266.63532999999995,-259.66509999999994,-253.23792999999995,-249.10352999999998,-246.79123999999996,-247.20276999999993,-248.12815999999998,-249.79807999999997,-255.53696999999994,-261.53635999999995,-264.64987999999994
33.0,73.125,-267.3653699999999,-265.80357,-259.03784999999993,-253.18817999999993,-248.93817999999993,-247.34669999999994,-247.42199999999997,-248.38523999999995,-250.03192999999993,-255.74309999999997,-261.35954,-265.07517999999993
33.0,73.75,-264.9881,-263.78263999999996,-256.48517999999996,-251.15433999999993,-247.43669999999997,-246.09719999999993,-246.43411999999995,-247.32776999999993,-248.63819999999993,-253.81217999999996,-258.93897999999996,-261.94386
33.0,74.375,-266.18375999999995,-265.34556,-257.98695,-252.84964999999994,-249.97349999999994,-248.13679999999994,-248.11582999999996,-248.89026999999993,-250.53504999999996,-255.45203999999995,-259.99677999999994,-262.81129999999996
33.0,75.0,-269.42572999999993,-268.37854999999996,-260.99098,-256.26734999999996,-253.85429999999997,-251.77637999999996,-251.18311999999997,-251.79221999999993,-253.79807999999997,-258.9077,-263.4782799999999,-265.73747
33.0,75.625,-274.40146999999996,-273.34849999999994,-266.28192999999993,-261.95484999999996,-259.51658,-257.33496999999994,-255.65033999999997,-256.06742999999994,-258.32908,-263.78595999999993,-268.74704999999994,-270.1886999999999
33.0,76.25,-284.53898,-285.21973999999994,-276.8495,-271.74209999999994,-269.37165999999996,-267.21049999999997,-262.69293999999996,-263.85092999999995,-266.21811999999994,-272.80832999999996,-278.69939999999997,-280.07212999999996
33.0,76.875,-294.1497999999999,-294.47237999999993,-287.7297,-281.98972999999995,-277.37827999999996,-275.90097999999995,-270.10486999999995,-271.39667999999995,-274.21173999999996,-283.39209999999997,-289.07959999999997,-291.53616
33.0,77.5,-298.04449999999997,-297.90569999999997,-291.39673999999997,-283.86084999999997,-279.13733999999994,-277.55734999999993,-271.81302999999997,-273.27723,-276.35333999999995,-285.10031999999995,-291.69469999999995,-294.65518
33.0,78.125,-300.32349999999997,-299.95075999999995,-293.78288,-285.39594999999997,-279.1063,-277.56987,-272.37451999999996,-273.51303999999993,-276.37033999999994,-285.05366,-293.44568999999996,-296.6273299999999
33.0,78.75,-300.05409,-299.73360999999994,-292.36290999999994,-280.95989999999995,-278.38093,-276.74542999999994,-271.18625999999995,-272.57959999999997,-275.65889999999996,-282.65122999999994,-290.97635999999994,-294.1030099999999
33.0,79.375,-297.89563,-297.83475999999996,-288.6261999999999,-279.90709999999996,-277.85333999999995,-275.75197,-270.34677999999997,-271.69336999999996,-274.90629999999993,-280.84961999999996,-288.96637999999996,-292.27855
33.0,80.0,-295.20259,-295.04814,-285.79062999999996,-279.61652999999995,-277.42957999999993,-274.93015999999994,-269.69519999999994,-271.03327999999993,-274.46201999999994,-279.82971999999995,-287.62503999999996,-291.59974
33.0,80.625,-294.92618999999996,-294.81759999999997,-285.83009999999996,-279.97556999999995,-277.55771999999996,-275.17509999999993,-270.0411,-271.13602999999995,-274.89456999999993,-280.04544999999996,-287.73209999999995,-291.98123
33.0,81.25,-294.77718999999996,-294.6384699999999,-285.17334999999997,-279.59477,-277.27533999999997,-274.84139999999996,-269.97052999999994,-270.93637999999993,-274.68559999999997,-279.8144,-287.3453999999999,-291.55467999999996
33.5,72.5,-267.81289999999996,-266.65235999999993,-259.78709999999995,-254.30145999999996,-250.43869999999993,-247.76596999999998,-247.54699999999997,-248.43459999999993,-250.16059999999993,-256.14356999999995,-261.88883999999996,-265.37595999999996
33.5,73.125,-266.85029999999995,-265.8528299999999,-258.87882999999994,-253.78324999999995,-250.29453999999993,-248.32639999999998,-247.86279999999994,-248.95627999999994,-250.37515999999994,-256.0463,-261.05524999999994,-263.4906
33.5,73.75,-268.65097999999995,-267.92103,-260.31406999999996,-255.84625999999997,-252.82932999999997,-250.70371999999998,-249.27484999999996,-250.24762999999996,-252.32465999999994,-258.14331999999996,-262.96097999999995,-265.84354999999994
33.5,74.375,-273.7903299999999,-273.49985999999996,-265.57831999999996,-261.57804999999996,-258.93543999999997,-256.88057,-254.36659999999995,-255.15689999999995,-257.53113999999994,-263.49109999999996,-267.70185999999995,-270.19409999999993
33.5,75.0,-277.94095999999996,-277.407,-269.39746999999994,-265.51579999999996,-263.08487999999994,-260.86075999999997,-257.638,-258.44798,-260.96293,-266.87053,-271.55594999999994,-273.13145
33.5,75.625,-281.94553999999994,-281.40719999999993,-273.07023,-268.99353999999994,-266.81623999999994,-264.54801999999995,-260.51449999999994,-261.66092999999995,-264.5636999999999,-270.34639999999996,-276.37857999999994,-276.77858
33.5,76.25,-291.24945999999994,-291.55499999999995,-283.78074,-278.76439999999997,-275.07264,-273.18719999999996,-267.68098,-269.20566999999994,-272.26642999999996,-279.67163999999997,-286.44733999999994,-287.95459999999997
33.5,76.875,-296.25609,-296.14153999999996,-289.69019999999995,-281.48109999999997,-277.54227999999995,-276.0764,-270.40552999999994,-271.96851999999996,-274.98056999999994,-282.86787,-291.414,-294.01631999999995
33.5,77.5,-299.07223,-298.09263,-292.47646999999995,-280.90659999999997,-278.04619999999994,-276.44455999999997,-270.85083999999995,-272.40376,-275.64079999999996,-282.83269999999993,-291.8947099999999,-293.97486999999995
33.5,78.125,-300.04449999999997,-299.26827999999995,-293.57606,-283.42103,-278.71144,-277.06641999999994,-271.86914999999993,-273.08859999999993,-276.18312,-283.7366999999999,-292.71975,-295.5867599999999
33.5,78.75,-299.6905499999999,-299.21876,-292.04686999999996,-280.37739999999997,-277.64624999999995,-275.84,-270.81037999999995,-271.64769999999993,-275.03766999999993,-281.86599999999993,-290.7792999999999,-293.91123999999996
33.5,79.375,-297.74694999999997,-297.75098999999994,-288.89316999999994,-279.63319999999993,-277.38879999999995,-275.08543,-270.23199999999997,-271.02699999999993,-274.70719999999994,-280.62436999999994,-289.21927999999997,-292.47749999999996
33.5,80.0,-295.12023999999997,-295.11078,-285.75684999999993,-278.94149999999996,-276.50812999999994,-273.83759999999995,-269.18512999999996,-269.98159999999996,-273.98729999999995,-279.21121999999997,-287.58682999999996,-291.34475
33.5,80.625,-293.87174999999996,-293.8436899999999,-284.70285999999993,-278.97419999999994,-276.44046999999995,-273.86283999999995,-269.40538,-269.90677999999997,-274.10874999999993,-279.08603999999997,-286.57645999999994,-290.63275
33.5,81.25,-294.89928999999995,-294.83161999999993,-286.3744,-279.86057999999997,-277.43402999999995,-275.18699999999995,-270.95099999999996,-271.15766999999994,-275.32426,-280.29923999999994,-287.74845999999997,-291.8390299999999
34.0,72.5,-266.12852,-264.57839999999993,-257.28607999999997,-252.31787999999995,-249.65241999999995,-247.51831999999996,-246.99409999999995,-247.90637999999996,-249.61889999999994,-254.12793999999997,-259.23767999999995,-262.73722999999995
34.0,73.125,-269.27284,-268.66641999999996,-261.06659999999994,-256.16709999999995,-253.63779999999997,-251.79929999999996,-250.37641999999994,-251.14579999999995,-252.91162999999995,-258.58206999999993,-263.30954999999994,-266.06494999999995
34.0,73.75,-275.12886,-273.97876999999994,-266.31973999999997,-261.39964,-259.0191,-257.10269999999997,-254.34213999999997,-255.35623999999996,-257.42256,-263.5491999999999,-268.97867999999994,-271.18805999999995
34.0,74.375,-278.9598,-277.51905999999997,-269.32149999999996,-264.90354999999994,-262.67081999999994,-260.6071299999999,-256.77964,-257.76023999999995,-260.17283,-266.40137999999996,-271.89066999999994,-273.41367999999994
34.0,75.0,-280.35409999999996,-279.57581999999996,-270.95014999999995,-266.67594999999994,-264.72751999999997,-262.554,-258.32474999999994,-259.47721999999993,-262.12098,-267.75974999999994,-273.57159999999993,-275.08899999999994
34.0,75.625,-289.33765999999997,-288.85633999999993,-280.30231999999995,-275.03974999999997,-272.80701999999997,-270.54447999999996,-265.2329,-266.89316999999994,-270.04326,-276.0525999999999,-283.56249999999994,-285.29862999999995
34.0,76.25,-294.78239999999994,-294.62471999999997,-287.74742,-280.17589999999996,-277.01619999999997,-275.33783999999997,-269.53569999999996,-271.22141999999997,-274.51159999999993,-281.19202999999993,-290.26699999999994,-293.46880999999996
34.0,76.875,-296.29645999999997,-295.73364999999995,-288.92463,-278.33729999999997,-276.0361,-274.19031999999993,-268.8051,-270.22946999999994,-273.46317999999997,-279.70627999999994,-290.62442,-292.38570999999996
34.0,77.5,-297.3778699999999,-296.26807999999994,-289.70822999999996,-278.22934999999995,-276.00309999999996,-273.94507999999996,-268.5959,-269.86594999999994,-273.35614999999996,-279.78499999999997,-289.52783999999997,-290.96648999999996
34.0,78.125,-298.40097999999995,-297.4251499999999,-291.88985999999994,-281.05475999999993,-278.02286999999995,-276.29441999999995,-271.3846,-271.90626,-275.64417999999995,-282.45219999999995,-291.14174999999994,-293.52942999999993
34.0,78.75,-299.6900499999999,-299.62276999999995,-293.25645,-283.19834999999995,-278.72989999999993,-277.10095999999993,-273.11659999999995,-272.94039999999995,-276.68519999999995,-283.67465999999996,-291.3605799999999,-294.97234999999995
34.0,79.375,-299.2694399999999,-299.8560299999999,-291.1640699999999,-282.50666999999993,-278.58903,-276.81732999999997,-272.74537,-272.71437,-276.62672,-283.27567999999997,-290.67726999999996,-294.54355
34.0,80.0,-298.07777,-298.37793999999997,-289.7501,-282.25476999999995,-278.28403999999995,-276.48001999999997,-272.43992,-272.31049999999993,-276.75289999999995,-282.70029999999997,-290.26709999999997,-294.36321999999996
34.0,80.625,-297.22507999999993,-297.19922999999994,-288.95651999999995,-281.32266999999996,-278.15952999999996,-276.50965999999994,-272.30469999999997,-272.23729999999995,-277.061,-282.06436999999994,-289.64066999999994,-293.81319999999994
34.0,81.25,-297.73943999999995,-297.45131999999995,-289.53734,-281.26001999999994,-278.16342999999995,-276.62399999999997,-272.50579999999997,-272.3991,-277.18445999999994,-282.15574,-290.38967999999994,-294.65088999999995
34.5,72.5,-270.08214,-268.94859999999994,-261.3239,-256.63273,-254.08939999999996,-252.06284999999997,-249.71335999999997,-250.68259999999998,-252.17984999999993,-257.70784,-263.24704999999994,-265.76329999999996
34.5,73.125,-272.85065999999995,-272.09827999999993,-264.55889999999994,-259.3449499999999,-257.29581999999994,-255.14643999999993,-252.95124999999996,-254.25516999999996,-256.19496,-261.47547999999995,-267.24222999999995,-270.07039999999995
34.5,73.75,-277.80659999999995,-276.65223,-269.81987,-264.82075,-263.13223999999997,-261.2605,-257.61909999999995,-259.37843,-261.77072999999996,-266.89799999999997,-272.54949999999997,-274.40833999999995
34.5,74.375,-283.02063999999996,-281.08692999999994,-272.33529999999996,-267.26682999999997,-265.28119999999996,-263.21283999999997,-258.60245999999995,-260.41419999999994,-262.88532999999995,-268.65539999999993,-274.4903699999999,-276.06104999999997
34.5,75.0,-287.63364999999993,-286.70413999999994,-277.9008299999999,-271.96723999999995,-270.3742,-268.01089999999994,-262.69899999999996,-264.29979999999995,-267.43244999999996,-273.15973999999994,-280.61832999999996,-282.76322999999996
34.5,75.625,-292.6414199999999,-291.54293999999993,-283.1039999999999,-276.24379999999996,-274.58259999999996,-272.39475999999996,-266.72117,-268.47934999999995,-271.72529999999995,-277.3844399999999,-287.48349999999994,-290.15006999999997
34.5,76.25,-293.89336999999995,-292.6890199999999,-284.67395999999997,-276.62895,-274.41792,-272.53131999999994,-266.85285999999996,-268.32385999999997,-271.66382999999996,-277.62859999999995,-287.78959999999995,-290.06519999999995
34.5,76.875,-295.84308999999996,-294.95822,-288.94617999999997,-278.30283999999995,-276.39259999999996,-274.79733999999996,-269.1578999999999,-269.90387999999996,-273.78427999999997,-279.88404999999995,-290.75946,-292.89862999999997
34.5,77.5,-295.9147899999999,-295.2998799999999,-288.3108,-278.22333999999995,-276.15756999999996,-274.23563999999993,-269.07144999999997,-269.58179999999993,-273.52854999999994,-279.6113399999999,-289.25247999999993,-290.91020999999995
34.5,78.125,-299.03819999999996,-298.47684999999996,-293.1767,-285.17699999999996,-280.6778699999999,-278.9693,-274.51395999999994,-273.95432999999997,-277.84763999999996,-285.25543999999996,-292.77611999999993,-295.7835799999999
34.5,78.75,-302.51111999999995,-302.4910699999999,-296.8546999999999,-286.98682999999994,-280.50427999999994,-279.25913999999995,-275.95447999999993,-275.63843999999995,-279.16999999999996,-286.66101999999995,-294.24645999999996,-297.89673999999997
34.5,79.375,-302.04186999999996,-302.04535,-294.13536999999997,-285.28205999999994,-279.96793999999994,-278.85059999999993,-275.41009999999994,-275.24869999999993,-279.10599999999994,-285.94086999999996,-293.02873999999997,-297.23091
34.5,80.0,-300.88951999999995,-300.43373999999994,-292.78641999999996,-283.78397999999993,-279.45835999999997,-278.2356,-274.54918,-274.43927999999994,-278.7903299999999,-285.08928,-292.4948999999999,-296.85591
34.5,80.625,-300.30346,-299.68778999999995,-292.13527,-282.9127,-278.99866999999995,-277.83151999999995,-274.00012999999996,-273.79682999999994,-278.55582999999996,-284.08072999999996,-292.27106999999995,-296.70545999999996
34.5,81.25,-299.93917999999996,-299.17355,-291.68276999999995,-282.60254999999995,-278.76782999999995,-277.58029999999997,-273.92484999999994,-273.62506999999994,-278.52991999999995,-283.50334,-292.22848,-296.54467
35.0,72.5,-277.9672699999999,-276.72279999999995,-268.92096999999995,-264.09757999999994,-261.83259999999996,-259.40399999999994,-256.21359999999993,-257.68891999999994,-259.49262999999996,-265.06809999999996,-271.15739999999994,-273.18305999999995
35.0,73.125,-282.27232,-279.15205,-272.01755999999995,-266.87152999999995,-264.74414999999993,-262.78131999999994,-258.16774,-260.30812,-261.85119999999995,-268.21137999999996,-274.36881999999997,-276.17339999999996
35.0,73.75,-291.7088299999999,-290.75557999999995,-280.35236999999995,-274.12854999999996,-272.83802,-270.88874999999996,-264.64215999999993,-267.29274,-269.43519999999995,-274.91007999999994,-284.45267999999993,-287.5961
35.0,74.375,-291.6516199999999,-290.88608999999997,-281.80779999999993,-274.92673999999994,-273.43012999999996,-271.48317,-265.59099999999995,-267.7116,-270.43296999999995,-275.96799999999996,-285.91727999999995,-289.36594999999994
35.0,75.0,-293.52849999999995,-292.23199999999997,-284.24974,-276.51456999999994,-274.70444999999995,-272.85599999999994,-266.92441999999994,-268.8843499999999,-272.08374999999995,-277.3162,-287.74961999999994,-291.14295999999996
35.0,75.625,-294.33829999999995,-293.02358999999996,-285.08295999999996,-277.02209999999997,-275.29859999999996,-273.3846,-267.58872999999994,-268.94899999999996,-272.73259999999993,-277.79679999999996,-289.23154999999997,-292.60654999999997
35.0,76.25,-292.6965799999999,-291.67728999999997,-282.95849999999996,-275.83374999999995,-273.76947999999993,-271.98603999999995,-266.08191999999997,-266.82676,-270.69169999999997,-276.51739999999995,-286.41999999999996,-287.88062999999994
35.0,76.875,-295.39752,-294.5314599999999,-288.60855999999995,-280.46482999999995,-278.06217999999996,-276.32859999999994,-270.88861999999995,-270.78239999999994,-275.01773999999995,-281.20379999999994,-290.19935,-292.94033999999994
35.0,77.5,-298.32134999999994,-297.79868999999997,-291.99929999999995,-285.39302,-280.8842599999999,-279.05911999999995,-274.28108,-273.90961999999996,-278.02942999999993,-285.43884999999995,-292.96361999999993,-295.81093
35.0,78.125,-301.4656299999999,-301.20145999999994,-296.14348999999993,-287.78977999999995,-280.86981999999995,-279.88499999999993,-275.9994,-275.91721999999993,-279.0859,-287.11979999999994,-295.22106999999994,-298.44651
35.0,78.75,-303.31026999999995,-302.7820899999999,-296.66583999999995,-287.50397999999996,-280.59921999999995,-279.71989999999994,-276.30683999999997,-276.3302699999999,-279.70079999999996,-287.3027799999999,-295.32595999999995,-298.90707
35.0,79.375,-301.73767999999995,-300.86677,-293.66905999999994,-283.95439999999996,-279.17439999999993,-278.28,-274.79783,-274.4677,-278.81684999999993,-285.03819999999996,-293.1990599999999,-297.47788999999995
35.0,80.0,-300.16472,-299.27622999999994,-291.9958199999999,-281.66254999999995,-278.32761999999997,-277.05803,-273.4342,-273.02924999999993,-277.8027799999999,-283.46464,-291.91637999999995,-296.11826999999994
35.0,80.625,-300.8625599999999,-300.1600199999999,-292.77811999999994,-284.41712999999993,-279.43643999999995,-278.04535999999996,-274.9292,-274.19329999999997,-278.53049999999996,-285.00649999999996,-293.1491199999999,-297.57894999999996
35.0,81.25,-301.41535999999996,-300.66058,-293.21359999999993,-285.17177,-279.59387999999996,-278.29056999999995,-275.40665999999993,-274.2689,-279.02561999999995,-285.25852999999995,-293.77302,-298.45986999999997
35.5,72.5,-288.99796999999995,-288.58774999999997,-279.25705999999997,-273.61371999999994,-272.49652999999995,-270.8187,-265.54587999999995,-267.32825999999994,-270.31253999999996,-274.96797,-281.82361999999995,-284.34899999999993
35.5,73.125,-288.43057999999996,-287.24262999999996,-277.16288,-270.7715299999999,-268.65076999999997,-266.72925999999995,-262.01325999999995,-264.46637999999996,-266.98816999999997,-272.13154,-278.98715999999996,-281.13953999999995
35.5,73.75,-288.62064999999996,-286.29704,-275.37159999999994,-270.06253999999996,-267.33662,-265.34968,-260.30887999999993,-262.88773999999995,-265.21239999999995,-271.35916999999995,-277.52209999999997,-279.15027999999995
35.5,74.375,-288.54373999999996,-285.77323999999993,-275.68209999999993,-270.1737499999999,-267.33309999999994,-265.58512999999994,-259.83379999999994,-262.08379999999994,-264.76215999999994,-271.20334999999994,-279.71259999999995,-280.93674999999996
35.5,75.0,-291.44755,-290.27696,-280.25325,-274.01865999999995,-271.57879999999994,-269.49213999999995,-263.7203999999999,-265.36783999999994,-268.45719999999994,-274.62852,-285.81854999999996,-287.99866999999995
35.5,75.625,-291.59755999999993,-290.72330999999997,-281.89957999999996,-275.29914999999994,-273.1193999999999,-270.96347999999995,-265.43749999999994,-266.17792999999995,-270.03687999999994,-275.7458,-286.18811999999997,-289.72373999999996
35.5,76.25,-294.21329999999995,-293.7970899999999,-286.56497999999993,-280.62697,-277.99389999999994,-276.19937999999996,-270.57752999999997,-270.58216999999996,-274.83869999999996,-280.40836999999993,-289.07847,-292.10389999999995
35.5,76.875,-298.80736999999993,-298.69223999999997,-292.21187999999995,-287.55893999999995,-284.10963,-281.98786999999993,-275.65369999999996,-275.55564999999996,-279.39145999999994,-286.23984999999993,-293.92490999999995,-297.09065999999996
35.5,77.5,-303.48465999999996,-302.96344999999997,-297.07300999999995,-290.09421999999995,-284.28763999999995,-282.14789999999994,-277.26285999999993,-277.39597999999995,-280.69629999999995,-288.5431,-297.44458,-299.92760999999996
35.5,78.125,-303.1834999999999,-301.7307599999999,-295.48017999999996,-287.20856999999995,-280.29227999999995,-279.67011999999994,-275.80457999999993,-276.16294999999997,-279.41439999999994,-286.70865999999995,-295.33422999999993,-299.06810999999993
35.5,78.75,-301.56618999999995,-299.9655399999999,-293.87541,-285.16535999999996,-279.90459999999996,-279.27146999999997,-275.33937,-275.43709999999993,-279.30402999999995,-285.82593999999995,-293.99789,-297.54026
35.5,79.375,-300.61191999999994,-298.9803299999999,-292.64594999999997,-283.16513999999995,-279.27716999999996,-278.4508799999999,-274.76935999999995,-274.15033999999997,-278.84665999999993,-284.51071999999994,-292.76676999999995,-296.78484999999995
35.5,80.0,-300.94458999999995,-299.8524,-293.41954999999996,-285.29567,-280.10205999999994,-278.97486999999995,-275.83316999999994,-274.95755999999994,-279.22446999999994,-285.83516,-293.37249999999995,-297.79680999999994
35.5,80.625,-301.2921099999999,-300.6504,-293.63277999999997,-287.02275,-281.32246,-279.57733999999994,-276.43904,-275.6792,-279.77835999999996,-286.88129999999995,-294.05693999999994,-298.51921999999996
35.5,81.25,-301.0857199999999,-300.35797999999994,-293.03399999999993,-286.89044999999993,-280.97745999999995,-279.29535999999996,-276.38394999999997,-275.44266999999996,-279.66583999999995,-286.62062,-293.94705,-298.58462
36.0,72.5,-293.17737999999997,-291.6023399999999,-282.50299999999993,-276.55551999999994,-275.00775999999996,-273.50899999999996,-268.3462999999999,-270.01285999999993,-273.37969999999996,-278.08386999999993,-285.691,-288.57804999999996
36.0,73.125,-293.99724999999995,-293.12026999999995,-283.32187999999996,-276.61045999999993,-275.36774999999994,-273.78538,-267.89203999999995,-269.69354999999996,-273.20914999999997,-277.83389999999997,-287.10389999999995,-289.56299999999993
36.0,73.75,-292.2853799999999,-290.07376999999997,-279.86276999999995,-274.35654999999997,-272.05033999999995,-270.25125999999995,-264.24219999999997,-266.30533999999994,-269.63571999999994,-275.32141999999993,-283.292,-284.67497
36.0,74.375,-290.71565999999996,-289.29049999999995,-279.11893999999995,-273.78129999999993,-270.98545999999993,-269.08692999999994,-263.50052999999997,-265.28049999999996,-268.54339999999996,-274.31179999999995,-282.24749999999995,-284.48429999999996
36.0,75.0,-293.41130999999996,-292.33369999999996,-283.78122999999994,-278.1294,-275.35376999999994,-273.47553999999997,-268.28882999999996,-269.23804999999993,-273.0756999999999,-278.30219999999997,-287.52867,-290.4581099999999
36.0,75.625,-296.39543999999995,-296.05469999999997,-288.72525999999993,-284.34333,-281.13962999999995,-278.81028,-273.32575999999995,-273.43116,-278.16382999999996,-284.11826999999994,-291.30129999999997,-294.6916
36.0,76.25,-299.28076999999996,-298.57953,-292.06773,-287.01059999999995,-283.70297999999997,-281.66553999999996,-275.43379999999996,-275.80659999999995,-279.70982,-285.9906,-293.58431999999993,-296.9699499999999
36.0,76.875,-301.62123999999994,-300.26367999999997,-293.92859,-286.88617999999997,-281.68735999999996,-280.63339999999994,-275.4395999999999,-276.30191999999994,-279.44104999999996,-285.89224999999993,-294.65414,-298.09192999999993
36.0,77.5,-300.98578999999995,-299.18666999999994,-292.06016,-283.52232,-279.84766999999994,-278.91745999999995,-274.48596999999995,-274.86002999999994,-278.79274,-284.44679999999994,-293.44809,-297.10465999999997
36.0,78.125,-300.67870999999997,-298.9958199999999,-291.69748999999996,-282.93952999999993,-279.17169999999993,-278.46915999999993,-274.68152999999995,-274.60333999999995,-278.56109999999995,-284.66605999999996,-292.92116999999996,-297.07314999999994
36.0,78.75,-299.0074599999999,-297.29770999999994,-290.44232,-281.58789999999993,-278.88249999999994,-278.11809999999997,-274.41339999999997,-273.69577999999996,-278.3049,-283.78932,-291.35195999999996,-295.34355999999997
36.0,79.375,-297.33432999999997,-296.07953,-289.18929999999995,-281.24665999999996,-278.67439999999993,-277.87915999999996,-274.64826999999997,-273.89459999999997,-278.15457999999995,-283.465,-290.16483999999997,-294.27709999999996
36.0,80.0,-293.23427999999996,-293.06348999999994,-284.99445999999995,-279.03579999999994,-276.92627999999996,-275.8136999999999,-272.3144,-271.97479999999996,-276.24625999999995,-280.7361599999999,-286.81609999999995,-291.0600099999999
36.0,80.625,-289.43387999999993,-289.75467999999995,-281.19437999999997,-276.93037,-274.7443999999999,-273.40389999999996,-269.66229999999996,-270.11743999999993,-274.00366999999994,-278.15827999999993,-283.04274,-287.7861
36.0,81.25,-289.40567999999996,-289.3452,-280.81134999999995,-276.82692,-274.66525999999993,-273.3674,-269.67731999999995,-270.20023999999995,-273.52387999999996,-278.52617,-283.29044999999996,-287.77811999999994
36.5,72.5,-293.4331199999999,-291.6754399999999,-282.1234299999999,-277.59137999999996,-275.51895999999994,-273.59903999999995,-269.18524999999994,-270.92252999999994,-274.03061999999994,-278.56149999999997,-285.47853,-287.48133999999993
36.5,73.125,-293.53203999999994,-291.94741999999997,-282.13179999999994,-277.46799999999996,-275.34937999999994,-273.3735199999999,-268.50229999999993,-270.07172999999995,-273.56433999999996,-278.17206999999996,-285.53619999999995,-287.76993999999996
36.5,73.75,-292.15936,-289.56461999999993,-280.58624999999995,-275.78599999999994,-273.02701999999994,-271.33536999999995,-266.0988,-267.77937,-271.43634999999995,-276.38672999999994,-283.07408,-285.97977999999995
36.5,74.375,-292.30251999999996,-291.34619999999995,-282.22095999999993,-277.46579999999994,-274.7477999999999,-273.02815,-267.81717999999995,-269.13394999999997,-273.08088,-277.73729999999995,-284.45439999999996,-287.57511999999997
36.5,75.0,-294.56681999999995,-293.6748799999999,-285.11136999999997,-280.19696999999996,-277.09129999999993,-274.96153,-270.1099,-270.97769999999997,-275.07692,-279.93055,-286.95989999999995,-290.44379999999995
36.5,75.625,-297.62578999999994,-296.49497999999994,-289.21054999999996,-283.14072999999996,-280.07724999999994,-277.63376999999997,-272.88269999999994,-273.69757999999996,-277.69559999999996,-282.82895999999994,-290.49123999999995,-294.38602999999995
36.5,76.25,-296.78984999999994,-295.30161999999996,-287.72354999999993,-281.12924999999996,-278.50373999999994,-276.95769999999993,-272.13785999999993,-272.50379999999996,-276.96025,-281.5923599999999,-289.53455999999994,-293.6462399999999
36.5,76.875,-295.9250599999999,-294.14160999999996,-286.77905999999996,-279.83942999999994,-277.54959999999994,-276.86499999999995,-272.11997999999994,-272.08493999999996,-276.72211999999996,-281.33377999999993,-288.59525999999994,-292.70412999999996
36.5,77.5,-297.38788,-295.67188999999996,-288.97612,-281.77942999999993,-278.88319999999993,-278.41043999999994,-274.47389999999996,-273.95005,-278.5148,-283.72644999999994,-290.50446999999997,-294.47146
36.5,78.125,-294.76653999999996,-293.5945899999999,-285.50632999999993,-278.83637999999996,-276.84973999999994,-275.98639999999995,-271.77439999999996,-271.9874,-276.62744999999995,-280.91507999999993,-287.72939999999994,-292.08228999999994
36.5,78.75,-290.54056999999995,-289.97937999999994,-281.0530499999999,-276.67081999999994,-274.65982999999994,-273.45822999999996,-269.62742,-270.31226999999996,-274.25654,-278.64269999999993,-283.69259999999997,-288.42636999999996
36.5,79.375,-283.7945399999999,-283.85089999999997,-275.34899999999993,-271.78869999999995,-268.97929999999997,-267.32559999999995,-263.60297999999995,-265.26426,-268.11981999999995,-273.70734999999996,-276.64399999999995,-281.52266
36.5,80.0,-282.50989999999996,-282.9075399999999,-273.98109999999997,-270.31019999999995,-267.4238399999999,-265.66464999999994,-262.04425999999995,-263.82877999999994,-266.31864999999993,-272.46689999999995,-275.25629999999995,-280.68222999999995
36.5,80.625,-279.81327999999996,-279.7886,-270.04792,-266.32346999999993,-262.74186,-260.65842999999995,-257.14554999999996,-259.6423,-261.98166999999995,-268.45154999999994,-272.50174999999996,-279.4847
36.5,81.25,-277.52286999999995,-276.82492999999994,-267.39456999999993,-263.27464,-259.32505,-256.98551999999995,-253.32599999999996,-256.53617999999994,-258.88584999999995,-266.19737,-270.82584999999995,-278.19864999999993
37.0,72.5,-293.15256999999997,-292.22983999999997,-283.92799999999994,-278.69345999999996,-276.88376999999997,-275.08959999999996,-270.8419999999999,-272.93372999999997,-275.56449999999995,-279.7272,-286.72617999999994,-288.95192
37.0,73.125,-294.58658999999994,-293.46583,-285.34003999999993,-279.62113999999997,-277.49983,-276.02662,-271.83084999999994,-273.31275999999997,-276.40601999999996,-280.80026999999995,-287.97965999999997,-290.23895999999996
37.0,73.75,-294.77068999999995,-293.65840999999995,-285.78559999999993,-279.73355999999995,-277.49173999999994,-276.30024,-271.83149999999995,-272.78819999999996,-276.65139999999997,-280.82346999999993,-287.94829999999996,-290.48753
37.0,74.375,-295.16535999999996,-294.1423,-286.70338,-280.58799999999997,-277.94425999999993,-276.77869999999996,-272.14441999999997,-272.76449999999994,-276.99819999999994,-281.2184,-288.21619999999996,-291.2234199999999
37.0,75.0,-295.06163999999995,-294.01773,-286.72684999999996,-280.8282,-278.02419999999995,-276.6516,-272.1860199999999,-272.54173,-276.94071999999994,-281.14029999999997,-287.99845999999997,-291.50975999999997
37.0,75.625,-294.39582999999993,-293.04973999999993,-285.29733999999996,-279.65669999999994,-277.08109999999994,-275.65567999999996,-271.34819999999996,-271.69609999999994,-276.18622999999997,-280.37943999999993,-287.00079999999997,-291.30305
37.0,76.25,-292.4241099999999,-291.1030999999999,-282.59379999999993,-277.87922,-275.48747,-274.21347999999995,-270.20124999999996,-270.54159999999996,-275.04479999999995,-278.98584999999997,-285.13327999999996,-289.77512999999993
37.0,76.875,-286.84809999999993,-286.19345999999996,-277.32075,-273.97022999999996,-271.29049999999995,-269.65969999999993,-265.77432999999996,-267.2184,-270.94416999999993,-275.28714999999994,-279.68287,-284.88147999999995
37.0,77.5,-285.44992999999994,-284.99029999999993,-276.26877999999994,-273.08662,-270.60489999999993,-269.09669999999994,-265.13346999999993,-266.84653999999995,-269.98049999999995,-274.58762999999993,-278.45636999999994,-283.99168
37.0,78.125,-284.36521999999997,-284.11411999999996,-275.27063999999996,-271.47139999999996,-268.67407999999995,-266.81859999999995,-262.94809999999995,-265.37613999999996,-267.86643999999995,-273.33182999999997,-276.94132999999994,-282.68796999999995
37.0,78.75,-280.82706999999994,-280.81549999999993,-271.56627,-266.95627999999994,-263.84572,-261.42142999999993,-257.62665999999996,-261.12613999999996,-262.76761999999997,-269.56104999999997,-273.16034999999994,-280.66385999999994
37.0,79.375,-278.95062999999993,-278.22047,-268.93639999999994,-263.52622999999994,-259.7171799999999,-256.97612,-253.43109999999996,-256.96811999999994,-258.65509999999995,-265.98517999999996,-271.23993999999993,-280.81859999999995
37.0,80.0,-277.95432999999997,-275.89167,-267.07541999999995,-261.05668,-257.11484999999993,-254.41519999999997,-250.71915999999993,-254.29249999999996,-256.46005999999994,-264.03469999999993,-270.01053999999993,-279.73722999999995
37.0,80.625,-278.97038,-275.73807999999997,-267.09909999999996,-260.06996,-255.76959999999997,-253.27299999999997,-249.43436999999994,-253.06491999999997,-255.38947999999993,-263.59757999999994,-270.16929999999996,-280.3205
37.0,81.25,-279.69141999999994,-276.15849999999995,-267.63399999999996,-260.16345999999993,-255.25397999999996,-252.83887999999996,-249.00592999999998,-252.41873999999996,-255.20355999999998,-263.71097999999995,-270.53412999999995,-281.09397999999993
