lat,lon,2021-01,2021-02,2021-03,2021-04,2021-05,2021-06,2021-07,2021-08,2021-09,2021-10,2021-11,2021-12
29.0,72.5,8.1358685e-06,8.86783e-13,1.0082876e-07,2.9873625e-05,3.2108525e-07,6.085302e-05,0.00010113338,1.1746372e-05,8.068016e-05,5.223472e-06,2.4038345e-24,2.2156881e-07
29.0,73.125,6.779232e-06,5.517698e-13,4.5578137e-08,2.4192135e-05,5.511438e-07,0.00021194821,0.00013659714,2.2459528e-05,0.00011964443,5.193531e-06,3.0957373e-23,1.2002802e-07
29.0,73.75,4.9001155e-06,1.1787958e-12,1.981473e-06,1.7524952e-05,8.5226634e-07,0.00016719749,0.00014938178,3.303962e-05,0.0001088379,1.0504724e-05,7.2536425e-14,1.5942581e-07
29.0,74.375,8.643522e-06,1.3551781e-12,1.3380563e-05,5.342234e-06,8.571892e-07,3.754583e-05,0.00022162411,4.4282544e-05,9.4173156e-05,2.8196866e-05,7.083824e-13,3.3573363e-07
29.0,75.0,5.5990116e-05,3.1042842e-12,1.7771816e-05,1.2592829e-05,3.724427e-07,7.907068e-06,0.00030341462,5.98449e-05,0.00013606212,2.4256322e-05,2.4260613e-12,7.5728383e-07
29.0,75.625,0.00013208453,2.4753517e-11,1.0588939e-05,1.4281232e-05,2.5954506e-07,2.779987e-05,0.0003971257,6.140658e-05,0.00024918318,3.6204718e-05,4.657902e-08,1.764376e-06
29.0,76.25,0.0001464456,9.7089874e-08,3.4633113e-06,5.3631884e-06,1.8355223e-06,7.905002e-05,0.0005986317,5.520307e-05,0.0002858522,3.8441332e-05,6.887248e-08,3.1680083e-06
29.0,76.875,0.000109837165,6.993675e-07,1.1794536e-05,4.6490436e-06,4.082243e-05,6.5318425e-05,0.0004788377,0.00014366451,0.00022261831,0.00010327469,6.120893e-07,7.089917e-06
29.0,77.5,4.8901184e-05,1.0035997e-06,3.4569355e-05,1.1685297e-05,0.00019830502,7.409305e-06,0.00031679924,0.00038598635,0.00023124563,0.000117025476,6.4587466e-06,1.1569212e-05
29.0,78.125,3.755346e-05,5.4717407e-07,1.5225775e-05,2.358817e-05,0.00036222764,3.290366e-05,0.0002458435,0.00041977133,0.00011571616,0.00013442281,4.714728e-06,8.527149e-06
29.0,78.75,3.8546623e-05,1.1713928e-06,9.500721e-06,2.7081183e-05,0.0003865995,0.00011691145,0.00032284792,0.0003618147,0.000118763826,0.00011287947,1.9535435e-06,1.4320832e-05
29.0,79.375,3.4602363e-05,1.6541115e-06,5.2439227e-06,2.3133574e-05,0.00024250141,0.00025061241,0.00046213268,0.00028823,0.0001342855,8.8254776e-05,1.8899875e-07,1.2906102e-05
29.0,80.0,2.2165179e-05,1.0833853e-05,3.9614542e-07,6.430209e-05,0.00012097894,0.0004726199,0.00050244544,0.00031667203,0.00011536069,0.00011389607,4.773264e-08,1.6280224e-05
29.0,80.625,2.08635e-05,3.6058445e-05,1.5983625e-07,0.00014845908,0.00015253857,0.00063593604,0.0007789951,0.00059589645,0.00021227101,0.00026858127,1.7955746e-09,3.9231378e-05
29.0,81.25,1.6189615e-05,5.0069404e-05,2.1423375e-06,0.00016462401,0.00019567383,0.00050408323,0.0007717434,0.00063728227,0.00028160884,0.00028582654,2.4575084e-07,6.841129e-05
29.5,72.5,6.649079e-06,2.7461213e-12,1.3745655e-06,4.742193e-05,4.4237004e-07,0.00023768745,6.3015956e-05,1.13702845e-05,4.7540107e-05,5.279722e-06,1.7746538999999998e-25,7.384205e-08
29.5,73.125,7.1099043e-06,9.106248e-13,3.4446128e-07,2.950464e-05,2.0791241e-07,0.0003422426,0.0001257203,1.561871e-05,8.249088e-05,4.964949e-06,1.6292773e-24,4.478929e-08
29.5,73.75,7.549293e-06,2.290322e-12,3.463698e-07,2.5656382e-05,4.5951305e-07,0.000120880635,0.00016927104,2.8860475e-05,9.792178e-05,6.772358e-06,7.91663e-14,1.6643705e-07
29.5,74.375,7.941367e-06,4.396409e-12,1.6948242e-06,1.0505488e-05,4.877651e-07,3.9251652e-05,0.00021800029,3.7225487e-05,7.800024e-05,1.1982818e-05,2.5530985e-11,3.0901722e-07
29.5,75.0,4.3335836e-05,7.17106e-11,2.8056634e-06,1.5476597e-05,2.4115326e-07,4.482953e-05,0.00031906232,4.5089524e-05,9.353834e-05,1.6287757e-05,5.9588966e-11,5.8034766e-07
29.5,75.625,0.00010510424,2.35467e-09,2.9858206e-06,3.3423876e-05,1.154973e-07,4.8775346e-05,0.00044024875,4.2666263e-05,0.00017490263,2.4968074e-05,1.2711352e-07,4.3941117e-07
29.5,76.25,0.000120409524,1.08456675e-07,2.0190037e-06,2.0379657e-05,2.3061045e-07,2.3880393e-05,0.0007028442,7.2763476e-05,0.0002951856,3.066704e-05,1.8047773e-07,1.3109723e-06
29.5,76.875,0.00012184125,6.4223104e-07,3.5345208e-06,3.898208e-06,8.970317e-06,7.651564e-06,0.0006306884,0.000394644,0.0003147764,4.1392414e-05,2.791515e-08,9.767502e-06
29.5,77.5,8.2436134e-05,1.593141e-06,2.6502225e-06,1.9309888e-05,7.9778525e-05,6.964386e-06,0.00042561837,0.00058005203,0.00015095362,7.277875e-05,1.6704651e-09,1.5584e-05
29.5,78.125,3.98149e-05,9.802421e-07,2.7914115e-07,3.939259e-05,0.00020634093,0.00013725318,0.0004177813,0.000455342,8.690796e-05,0.00013181313,4.6193644e-08,4.144293e-06
29.5,78.75,4.203846e-05,1.7293662e-06,1.7586647e-06,3.7846163e-05,0.00024036065,0.00026903357,0.00047188535,0.00027870826,8.035401e-05,0.00013366625,7.5977056e-08,6.3588363e-06
29.5,79.375,5.693708e-05,9.945551e-06,3.4546815e-06,4.1846943e-05,0.00022673034,0.00041294517,0.00065190595,0.0003559354,0.00015165849,0.00012223124,3.0174766e-07,1.9271287e-05
29.5,80.0,7.493544e-05,1.8858667e-05,3.232629e-06,7.3021445e-05,0.00024828585,0.0008832466,0.0010621855,0.0006955247,0.00032660316,0.00028413726,3.265987e-07,7.4928146e-05
29.5,80.625,6.541566e-05,2.3937042e-05,1.7074972e-05,0.00018718948,0.0002463863,0.00059263397,0.0011475845,0.0007923495,0.0003754725,0.00032599582,3.4124616e-07,7.2671326e-05
29.5,81.25,7.294418e-05,5.257682e-05,3.862653e-05,0.0002966604,0.0003506796,0.0004804909,0.0011270728,0.00072548224,0.000490276,0.00033132287,2.3588245e-06,6.830711e-05
30.0,72.5,4.917278e-06,6.9227913e-12,8.406547e-06,0.00011364858,4.8062896e-07,0.00044197286,2.4729536e-05,9.831473e-06,3.8468817e-05,4.6147807e-06,4.2103982e-19,1.9653212e-08
30.0,73.125,8.645332e-06,2.4718055e-12,2.389291e-06,9.381963e-05,1.0999857e-07,0.00034579463,5.7789417e-05,1.3709595e-05,5.2207335e-05,5.327196e-06,3.9431771000000005e-22,1.7765794e-08
30.0,73.75,1.2120442e-05,4.1258464e-12,1.359153e-06,5.9185924e-05,2.6343918e-07,5.9139034e-05,0.000108827204,2.517661e-05,7.944089e-05,7.255867e-06,1.4404897e-10,1.197934e-08
30.0,74.375,1.1162559e-05,9.508273e-12,4.0383284e-06,2.7368347e-05,5.01387e-07,1.7674904e-05,0.00016171648,3.3960543e-05,7.685089e-05,1.8773073e-05,5.125031e-10,1.2785509e-07
30.0,75.0,2.980026e-05,1.7836087e-09,3.5913513e-06,8.635675e-06,2.7303022e-07,9.49185e-05,0.00023275024,3.9862058e-05,6.242231e-05,2.4107634e-05,3.3276185e-10,5.922598e-07
30.0,75.625,7.850249e-05,1.9517222e-08,2.5405932e-06,3.1673342e-05,1.4003545e-07,0.00013892722,0.00044007372,4.2723063e-05,0.00010199949,2.4398158e-05,2.6774902e-08,7.8978564e-07
30.0,76.25,8.983858e-05,4.2452093e-08,7.3191813e-06,5.2153246e-05,2.0676731e-07,7.601832e-05,0.0006323012,0.00013392439,0.00019291528,3.2883585e-05,1.2961904e-08,6.2856435e-07
30.0,76.875,0.00010921605,3.515243e-07,1.608534e-05,2.8090344e-05,1.3500595e-06,4.0925213e-05,0.0005137413,0.00040146467,0.00018247786,1.8823943e-05,3.2252298e-11,1.8540952e-05
30.0,77.5,0.00010000031,1.3673023e-06,1.8896084e-05,1.5830105e-05,2.8117856e-05,2.5886437e-05,0.0006979149,0.0004828898,0.0001425567,3.9813134e-05,8.241952e-09,4.627371e-05
30.0,78.125,5.0851504e-05,3.2521405e-06,2.2676015e-05,6.341408e-05,7.9430974e-05,0.0002690298,0.00063909136,0.00028945642,0.00010225446,8.839431e-05,1.371014e-08,1.14888435e-05
30.0,78.75,6.574258e-05,6.558937e-06,2.4760455e-05,0.00013589837,0.00017863757,0.00043736803,0.0009647573,0.0004984785,0.00020985221,0.00019894086,3.9048672e-07,2.3153429e-05
30.0,79.375,9.8275545e-05,1.9646324e-05,4.1684172e-05,0.00016368234,0.00027486432,0.00049501105,0.0009353571,0.00062278635,0.00031598707,0.00016343287,1.3778389e-06,4.275147e-05
30.0,80.0,7.995248e-05,3.402184e-05,5.3604952e-05,0.00021335589,0.0002984779,0.00049918296,0.0008176964,0.0005176529,0.00030339038,0.00021106824,1.8741041e-06,3.112895e-05
30.0,80.625,6.699005e-05,5.494847e-05,0.00011223897,0.00043189136,0.00044588535,0.00035420115,0.0010109851,0.0006830404,0.00054219004,0.00029342843,3.55169e-06,5.795265e-05
30.0,81.25,5.936074e-05,7.254282e-05,0.000142107,0.00050485367,0.00039602688,0.00028456587,0.0009870385,0.00052551227,0.00064845453,0.00025081378,7.406108e-06,7.516278e-05
30.5,72.5,6.855571e-06,2.1998743e-11,3.065389e-05,0.00017040693,1.9793572e-06,0.0003290626,2.3300736e-05,8.541467e-06,3.820426e-05,4.4592125e-06,2.2500168999999997e-18,1.3012101e-09
30.5,73.125,9.789673e-06,8.775584e-12,7.886047e-06,0.00014363373,2.2131788e-08,0.0001377789,3.1440573e-05,1.6149377e-05,5.2012176e-05,4.761188e-06,1.0941859e-20,9.311771e-09
30.5,73.75,1.5004448e-05,1.3389363e-11,4.2410234e-06,0.00011113953,9.76933e-08,1.6624763e-05,3.628335e-05,2.8677438e-05,5.5088152e-05,7.47412e-06,1.4729856e-10,6.356555e-08
30.5,74.375,1.4379982e-05,4.6671627e-09,7.0844203e-06,7.579525e-05,9.420123e-08,4.1221115e-06,5.907428e-05,3.5624675e-05,6.176708e-05,3.901224e-05,7.5521056e-10,8.132217e-08
30.5,75.0,3.0368148e-05,3.8981582e-08,6.9197517e-06,6.066231e-05,3.8885904e-08,4.0748997e-05,0.00012113225,3.4753564e-05,6.1159226e-05,9.437371e-05,4.4224044e-10,9.627585e-07
30.5,75.625,6.5372755e-05,1.2663892e-07,8.408514e-06,4.437118e-05,1.7509794e-07,0.00010613973,0.00030079408,4.920431e-05,6.666612e-05,5.9125086e-05,2.2043716e-09,1.5351275e-06
30.5,76.25,9.676951e-05,2.5658608e-07,2.2268843e-05,6.37749e-05,1.2919903e-06,0.000102434155,0.00044537763,0.00015457907,0.000118550844,5.052024e-05,8.990521e-10,6.807654e-07
30.5,76.875,0.000112827205,7.577826e-07,4.4470562e-05,8.258638e-05,4.8825164e-06,0.000109261695,0.00034523944,0.00023541406,0.00012026187,2.5803842e-05,4.2857135e-08,2.4512385e-05
30.5,77.5,0.000102239916,1.0769531e-05,8.102704e-05,0.000115049406,3.2995496e-05,9.784647e-05,0.0006306909,0.00023158059,0.00014811705,4.163233e-05,3.2484725e-06,5.2620995e-05
30.5,78.125,8.817433e-05,2.0506299e-05,0.0001143772,0.00015163304,7.381717e-05,0.00024777564,0.0009153545,0.00029101392,0.00025484414,0.00012285277,1.4131775e-06,4.9098024e-05
30.5,78.75,7.015144e-05,2.5980527e-05,0.00012760625,0.0003512975,0.00020040806,0.00027048364,0.0009186374,0.00038575404,0.00031312034,0.00019352711,1.1165079e-06,4.498544e-05
30.5,79.375,7.23507e-05,4.549884e-05,0.00015448172,0.0005007913,0.0003936959,0.00030706872,0.0006556261,0.0004826235,0.00038812534,0.0001228505,3.9094957e-06,4.7680438e-05
30.5,80.0,0.00010123141,6.819891e-05,0.00019243914,0.0006835007,0.00056622684,0.0003880543,0.00077793386,0.0005044995,0.00043639788,0.00015747579,8.988861e-06,6.397143e-05
30.5,80.625,5.5559653e-05,4.2633266e-05,0.000111956724,0.0004078009,0.0003352557,0.00020440757,0.00056841347,0.00036188864,0.00026033173,0.00011263792,8.161028e-06,4.6932295e-05
30.5,81.25,1.802991e-05,2.1914435e-05,5.6720994e-05,0.00026676885,0.0002099701,0.00011810313,0.0005416031,0.00031744846,0.00037043443,7.836801e-05,5.8906853e-06,2.9628545e-05
31.0,72.5,9.089186e-06,4.6062373e-10,7.0094706e-05,0.00010490057,9.559575e-07,7.423139e-05,0.0001467227,8.745031e-06,3.0938605e-05,5.761534e-06,7.739879e-18,2.4335194e-09
31.0,73.125,1.3234436e-05,1.438193e-09,2.3269267e-05,0.000142937,7.552642e-07,2.0558506e-05,6.3942905e-05,2.7994285e-05,5.0740982e-05,6.605649e-06,1.4154011e-12,6.969241e-08
31.0,73.75,1.8524343e-05,3.1796565e-09,1.2210152e-05,0.00014156279,4.4855594e-07,2.045447e-06,2.5801302e-05,4.1525884e-05,5.397638e-05,8.542927e-06,2.396844e-11,1.9250712e-07
31.0,74.375,1.6435393e-05,1.2988553e-08,1.1341642e-05,0.00014883887,3.5266166e-07,1.162054e-06,2.8037295e-05,3.639373e-05,5.0889335e-05,6.415347e-05,2.7884703e-09,9.738926e-08
31.0,75.0,3.886547e-05,1.6101235e-07,1.3154896e-05,0.0001309938,9.507763e-08,5.487121e-06,5.0232396e-05,3.0496483e-05,5.5947607e-05,0.00020425819,5.9715863e-09,1.6549029e-06
31.0,75.625,6.5748936e-05,2.901275e-07,1.6548749e-05,0.00010275766,5.1522494e-07,3.4354405e-05,0.00013658294,4.6554287e-05,5.9885006e-05,0.0001607751,5.9461582e-09,2.674013e-06
31.0,76.25,0.00011271885,2.2425759e-06,2.5125599e-05,0.00010609816,3.312193e-06,5.9622438e-05,0.00022684866,0.000108950226,0.00010817293,7.537301e-05,4.377503e-09,1.1449829e-06
31.0,76.875,0.000118858305,7.972661e-06,4.7869344e-05,0.0001559627,2.545815e-05,0.000106730346,0.00033039108,0.00016112174,0.00021773626,5.6159213e-05,2.7615042e-07,1.1287977e-05
31.0,77.5,0.00015982009,4.139698e-05,0.00012729166,0.00034970863,0.0001295434,0.00020682301,0.0007288111,0.00026757325,0.000368012,7.4557785e-05,9.307058e-06,5.5375076e-05
31.0,78.125,0.00013937314,7.4850905e-05,0.00015861889,0.00037258054,0.0001728773,0.00022551914,0.00084645156,0.00024073992,0.0004301081,0.00012280777,5.2212463e-06,7.8797784e-05
31.0,78.75,9.7444594e-05,8.269064e-05,0.00021291849,0.0006815297,0.0004188046,0.0002873741,0.0008312517,0.00031256303,0.0004998699,0.00015734615,4.5422357e-06,8.037541e-05
31.0,79.375,7.767479e-05,5.275583e-05,0.00015330774,0.0005207211,0.00038178288,0.00021981684,0.00063763943,0.00032106595,0.00040861443,0.00011789729,6.1724318e-06,5.8617006e-05
31.0,80.0,2.4530022e-05,1.6074478e-05,4.3515025e-05,0.00019457328,0.00022046902,8.753687e-05,0.0004319128,0.00021000071,0.0002023358,4.2908254e-05,3.611246e-06,1.6360875e-05
31.0,80.625,1.7322602e-05,1.2171589e-05,3.8806375e-05,0.0001846962,0.00019809634,6.934926e-05,0.00037218822,0.00015599305,0.00011401093,4.386657e-05,2.9279395e-06,1.3008633e-05
31.0,81.25,1.7149236e-05,1.9550154e-05,5.1276456e-05,0.00018084915,0.00018597866,5.4457152e-05,0.00030253985,0.00014411779,0.00011374407,3.4462166e-05,3.0851095e-06,1.5885029e-05
31.5,72.5,1.2787089e-05,4.5013078e-09,0.00011122357,9.046509e-05,4.587779e-07,3.2049302e-06,0.00011596561,1.4920913e-05,2.7086795e-05,1.209531e-05,1.0263538000000001e-17,7.830629e-08
31.5,73.125,1.7188788e-05,2.252529e-08,9.143668e-05,0.00013036346,1.0367199e-06,1.3344538e-06,6.935348e-05,3.622329e-05,4.2069674e-05,1.1599961e-05,7.2238515e-13,2.7726279e-07
31.5,73.75,3.5501034e-05,3.831041e-08,3.218246e-05,0.0001963734,1.3476459e-05,1.3533963e-06,2.8833134e-05,3.8330145e-05,4.9189995e-05,1.1384434e-05,3.5439977e-11,2.314943e-07
31.5,74.375,2.077741e-05,3.2464033e-08,1.6567274e-05,0.00016332773,6.29876e-06,1.806858e-06,3.0467325e-05,3.0881187e-05,5.851236e-05,5.5795444e-05,2.4433062e-09,8.201408e-08
31.5,75.0,4.6716472e-05,2.689437e-07,2.436005e-05,0.0001421628,2.4122252e-07,2.7203102e-06,3.7767666e-05,3.2107393e-05,5.9725156e-05,0.00020140766,6.391743e-09,2.9290693e-06
31.5,75.625,7.2522256e-05,3.9094417e-07,3.948767e-05,0.00020382037,1.3513242e-06,1.1627686e-05,7.248485e-05,0.0001080984,7.6642136e-05,0.00022755042,3.7562405e-08,8.742832e-06
31.5,76.25,0.000123474,7.3584583e-06,4.435003e-05,0.00027566002,8.692075e-06,5.8354588e-05,0.00020844663,0.00018815219,0.00022025307,0.00011072711,6.442676e-08,3.5774337e-06
31.5,76.875,0.00017212896,2.5200074e-05,7.454703e-05,0.0002709042,8.244712e-05,0.00017003433,0.00053334923,0.00027978816,0.0004371181,0.000102158105,4.33694e-07,2.0947049e-05
31.5,77.5,0.00014909831,8.003981e-05,0.00016604323,0.00046007292,0.0003545119,0.00035154694,0.0007309779,0.00031803836,0.0005070438,6.1905885e-05,1.3285144e-05,5.3655676e-05
31.5,78.125,0.00014554524,0.00011950175,0.0002090244,0.0005477969,0.0003673865,0.0003082124,0.0006575099,0.00026950167,0.00063625776,0.000110782064,1.4745123e-05,8.032294e-05
31.5,78.75,5.112862e-05,5.1461113e-05,0.00010878188,0.0003147266,0.00027040645,0.00018118446,0.00040109816,0.0001458331,0.00038411567,8.6461754e-05,5.029798e-06,4.6679867e-05
31.5,79.375,1.1825026e-05,8.073548e-06,3.4903165e-05,0.00014133206,0.00013391957,7.900667e-05,0.0003801526,9.886016e-05,0.00022372245,3.365256e-05,6.9483156e-07,1.5457179e-05
31.5,80.0,1.342313e-05,6.333096e-06,3.830748e-05,0.00013540105,0.00012473862,5.90209e-05,0.00028296892,0.000100731246,0.000114799725,3.428945e-05,9.0485094e-07,1.2155642e-05
31.5,80.625,2.2106195e-05,1.2836127e-05,4.876329e-05,0.00014629414,0.00014630948,7.3627576e-05,0.00021852965,0.00010505083,8.8245295e-05,5.431968e-05,2.8425388e-06,1.9200801e-05
31.5,81.25,2.6613916e-05,2.4129744e-05,4.554647e-05,0.00012845598,0.00015885998,6.93136e-05,0.00024397855,0.00014027402,0.00011500778,4.6455436e-05,4.962661e-06,1.9955865e-05
32.0,72.5,1.2247867e-05,1.0065266e-07,0.00020043032,3.311695e-05,3.1965008e-06,1.9682225e-06,0.00014450883,2.8204371e-05,2.7486803e-05,1.71253e-05,1.474898e-14,7.98076e-08
32.0,73.125,1.9340148e-05,3.3683634e-07,0.0001585403,6.2072104e-05,2.37706e-06,1.0959892e-06,5.8016238e-05,3.6403988e-05,3.9572697e-05,2.4380486e-05,1.1836754e-14,3.85228e-07
32.0,73.75,6.115681e-05,2.1741344e-07,5.1139967e-05,0.000103807266,3.3934484e-05,1.5133882e-06,4.018331e-05,3.413151e-05,5.384149e-05,2.0086452e-05,2.0025466e-11,2.895106e-07
32.0,74.375,4.0983006e-05,9.199521e-08,3.1143e-05,0.00015451276,2.72266e-05,3.4366317e-06,3.399982e-05,3.7233403e-05,5.9042544e-05,3.4713747e-05,8.439021e-11,2.1419541e-07
32.0,75.0,6.1825696e-05,3.693805e-07,4.0311228e-05,0.00017907392,5.2632623e-07,4.642322e-06,4.4166944e-05,0.00010241654,6.979294e-05,0.00010169361,6.142796e-10,8.908317e-06
32.0,75.625,9.416528e-05,9.244002e-07,5.1263356e-05,0.0002431396,5.6751596e-06,3.801309e-05,0.00011549641,0.00029738696,0.000119698794,0.00015084776,4.8738894e-08,1.9343719e-05
32.0,76.25,0.00014093838,2.5166002e-05,8.107447e-05,0.00041825205,0.00013846866,0.00026281545,0.00052714976,0.0004656322,0.00038269162,0.00012508442,2.2165516e-06,2.01622e-05
32.0,76.875,0.00020177879,8.9862915e-05,0.00017424322,0.00051813823,0.00036421535,0.00042371452,0.0008928872,0.0005261528,0.00053545885,9.951358e-05,1.0648683e-05,5.546705e-05
32.0,77.5,0.00019289543,0.000113349866,0.00025357367,0.0006765558,0.00060842437,0.0005807802,0.0007948154,0.00046907028,0.000556313,8.840682e-05,3.13152e-05,7.9828045e-05
32.0,78.125,9.753679e-05,7.40074e-05,0.00015370469,0.00038409722,0.00032298703,0.00026960697,0.00033558617,0.00022356596,0.0003684168,6.690653e-05,2.4535655e-05,5.5140834e-05
32.0,78.75,2.6313122e-05,2.5262698e-05,4.9449383e-05,0.00017650258,0.00015206134,0.00013105123,0.00021507432,7.8540295e-05,0.0001967964,5.0033883e-05,1.0151812e-05,1.8902969e-05
32.0,79.375,1.8395573e-05,1.371344e-05,3.895058e-05,0.00014787876,8.8779365e-05,8.8983106e-05,0.00022829151,3.9465995e-05,0.00013442562,6.049556e-05,3.052251e-06,1.7577411e-05
32.0,80.0,1.5463866e-05,1.0319544e-05,3.5579273e-05,0.00012205974,8.272754e-05,6.939473e-05,0.00023875326,4.841757e-05,9.7756645e-05,4.141851e-05,1.5132409e-06,1.5924083e-05
32.0,80.625,1.219392e-05,1.0088513e-05,2.325566e-05,7.771089e-05,7.734578e-05,4.9991966e-05,0.00019388486,5.884383e-05,6.826579e-05,2.4252082e-05,1.2773675e-06,1.266938e-05
32.0,81.25,8.585054e-06,9.263527e-06,1.6303644e-05,5.9168156e-05,8.0321704e-05,3.7978516e-05,0.00019381262,7.765009e-05,6.663811e-05,1.6969641e-05,9.024391e-07,9.474356e-06
32.5,72.5,2.042336e-05,8.3069546e-07,0.00027597565,3.7455084e-05,1.9120298e-05,3.4670209e-06,0.00047265794,3.9856826e-05,3.8523474e-05,3.0656363e-05,3.6356118e-12,3.892928e-07
32.5,73.125,3.0262185e-05,2.3842554e-06,0.00015937464,6.796855e-05,4.4872454e-06,1.9276404e-06,0.00014570229,4.1203046e-05,4.8572096e-05,6.807388e-05,3.4657532e-10,4.3305616e-07
32.5,73.75,9.0165e-05,5.092213e-07,7.44254e-05,0.000119216806,1.4294004e-05,2.2216432e-06,4.1183735e-05,3.33707e-05,7.6511526e-05,5.8672347e-05,3.252425e-12,3.6156484e-07
32.5,74.375,8.597072e-05,4.708235e-07,4.7621586e-05,0.00012807384,1.8755882e-05,5.9793847e-06,4.2251042e-05,5.476493e-05,8.835271e-05,5.9815873e-05,1.4897575e-12,1.7440225e-06
32.5,75.0,9.6596996e-05,2.8039435e-06,6.02552e-05,0.00023209203,1.1311611e-05,2.2783703e-05,9.193042e-05,0.00014504952,0.00018164962,6.6838715e-05,3.9271043e-08,2.0943146e-05
32.5,75.625,0.00015172217,2.505852e-05,7.524214e-05,0.00032882663,6.270972e-05,0.00012973549,0.00027101577,0.00037485565,0.00032126656,0.00011690124,3.7064711e-07,5.117334e-05
32.5,76.25,0.00017890024,7.3092066e-05,0.0001532906,0.00047238843,0.00032095064,0.00042086965,0.00083468424,0.0006318669,0.0005387733,0.00012037161,5.088292e-06,5.534214e-05
32.5,76.875,0.00022714237,0.0001420467,0.00025433218,0.00067800854,0.0005024808,0.00052267313,0.0012583983,0.00069027464,0.0005834485,9.539502e-05,1.7624732e-05,9.5934665e-05
32.5,77.5,0.000103007325,7.756545e-05,0.00014464367,0.00035648822,0.00030019032,0.0003113749,0.00072368473,0.00040902328,0.0003548364,6.6768145e-05,1.5261043e-05,5.7333724e-05
32.5,78.125,5.1101488e-05,3.6686546e-05,6.987891e-05,0.00021134227,0.00016151677,0.00015890908,0.0003382548,0.00022932887,0.0001921912,4.3966153e-05,1.15159055e-05,3.1057098e-05
32.5,78.75,3.3201926e-05,3.1426876e-05,5.2062074e-05,0.00016116077,0.000102416605,0.000108575245,0.00024348807,0.0001393112,0.00011300531,3.853742e-05,1.1092906e-05,2.085162e-05
32.5,79.375,1.938741e-05,1.7788383e-05,3.0788415e-05,0.000110277804,7.804645e-05,6.860646e-05,0.00019404771,6.480751e-05,7.1450355e-05,5.2203264e-05,4.188918e-06,1.7664725e-05
32.5,80.0,1.1660746e-05,9.960821e-06,1.9777484e-05,7.9078534e-05,5.730891e-05,4.840616e-05,0.00016973063,3.8207767e-05,4.511374e-05,3.7907164e-05,2.4212957e-06,1.1614879e-05
32.5,80.625,9.689638e-06,9.664942e-06,1.7266546e-05,7.294533e-05,6.376617e-05,4.520246e-05,0.0001938773,3.0618845e-05,4.2379026e-05,2.4877094e-05,1.8096413e-06,1.1428828e-05
32.5,81.25,7.0366596e-06,7.3122274e-06,1.4281586e-05,5.9371672e-05,7.1172944e-05,4.5686615e-05,0.00019713047,4.891488e-05,5.2114407e-05,2.0372358e-05,8.4576806e-07,1.3427373e-05
33.0,72.5,1.8977884e-05,1.789181e-06,0.00021365279,3.2801032e-05,5.8001377e-05,3.4436928e-06,0.0007494971,4.6484536e-05,4.1700034e-05,7.065317e-05,2.4895327e-12,4.8945793e-07
33.0,73.125,4.713115e-05,2.1374792e-06,0.00020171322,5.7177003e-05,7.042684e-06,5.408611e-06,0.00040805142,5.6897712e-05,6.48362e-05,0.00012829264,7.545361e-11,4.901316e-07
33.0,73.75,0.00013339028,2.2123766e-06,0.00015329588,0.00018968839,4.7070216e-06,4.195566e-06,0.00018651575,5.8355577e-05,0.00018243583,0.00016526751,1.5275563e-09,2.726179e-06
33.0,74.375,0.00013583734,9.495609e-06,0.000108788794,0.0002584378,1.5596028e-05,1.4358118e-05,0.00011948712,8.2207036e-05,0.00014394552,0.00022927327,1.3233307e-07,1.4052631e-05
33.0,75.0,0.00015391465,3.4469263e-05,0.00012598967,0.0003295217,9.052876e-05,5.1899464e-05,0.00017437291,0.00018147012,0.00023416008,0.00027048847,4.1246804e-07,4.4399156e-05
33.0,75.625,0.00019136918,6.115882e-05,0.00014128174,0.00042920938,0.00020253967,0.00015439394,0.00036984152,0.00035545958,0.00036339165,0.00018067774,1.6158178e-06,7.412447e-05
33.0,76.25,0.00017532379,0.00012052728,0.00024074345,0.00046214642,0.0003817919,0.00035295065,0.00064764434,0.0005254468,0.00045443774,9.835329e-05,1.5143572e-05,7.784274e-05
33.0,76.875,0.00011643221,9.326893e-05,0.00019037182,0.00038680207,0.00029596637,0.00027916377,0.00079500844,0.00046702084,0.00030752955,6.459922e-05,1.4884519e-05,6.7868845e-05
33.0,77.5,4.7827998e-05,4.0731742e-05,8.872193e-05,0.00019528488,0.00014402863,0.00014155648,0.00057660777,0.0003157906,0.0001530962,3.223657e-05,5.938704e-06,3.6285837e-05
33.0,78.125,4.103286e-05,2.9473242e-05,5.5752193e-05,0.00013373367,8.274271e-05,9.442071e-05,0.00026383426,0.00021861216,7.936782e-05,2.9037692e-05,4.9515434e-06,2.5862582e-05
33.0,78.75,2.8773793e-05,2.0142099e-05,2.7178163e-05,8.780413e-05,4.8736958e-05,6.746827e-05,0.00015633306,0.0001271501,5.5482902e-05,1.9897827e-05,3.6265449e-06,1.6487918e-05
33.0,79.375,1.5983218e-05,1.1873737e-05,1.9490157e-05,7.117535e-05,4.892442e-05,5.6334095e-05,9.042062e-05,8.453289e-05,3.93495e-05,2.3908382e-05,4.6280843e-06,1.5081429e-05
33.0,80.0,1.1680627e-05,9.555989e-06,1.7603948e-05,7.0229646e-05,5.5641744e-05,5.217198e-05,0.00013211323,6.797733e-05,3.5077974e-05,3.417485e-05,4.419663e-06,1.2693796e-05
33.0,80.625,9.426004e-06,8.364345e-06,1.62062e-05,7.234475e-05,6.0260838e-05,5.4966713e-05,0.00017945276,5.078414e-05,4.5082787e-05,2.8199702e-05,3.2376936e-06,1.1424924e-05
33.0,81.25,4.8664497e-06,5.0949e-06,9.067873e-06,5.9309765e-05,5.051249e-05,4.285641e-05,0.00015015206,3.655958e-05,3.770239e-05,2.0651853e-05,1.5117988e-06,1.0882108e-05
33.5,72.5,4.7679925e-05,8.074768e-06,0.0002605738,5.5022203e-05,2.5990132e-05,2.921561e-06,0.0008165803,5.8294063e-05,5.8898677e-05,4.2905653e-05,8.7003446e-11,1.6409502e-06
33.5,73.125,5.9387992e-05,4.13883e-06,0.00022816865,6.640045e-05,6.918841e-06,3.1572697e-06,0.0005538328,6.129893e-05,6.949346e-05,6.549325e-05,2.859667e-10,1.9011801e-06
33.5,73.75,0.00016210756,1.7321467e-05,0.0002188499,0.0001497548,1.2392453e-05,1.0701541e-05,0.00031746653,7.180535e-05,0.00013201035,0.0002075024,1.1616046e-07,1.6358246e-05
33.5,74.375,0.0001970349,7.5592805e-05,0.00025908498,0.00029309167,8.80517e-05,5.6377005e-05,0.000247646,0.00012422966,0.00017845519,0.00036042003,4.532381e-06,5.1381572e-05
33.5,75.0,0.00020032923,0.0001306245,0.00023140748,0.0005090281,0.00018508664,0.00011405903,0.00022938054,0.00018901378,0.00018692041,0.00035428457,7.729625e-06,8.611307e-05
33.5,75.625,0.00018703482,0.00014542634,0.0002614794,0.00055315584,0.00031635872,0.00023598465,0.00032123586,0.00028025213,0.00022150141,0.0002509443,2.3477294e-05,8.7945235e-05
33.5,76.25,0.00013701821,0.00013681011,0.00024939002,0.0004048831,0.00034097294,0.0002851819,0.00039436703,0.0003233492,0.00020645,0.0001076752,3.2833985e-05,8.0764636e-05
33.5,76.875,6.285319e-05,4.5407436e-05,9.302612e-05,0.00021574325,0.00018122936,0.00018004267,0.00032671756,0.00025271217,0.00011199583,4.015435e-05,1.4824714e-05,3.989209e-05
33.5,77.5,5.4671822e-05,2.7728573e-05,6.236141e-05,0.00015653443,0.00010337433,0.0001228569,0.0003180616,0.00021796675,5.896707e-05,2.2097714e-05,6.616425e-06,3.3973385e-05
33.5,78.125,3.884269e-05,3.2730637e-05,7.032864e-05,0.00011163447,7.178029e-05,7.5226635e-05,0.0001881882,0.00016594968,4.3397973e-05,2.2147107e-05,5.0225776e-06,2.820334e-05
33.5,78.75,2.7453401e-05,2.1744385e-05,4.0123523e-05,7.265431e-05,3.6924743e-05,5.4006097e-05,0.00012992609,0.000117604264,3.5077523e-05,1.9017252e-05,3.4664154e-06,2.1640364e-05
33.5,79.375,1.952018e-05,1.3896947e-05,2.1358032e-05,5.7923582e-05,3.515058e-05,4.465523e-05,8.519345e-05,9.070386e-05,3.235279e-05,2.1062564e-05,5.2220057e-06,1.6746388e-05
33.5,80.0,1.1473227e-05,7.744642e-06,1.2684687e-05,5.0150375e-05,3.8272112e-05,3.76973e-05,0.00010252442,7.3409414e-05,2.4660938e-05,2.0771557e-05,3.441634e-06,1.1355899e-05
33.5,80.625,9.35288e-06,7.1012078e-06,1.0720857e-05,5.3652788e-05,4.004655e-05,3.7319638e-05,0.00012133582,7.018534e-05,2.5883435e-05,2.421973e-05,2.2808968e-06,1.1341517e-05
33.5,81.25,9.952637e-06,1.0342125e-05,1.2815101e-05,6.782971e-05,3.9435814e-05,4.0977426e-05,9.57676e-05,6.0383936e-05,3.7533384e-05,3.0589985e-05,1.5280428e-06,1.3838967e-05
34.0,72.5,6.0593564e-05,1.334113e-05,0.0002915481,5.032796e-05,1.05487525e-05,2.0913665e-06,0.00052770594,0.00019416766,0.00016377197,2.0437674e-05,5.722046e-07,6.2759073e-06
34.0,73.125,0.00012402414,3.468201e-05,0.0004233202,0.00024092181,2.4286088e-05,3.2355743e-05,0.0005487637,0.00020249645,0.00023496358,6.7740424e-05,2.079269e-06,1.7810697e-05
34.0,73.75,0.00022098061,7.008929e-05,0.00037735543,0.00024940082,7.4993855e-05,0.00015692678,0.00047501505,0.00014640622,0.00020156702,0.00019628469,9.954885e-06,5.250658e-05
34.0,74.375,0.00020205768,0.00010081987,0.000320072,0.0002300389,0.00012373034,0.00013019006,0.00032017735,0.00010190808,0.000216816,0.00028074742,1.4426436e-05,6.58446e-05
34.0,75.0,0.00012222862,0.00012474196,0.00021125808,0.00035170448,0.00019624265,0.00022727516,0.00031768123,0.00012237047,0.00018679038,0.00020305913,2.3288312e-05,6.482893e-05
34.0,75.625,0.00013538223,0.00017497018,0.00029926415,0.0004733896,0.0003284636,0.00040460416,0.00043713447,0.00021290635,0.00024705217,0.00022718357,4.115019e-05,7.8857476e-05
34.0,76.25,6.7445435e-05,7.4045274e-05,0.00013450404,0.00025890957,0.0002485432,0.00031703187,0.00024378441,0.00015972783,0.00013555674,0.00010719859,2.2683786e-05,4.357921e-05
34.0,76.875,4.2940406e-05,1.8631792e-05,3.976317e-05,0.00013473548,0.00013338616,0.00019686432,0.00014548254,0.000108058506,7.4890915e-05,4.0226645e-05,1.0735446e-05,1.9214698e-05
34.0,77.5,4.6560475e-05,1.964257e-05,4.9234866e-05,0.00013898432,0.000114724004,0.00017358882,0.00019141038,0.00011484637,5.9364313e-05,2.8825298e-05,1.0038251e-05,3.0721527e-05
34.0,78.125,4.1608808e-05,3.782533e-05,7.352837e-05,0.00012923288,8.600391e-05,9.150318e-05,0.00014380497,0.000100152065,4.4168068e-05,3.4369583e-05,9.5821715e-06,2.9114892e-05
34.0,78.75,3.7242044e-05,3.327201e-05,5.5833945e-05,9.4787436e-05,5.8206304e-05,5.937629e-05,0.000109924076,8.706384e-05,3.0126605e-05,2.8485196e-05,6.0813127e-06,2.461839e-05
34.0,79.375,2.819426e-05,1.780656e-05,2.8429527e-05,6.224878e-05,4.50183e-05,5.3294694e-05,8.583243e-05,7.628842e-05,2.4126912e-05,2.0521327e-05,3.8850567e-06,1.888413e-05
34.0,80.0,1.9985053e-05,1.3243523e-05,2.1824459e-05,5.48775e-05,5.064042e-05,5.8428373e-05,9.6701624e-05,8.218659e-05,2.2693568e-05,2.2946964e-05,3.2233336e-06,1.6648295e-05
34.0,80.625,1.5713285e-05,1.1040517e-05,1.6488519e-05,5.214432e-05,5.0263796e-05,5.2467753e-05,0.00011996268,8.008825e-05,2.3114193e-05,2.8947587e-05,2.2066652e-06,1.6149257e-05
34.0,81.25,1.1932278e-05,1.089133e-05,1.563782e-05,5.222148e-05,4.8325284e-05,4.631822e-05,7.061518e-05,7.7549e-05,3.2379616e-05,2.6124466e-05,1.3013046e-06,1.5749292e-05
34.5,72.5,8.766307e-05,8.229766e-05,0.00046494455,0.0001880899,8.187042e-05,2.4634026e-05,0.00064378383,0.0004355982,0.00025241327,3.193503e-05,1.1860537e-05,4.791918e-05
34.5,73.125,0.00014549203,7.1031296e-05,0.00043531257,0.00029784933,3.8187718e-05,5.7788122e-05,0.000546326,0.00030011745,0.00020723621,6.707997e-05,1.1603336e-05,5.200216e-05
34.5,73.75,0.00020841895,0.00013668703,0.00048454799,0.0004467917,9.3452254e-05,7.566079e-05,0.00043375636,0.00019198284,0.00015551648,0.00012646889,1.9074998e-05,9.138588e-05
34.5,74.375,0.00019566774,0.00013327622,0.00037399383,0.0002733382,0.00012556053,0.00013926053,0.0005026909,8.694767e-05,0.000104216284,0.00015594858,1.9421175e-05,9.4428484e-05
34.5,75.0,0.00020467176,0.00021910279,0.00046473526,0.000377208,0.00019972303,0.00030564127,0.00045552422,0.00014256302,0.00014731007,0.00020892838,3.773042e-05,0.00011401496
34.5,75.625,8.1160564e-05,0.0001315885,0.0002285255,0.0002690532,0.00021729997,0.00037041114,0.0003666003,0.00015020226,0.00011733473,0.00015960535,2.4080511e-05,5.1876777e-05
34.5,76.25,3.4738656e-05,4.422643e-05,7.8270736e-05,0.00015601133,0.00017426343,0.00031596867,0.00023829885,8.570583e-05,6.721841e-05,9.819101e-05,1.0923756e-05,2.0783975e-05
34.5,76.875,4.476703e-05,5.652089e-05,0.00011767069,0.00017870234,0.0001437141,0.00023062521,0.00020704382,0.00010323567,7.6970544e-05,7.482766e-05,2.2692964e-05,3.188823e-05
34.5,77.5,3.7393795e-05,3.3396256e-05,6.4807944e-05,0.00012947958,9.9644196e-05,0.0001325705,0.00012242005,5.9236852e-05,3.8892267e-05,4.7148773e-05,1.5091294e-05,2.3873028e-05
34.5,78.125,5.136431e-05,6.6406305e-05,0.00012341664,0.00016343802,0.00010978399,0.00013433013,0.000161323,8.817536e-05,6.208675e-05,5.4031316e-05,2.7636757e-05,4.7112855e-05
34.5,78.75,3.1189433e-05,2.747102e-05,4.453079e-05,7.832842e-05,6.711939e-05,7.181852e-05,9.737714e-05,6.445072e-05,3.2351276e-05,2.3618286e-05,8.832256e-06,2.2697084e-05
34.5,79.375,2.4835399e-05,1.2776546e-05,1.9924884e-05,5.402246e-05,6.0365557e-05,7.2068906e-05,8.0303784e-05,7.000543e-05,3.1830914e-05,1.7634266e-05,2.8776087e-06,1.6454474e-05
34.5,80.0,1.8748713e-05,8.429814e-06,1.5709076e-05,4.7287685e-05,7.061615e-05,6.982931e-05,9.7184784e-05,9.061158e-05,2.671741e-05,1.623478e-05,2.3934583e-06,1.4282722e-05
34.5,80.625,1.3578474e-05,6.2369318e-06,1.3275541e-05,4.1132087e-05,7.11582e-05,6.0329654e-05,0.00011260497,0.00011171007,2.2243585e-05,1.6782951e-05,2.069123e-06,1.3622049e-05
34.5,81.25,9.35622e-06,6.5719023e-06,1.18327025e-05,4.0977193e-05,6.619079e-05,4.5103654e-05,9.507213e-05,0.00012527658,2.152471e-05,1.7466593e-05,1.5842685e-06,1.3704431e-05
35.0,72.5,7.750141e-05,0.00018054087,0.0005444771,0.00034300672,0.00020217983,6.305648e-05,0.00057982845,0.00049674173,0.00032461056,0.00011749704,3.9349645e-05,0.00010167741
35.0,73.125,0.00015043255,0.0001704411,0.0005248631,0.00044616085,0.00015399476,7.6880955e-05,0.00064074836,0.00032707857,0.0003157527,0.00011567704,4.6342855e-05,0.00010268291
35.0,73.75,0.00017553096,0.00021084852,0.00052281114,0.00046224438,0.00032156304,0.00017592321,0.0006706878,0.00029953677,0.00027700752,0.00018838012,5.180554e-05,0.000118173164
35.0,74.375,0.00018684185,0.00020964803,0.0005507796,0.00040457572,0.00027099473,0.00019391744,0.0006069815,0.00021798423,0.00019494165,0.00018976316,3.760098e-05,0.00015282143
35.0,75.0,0.00011489602,0.000121019795,0.00030334064,0.00024757985,0.00015228146,0.00020701262,0.00045831045,0.0001665857,9.1412076e-05,0.00012631522,2.2867696e-05,7.10507e-05
35.0,75.625,7.331667e-05,0.00010300283,0.00018846574,0.000192387,0.00014522723,0.00020613654,0.0003698948,0.0001497011,7.985024e-05,0.0001055126,1.70852e-05,4.2442844e-05
35.0,76.25,4.5481203e-05,0.000103025115,0.00014825411,0.00016222597,0.00013029556,0.0001647252,0.00021123751,9.971e-05,6.980093e-05,7.003879e-05,1.4484426e-05,3.148969e-05
35.0,76.875,3.7958005e-05,0.00011301608,0.00019152493,0.00019483482,0.00013375665,0.00014359727,0.00014368157,0.00010472349,8.768297e-05,8.052081e-05,3.4723005e-05,4.308622e-05
35.0,77.5,4.6858688e-05,7.677042e-05,0.00012816438,0.00014814975,0.00010182128,0.00013240571,0.00012348332,9.898612e-05,6.274454e-05,7.2559844e-05,2.5905381e-05,4.143882e-05
35.0,78.125,3.2059037e-05,3.9167313e-05,6.99201e-05,0.0001010075,8.6650325e-05,0.000120519995,0.00012324443,7.8765326e-05,4.6055167e-05,3.8788072e-05,1.9975996e-05,3.0145824e-05
35.0,78.75,2.6591935e-05,2.279825e-05,2.8370368e-05,5.65433e-05,7.661719e-05,9.795177e-05,0.0001238878,7.096268e-05,3.8016464e-05,2.0807245e-05,9.196958e-06,1.7820097e-05
35.0,79.375,1.5407873e-05,5.0919534e-06,7.4941195e-06,3.0110832e-05,6.6423425e-05,7.805921e-05,9.343636e-05,6.478846e-05,2.8962482e-05,9.635181e-06,1.644193e-06,9.720745e-06
35.0,80.0,1.3407732e-05,3.8411877e-06,8.957482e-06,2.847416e-05,7.385029e-05,7.4201955e-05,0.00010115835,7.293852e-05,2.5691379e-05,1.0932342e-05,1.0992524e-06,8.411092e-06
35.0,80.625,1.5083501e-05,1.0391086e-05,1.783127e-05,4.4981625e-05,8.213495e-05,8.101116e-05,0.00014251693,0.00013596885,3.543926e-05,2.1849359e-05,4.2865254e-06,1.5075887e-05
35.0,81.25,1.1077303e-05,8.107884e-06,1.264746e-05,3.8365386e-05,7.464194e-05,7.275689e-05,0.00014727944,0.00016649895,3.2819204e-05,1.700952e-05,3.7948812e-06,1.2366973e-05
35.5,72.5,6.160453e-05,0.00020486783,0.000567464,0.0003264682,0.0002903645,4.6560748e-05,0.00020677921,0.00024132358,0.00019686522,0.00018173334,5.1252082e-05,0.00011136938
35.5,73.125,6.838585e-05,0.00013362998,0.0003931286,0.0002849381,0.0001429314,2.3728164e-05,0.00019090307,9.263778e-05,0.00013583104,0.00011733349,2.7103055e-05,6.722546e-05
35.5,73.75,5.8897003e-05,3.8547212e-05,0.00015656576,0.00013585147,7.5732496e-05,2.1908525e-05,0.00019112468,7.70668e-05,0.00011112443,7.4130956e-05,9.422373e-06,3.5866728e-05
35.5,74.375,6.0744806e-05,3.3275726e-05,0.00014010377,0.00013368139,0.000104865496,0.00010463319,0.0002848694,0.00012186804,0.000119649325,0.000104479856,9.1721595e-06,5.0408897e-05
35.5,75.0,6.2065155e-05,5.2827596e-05,0.00017896068,0.00016708624,0.00012584098,0.00018956528,0.00032808832,0.0001690138,0.00012218188,0.00011235558,1.8039955e-05,4.761038e-05
35.5,75.625,4.0360792e-05,5.9962862e-05,0.00015175455,0.00012695565,8.79879e-05,0.0001345998,0.0002660484,0.00014054243,0.00010005318,7.411845e-05,2.2255803e-05,3.840793e-05
35.5,76.25,6.2700725e-05,0.00015620698,0.00027203158,0.00016779968,0.000110851244,0.00013438489,0.00019210376,0.00014964418,8.949823e-05,0.0001314427,5.4350083e-05,5.5013035e-05
35.5,76.875,5.032701e-05,0.00012810205,0.00019174453,0.00013904703,0.00010441264,0.00011701228,0.000119337776,0.0001265113,6.933929e-05,0.000105911844,4.248855e-05,5.1283223e-05
35.5,77.5,2.9532408e-05,5.3947064e-05,7.57752e-05,8.64295e-05,8.403331e-05,0.000108708744,0.00011784634,9.7652715e-05,4.9947143e-05,5.0260565e-05,1.9355255e-05,2.6234133e-05
35.5,78.125,2.6023727e-05,2.0414087e-05,2.8883092e-05,5.2388044e-05,7.764421e-05,9.1122456e-05,0.000104543666,8.363918e-05,3.516939e-05,2.3912557e-05,4.8063494e-06,1.4152866e-05
35.5,78.75,1.5828826e-05,1.3616665e-05,2.1235117e-05,5.0672574e-05,0.000100209305,9.296372e-05,0.00014669518,9.03945e-05,3.5382567e-05,1.8874294e-05,3.4222999e-06,1.1762581e-05
35.5,79.375,1.3205519e-05,8.665127e-06,1.7641903e-05,5.5587923e-05,8.77176e-05,9.332304e-05,0.00015297001,9.965905e-05,4.149224e-05,1.9017345e-05,3.2711575e-06,8.913115e-06
35.5,80.0,1.8557384e-05,1.7655393e-05,3.102751e-05,6.957707e-05,8.839164e-05,0.00010360773,0.00015537892,9.6451884e-05,5.2360316e-05,3.0165173e-05,7.3710057e-06,1.631865e-05
35.5,80.625,1.6333317e-05,1.7409166e-05,3.135613e-05,7.046272e-05,0.00010487243,0.00013057819,0.00021354445,0.00011508548,4.5123907e-05,3.0941406e-05,1.1339967e-05,1.9559599e-05
35.5,81.25,1.1075843e-05,1.4165416e-05,2.5775618e-05,6.767424e-05,9.703442e-05,0.00014777516,0.00024536147,0.00014878206,4.279532e-05,2.689135e-05,1.5518244e-05,1.663911e-05
36.0,72.5,2.295721e-05,0.000112628986,0.0002504227,0.00015616103,0.00022021975,3.305268e-05,8.417353e-05,0.0001069438,3.7808928e-05,0.00010520274,3.705732e-05,5.4054995e-05
36.0,73.125,3.9247006e-05,0.00010824102,0.00030149557,0.00018552747,0.0002427213,4.4321754e-05,8.227125e-05,6.354392e-05,3.939785e-05,0.00011841892,2.620749e-05,6.0827737e-05
36.0,73.75,5.6598332e-05,0.00013791067,0.0003743679,0.0001911061,0.00016742689,3.9541574e-05,8.3443585e-05,0.00010308024,7.5430224e-05,0.000116569856,3.61702e-05,6.738753e-05
36.0,74.375,6.368959e-05,0.00013971947,0.00035258752,0.00017142152,0.00012239769,0.000102428916,9.74178e-05,0.0001552045,8.085046e-05,0.00013363353,3.9908202e-05,8.733191e-05
36.0,75.0,7.4064475e-05,0.00016661614,0.00034039907,0.00018380261,0.00011703851,0.00014390958,0.00014300978,0.00016840019,9.040869e-05,0.00017420227,5.680249e-05,8.4418585e-05
36.0,75.625,8.854571e-05,0.00018293307,0.00033737122,0.0001932405,0.00012216078,0.00013919496,0.00016615096,0.0001901091,0.000100013836,0.00017866053,7.2721195e-05,8.470591e-05
36.0,76.25,4.580299e-05,8.680578e-05,0.00015227252,0.000103594015,8.70433e-05,0.00011020612,0.00012470703,0.00013856294,5.821492e-05,0.00010677713,3.404407e-05,4.5143348e-05
36.0,76.875,2.2996328e-05,4.058839e-05,6.061226e-05,5.9437443e-05,8.7650056e-05,9.816786e-05,0.00010983255,0.00010042494,3.0312805e-05,5.311406e-05,1.083926e-05,1.8217863e-05
36.0,77.5,1.3318007e-05,2.440983e-05,2.1621165e-05,3.2116906e-05,7.399628e-05,8.119538e-05,0.000104216895,8.1667604e-05,2.9345969e-05,2.7596032e-05,2.9858109e-06,7.597892e-06
36.0,78.125,7.3369197e-06,1.7055618e-05,2.025802e-05,4.974331e-05,0.000107411826,0.00011348443,0.00016175726,0.00011143887,5.1766503e-05,3.2497413e-05,4.083397e-06,9.791796e-06
36.0,78.75,8.192273e-06,1.0400067e-05,2.3674582e-05,6.2382074e-05,0.00011571717,0.00014525208,0.0001981115,0.00013128151,7.320983e-05,2.9314218e-05,7.1793775e-06,9.321129e-06
36.0,79.375,1.5418877e-05,1.1523295e-05,3.1517287e-05,8.653387e-05,0.00014402613,0.00021113303,0.00026402873,0.00016270146,7.95602e-05,3.0580813e-05,9.903019e-06,1.1041348e-05
36.0,80.0,8.35743e-06,6.748561e-06,3.479251e-05,7.293409e-05,0.00013287734,0.00022014778,0.00026111506,0.0001446748,5.764531e-05,1.624295e-05,1.14572495e-05,8.52044e-06
36.0,80.625,7.074104e-06,6.756314e-06,3.7864596e-05,7.003115e-05,0.00013287415,0.00021483183,0.00026715433,0.00012634335,4.175082e-05,1.4371825e-05,1.2963831e-05,1.0463923e-05
36.0,81.25,5.8317564e-06,8.6012415e-06,4.2765576e-05,8.1526894e-05,0.00015070321,0.00024820407,0.00031425344,0.00014383404,2.9429842e-05,1.8069079e-05,1.49556245e-05,1.2341558e-05
36.5,72.5,2.3340392e-05,8.8686866e-05,0.00017278192,0.0001335546,0.00010513487,1.5360472e-05,3.6972044e-05,4.04527e-05,7.315671e-07,6.619282e-05,3.394033e-05,5.391273e-05
36.5,73.125,2.3845681e-05,9.4587405e-05,0.00019411427,0.00012514925,0.00013916918,2.1736272e-05,4.7332975e-05,4.179802e-05,2.8536738e-06,7.297336e-05,3.3757435e-05,4.5412486e-05
36.5,73.75,2.9910696e-05,9.752622e-05,0.00022347375,0.00010904577,9.282804e-05,2.5822035e-05,4.667831e-05,6.01263e-05,2.0037494e-05,7.9133315e-05,3.59815e-05,3.551837e-05
36.5,74.375,4.601361e-05,0.00013111168,0.0002893122,0.00013077591,0.000117022544,4.030447e-05,7.001329e-05,0.00011355242,5.828106e-05,0.0001045115,5.2808256e-05,5.952305e-05
36.5,75.0,4.3890952e-05,9.827365e-05,0.00020363065,0.00011045726,9.900661e-05,6.171657e-05,9.448661e-05,0.00012955451,6.8909205e-05,0.000118785,4.0723226e-05,5.0163606e-05
36.5,75.625,2.8843337e-05,6.3621206e-05,0.00012367402,8.501488e-05,0.000101596444,9.018861e-05,0.000109089604,0.00011452224,5.9204023e-05,9.157332e-05,2.4903195e-05,3.321494e-05
36.5,76.25,1.1482184e-05,2.3622479e-05,4.3675787e-05,6.234511e-05,0.00010116881,0.00012127452,0.00012184943,0.00012259762,4.953147e-05,5.586148e-05,7.166392e-06,2.0547199e-05
36.5,76.875,8.325966e-06,1.6807917e-05,3.3380005e-05,6.9763984e-05,0.00012447183,0.00013550573,0.00017277425,0.00014319012,4.2988373e-05,6.160955e-05,9.629183e-06,2.0871668e-05
36.5,77.5,2.2339553e-05,2.9801093e-05,4.9536204e-05,0.00010259323,0.00012898722,0.00016211424,0.00020548303,0.00016174652,6.546014e-05,6.252678e-05,1.629391e-05,2.290812e-05
36.5,78.125,1.4515571e-05,1.5526095e-05,3.0357838e-05,0.00010213732,0.00014608499,0.00020814202,0.0002621714,0.00019381977,6.980115e-05,4.748644e-05,1.1993422e-05,1.5332422e-05
36.5,78.75,1.636161e-05,2.1714133e-05,4.2137704e-05,9.3871175e-05,0.00014182701,0.00022604325,0.0002913893,0.0001876612,6.5575e-05,4.2791962e-05,1.569105e-05,1.3757713e-05
36.5,79.375,1.2666627e-05,1.0836281e-05,4.8472502e-05,6.714946e-05,9.94298e-05,0.00015762626,0.00019139891,0.0001509937,3.4491422e-05,1.8791088e-05,2.0178955e-05,4.6012174e-06
36.5,80.0,1.1488798e-05,1.9025709e-05,6.627689e-05,7.624696e-05,9.8807264e-05,0.00013718613,0.00018012978,0.00017966182,5.5028097e-05,2.7169464e-05,2.4290643e-05,4.827928e-06
36.5,80.625,6.8613344e-06,2.139161e-05,6.343419e-05,4.98142e-05,0.00010020979,0.00010152622,0.00014605882,0.00011482653,3.5882873e-05,2.0346813e-05,2.2344697e-05,2.9913401e-06
36.5,81.25,4.897256e-06,1.4986651e-05,4.421679e-05,2.4391815e-05,0.00012019905,6.236498e-05,9.7146905e-05,4.6423214e-05,7.2582693e-06,6.5205295e-06,8.725863e-06,5.425123e-07
37.0,72.5,2.836686e-05,7.616546e-05,0.00020618082,0.00011557869,8.592654e-05,2.51102e-05,6.0733455e-05,3.2853724e-05,1.5938483e-07,7.232227e-05,4.0765983e-05,5.970796e-05
37.0,73.125,2.6402737e-05,8.627115e-05,0.0001995046,0.00011562729,8.140261e-05,2.9176064e-05,5.0822626e-05,4.009555e-05,3.137149e-07,7.355259e-05,4.1202646e-05,5.48687e-05
37.0,73.75,3.884866e-05,0.00011283736,0.00020990512,0.000113106384,8.0379876e-05,3.695378e-05,6.199724e-05,6.192523e-05,4.9526366e-06,7.198134e-05,4.6095873e-05,3.8897542e-05
37.0,74.375,3.3320295e-05,8.6675595e-05,0.00017165868,8.8056106e-05,9.811629e-05,4.8353308e-05,6.69826e-05,8.624153e-05,1.86232e-05,7.2386814e-05,4.135803e-05,3.3806245e-05
37.0,75.0,3.0187633e-05,6.837812e-05,0.00013296034,7.8809186e-05,0.000116931835,7.487648e-05,8.992012e-05,0.00010797517,3.4404904e-05,7.081946e-05,3.308813e-05,3.03568e-05
37.0,75.625,1.7921731e-05,4.5422024e-05,7.250191e-05,7.336789e-05,0.00011380996,0.00010544484,0.00011404699,0.000112069334,4.2037813e-05,6.824659e-05,2.1812251e-05,2.1654138e-05
37.0,76.25,1.6102305e-05,4.221045e-05,5.822628e-05,8.479e-05,0.00015014898,0.00017344182,0.00017830313,0.00014752215,6.0088845e-05,6.687558e-05,2.0431084e-05,2.8685023e-05
37.0,76.875,1.39776075e-05,3.163113e-05,4.5152075e-05,9.974699e-05,0.00012851921,0.00015819237,0.00017391564,0.0001346772,3.450431e-05,4.3100317e-05,2.1499614e-05,3.4659308e-05
37.0,77.5,1.4249305e-05,3.081159e-05,6.1131155e-05,0.00013468537,0.0001530423,0.00018462955,0.00018540592,0.00014356575,3.1719042e-05,4.3323627e-05,2.606639e-05,3.0225312e-05
37.0,78.125,9.561712e-06,2.3287505e-05,4.5523706e-05,0.000115616844,0.000116498224,0.00014544572,0.00019653898,0.00015579368,3.493223e-05,3.940515e-05,1.6148815e-05,1.9982383e-05
37.0,78.75,1.4297505e-05,2.2272076e-05,3.857112e-05,0.00011360163,9.00779e-05,9.7834236e-05,0.00016644342,0.00014132528,2.1549567e-05,3.0666124e-05,2.3115093e-05,5.5050727e-06
37.0,79.375,1.1975077e-05,2.9093115e-05,2.8083192e-05,6.2932806e-05,9.202715e-05,7.345326e-05,9.842587e-05,0.0001667624,1.3892971e-05,2.0913705e-05,3.2177235e-05,1.4143956e-06
37.0,80.0,1.9941574e-06,1.9800678e-05,1.1024746e-05,2.6775884e-05,4.9914714e-05,3.9258703e-05,4.5062578e-05,0.00016789159,1.5557369e-05,7.782019e-06,2.0403171e-05,8.923103e-08
37.0,80.625,9.1044484e-08,2.1987093e-05,5.6932386e-06,1.4162912e-05,3.9932696e-05,1.37510115e-05,3.79061e-05,6.507633e-05,1.056861e-05,3.3806466e-06,9.085866e-06,9.271298e-09
37.0,81.25,8.640383e-07,2.3616414e-05,8.026665e-06,8.926931e-06,6.302262e-05,7.642641e-06,4.024876e-05,1.3114153e-05,7.035104e-06,1.42031e-06,8.945269e-06,3.50046e-08
